,Op name,Op type,Is parameter,Is input,Is output,Variable name,Noise:Signal Power Ratio,Noise Mean,Noise Std,Noise Skewness,Noise Kurtosis,Noise Hist,Noise Max,Noise Min,Quantized Mean,Quantized Std,Quantized Skewness,Quantized Kurtosis,Quantized Hist,Quantized Max,Quantized Min,Float Mean,Float Std,Float Skewness,Float Kurtosis,Float Hist,Float Max,Float Min
0,/features/features.0/features.0.0/Conv,Conv,False,True,False,input.1,1.5375209841295145e-05,2.0799081539735198e-05,0.0022613266482949257,-0.014617623761296272,-1.2011027336120605,"[250.0, 277.0, 309.0, 265.0, 262.0, 334.0, 306.0, 274.0, 253.0, 300.0, 272.0, 273.0, 280.0, 306.0, 292.0, 293.0, 284.0, 292.0, 295.0, 289.0, 307.0, 305.0, 264.0, 290.0, 296.0, 289.0, 296.0, 301.0, 311.0, 268.0, 283.0, 300.0]",0.00392034649848938,-0.0039498209953308105,0.4991890490055084,0.2888047695159912,0.0026093621272593737,-1.209916591644287,"[258.0, 289.0, 277.0, 288.0, 281.0, 307.0, 283.0, 321.0, 302.0, 290.0, 282.0, 305.0, 253.0, 290.0, 276.0, 279.0, 306.0, 282.0, 288.0, 294.0, 278.0, 272.0, 303.0, 287.0, 285.0, 314.0, 289.0, 324.0, 288.0, 256.0, 260.0, 309.0]",0.9959784150123596,0.0,0.4991682469844818,0.28882408142089844,0.0027216961607337,-1.2095701694488525,"[296.0, 287.0, 273.0, 285.0, 293.0, 296.0, 279.0, 333.0, 286.0, 298.0, 282.0, 304.0, 247.0, 283.0, 275.0, 281.0, 307.0, 278.0, 284.0, 306.0, 268.0, 274.0, 303.0, 282.0, 282.0, 314.0, 291.0, 320.0, 288.0, 254.0, 258.0, 309.0]",0.9999282360076904,0.0002219676971435547
1,/features/features.0/features.0.0/Conv,Conv,True,True,False,onnx::Conv_538,3.684608964249492e-05,-2.576458064140752e-05,0.0003717078943736851,-0.2775077819824219,2.6904993057250977,"[18.0, 27.0, 117.0, 27.0, 27.0, 63.0, 54.0, 108.0, 171.0, 36.0, 162.0, 288.0, 378.0, 630.0, 504.0, 909.0, 3114.0, 693.0, 423.0, 306.0, 342.0, 243.0, 108.0, 144.0, 99.0, 72.0, 36.0, 9.0, 45.0, 18.0, 0.0, 45.0]",0.0013789646327495575,-0.0014222264289855957,0.0024120525922626257,0.06132548674941063,0.5731865763664246,8.640012741088867,"[9.0, 0.0, 18.0, 9.0, 0.0, 0.0, 0.0, 18.0, 27.0, 36.0, 81.0, 144.0, 180.0, 198.0, 279.0, 792.0, 3321.0, 2241.0, 792.0, 288.0, 234.0, 171.0, 81.0, 18.0, 90.0, 63.0, 9.0, 27.0, 0.0, 36.0, 27.0, 27.0]",0.3221355974674225,-0.36408886313438416,0.0024378173984587193,0.06133440136909485,0.5842981338500977,8.655356407165527,"[9.0, 0.0, 27.0, 0.0, 0.0, 0.0, 0.0, 18.0, 27.0, 36.0, 81.0, 153.0, 189.0, 207.0, 270.0, 810.0, 3915.0, 1683.0, 738.0, 324.0, 180.0, 171.0, 81.0, 45.0, 63.0, 63.0, 9.0, 27.0, 0.0, 36.0, 27.0, 27.0]",0.32340386509895325,-0.36266663670539856
2,/features/features.0/features.0.0/Conv,Conv,True,True,False,onnx::Conv_539,0.0,0.0,0.0,,,"[0.0, 0.0, 0.0, 0.0, 0.0, 0.0, 0.0, 0.0, 0.0, 0.0, 0.0, 0.0, 0.0, 0.0, 0.0, 0.0, 9216.0, 0.0, 0.0, 0.0, 0.0, 0.0, 0.0, 0.0, 0.0, 0.0, 0.0, 0.0, 0.0, 0.0, 0.0, 0.0]",0.0,0.0,0.21741391718387604,0.3772919178009033,0.0531495176255703,-0.8425009250640869,"[288.0, 0.0, 288.0, 288.0, 576.0, 0.0, 0.0, 0.0, 576.0, 576.0, 1440.0, 0.0, 288.0, 0.0, 0.0, 0.0, 576.0, 0.0, 576.0, 576.0, 288.0, 864.0, 0.0, 576.0, 576.0, 288.0, 0.0, 0.0, 0.0, 0.0, 0.0, 576.0]",0.9677531719207764,-0.4873826801776886,0.21741391718387604,0.3772919178009033,0.0531495176255703,-0.8425009250640869,"[288.0, 0.0, 288.0, 288.0, 576.0, 0.0, 0.0, 0.0, 576.0, 576.0, 1440.0, 0.0, 288.0, 0.0, 0.0, 0.0, 576.0, 0.0, 576.0, 576.0, 288.0, 864.0, 0.0, 576.0, 576.0, 288.0, 0.0, 0.0, 0.0, 0.0, 0.0, 576.0]",0.9677531719207764,-0.4873826801776886
3,/features/features.0/features.0.0/Conv,Conv,False,False,True,/features/features.0/features.0.0/Conv_output_0,1.2111875548725948e-05,-0.000409307045629248,0.0015770815080031753,-2.4756457805633545,9.647547721862793,"[2.0, 4.0, 8.0, 5.0, 18.0, 27.0, 27.0, 42.0, 37.0, 37.0, 40.0, 38.0, 39.0, 60.0, 50.0, 81.0, 103.0, 155.0, 295.0, 486.0, 928.0, 2655.0, 2704.0, 638.0, 360.0, 159.0, 93.0, 70.0, 26.0, 15.0, 10.0, 4.0]",0.004933297634124756,-0.010887682437896729,0.20312348008155823,0.42147693037986755,-0.1548614501953125,-0.7255837917327881,"[8.0, 39.0, 98.0, 128.0, 76.0, 143.0, 293.0, 268.0, 180.0, 286.0, 251.0, 207.0, 318.0, 1722.0, 175.0, 180.0, 169.0, 169.0, 400.0, 632.0, 586.0, 639.0, 521.0, 534.0, 446.0, 105.0, 39.0, 257.0, 97.0, 249.0, 0.0, 1.0]",1.178484559059143,-0.8754231929779053,0.20353277027606964,0.42160940170288086,-0.1544552445411682,-0.7273674011230469,"[8.0, 39.0, 102.0, 123.0, 77.0, 141.0, 293.0, 269.0, 183.0, 285.0, 251.0, 227.0, 304.0, 1716.0, 171.0, 180.0, 170.0, 168.0, 413.0, 622.0, 590.0, 635.0, 528.0, 526.0, 449.0, 102.0, 39.0, 260.0, 96.0, 248.0, 0.0, 1.0]",1.1795477867126465,-0.8750683069229126
4,/features/features.0/features.0.2/Clip,Clip,False,True,False,/features/features.0/features.0.0/Conv_output_0,1.2111875548725948e-05,-0.000409307045629248,0.0015770815080031753,-2.4756457805633545,9.647547721862793,"[2.0, 4.0, 8.0, 5.0, 18.0, 27.0, 27.0, 42.0, 37.0, 37.0, 40.0, 38.0, 39.0, 60.0, 50.0, 81.0, 103.0, 155.0, 295.0, 486.0, 928.0, 2655.0, 2704.0, 638.0, 360.0, 159.0, 93.0, 70.0, 26.0, 15.0, 10.0, 4.0]",0.004933297634124756,-0.010887682437896729,0.20312348008155823,0.42147693037986755,-0.1548614501953125,-0.7255837917327881,"[8.0, 39.0, 98.0, 128.0, 76.0, 143.0, 293.0, 268.0, 180.0, 286.0, 251.0, 207.0, 318.0, 1722.0, 175.0, 180.0, 169.0, 169.0, 400.0, 632.0, 586.0, 639.0, 521.0, 534.0, 446.0, 105.0, 39.0, 257.0, 97.0, 249.0, 0.0, 1.0]",1.178484559059143,-0.8754231929779053,0.20353277027606964,0.42160940170288086,-0.1544552445411682,-0.7273674011230469,"[8.0, 39.0, 102.0, 123.0, 77.0, 141.0, 293.0, 269.0, 183.0, 285.0, 251.0, 227.0, 304.0, 1716.0, 171.0, 180.0, 170.0, 168.0, 413.0, 622.0, 590.0, 635.0, 528.0, 526.0, 449.0, 102.0, 39.0, 260.0, 96.0, 248.0, 0.0, 1.0]",1.1795477867126465,-0.8750683069229126
5,/features/features.0/features.0.2/Clip,Clip,True,True,False,/features/features.0/features.0.2/Constant_output_0,0.0,0.0,0.0,,,"[0.0, 0.0, 0.0, 0.0, 0.0, 0.0, 0.0, 0.0, 0.0, 0.0, 0.0, 0.0, 0.0, 0.0, 0.0, 0.0, 9216.0, 0.0, 0.0, 0.0, 0.0, 0.0, 0.0, 0.0, 0.0, 0.0, 0.0, 0.0, 0.0, 0.0, 0.0, 0.0]",0.0,0.0,0.0,0.0,,,"[0.0, 0.0, 0.0, 0.0, 0.0, 0.0, 0.0, 0.0, 0.0, 0.0, 0.0, 0.0, 0.0, 0.0, 0.0, 0.0, 9216.0, 0.0, 0.0, 0.0, 0.0, 0.0, 0.0, 0.0, 0.0, 0.0, 0.0, 0.0, 0.0, 0.0, 0.0, 0.0]",0.0,0.0,0.0,0.0,,,"[0.0, 0.0, 0.0, 0.0, 0.0, 0.0, 0.0, 0.0, 0.0, 0.0, 0.0, 0.0, 0.0, 0.0, 0.0, 0.0, 9216.0, 0.0, 0.0, 0.0, 0.0, 0.0, 0.0, 0.0, 0.0, 0.0, 0.0, 0.0, 0.0, 0.0, 0.0, 0.0]",0.0,0.0
6,/features/features.0/features.0.2/Clip,Clip,True,True,False,/features/features.0/features.0.2/Constant_1_output_0,0.6814455389976501,-4.952982425689697,0.0,,,"[0.0, 0.0, 0.0, 0.0, 0.0, 0.0, 0.0, 0.0, 0.0, 0.0, 0.0, 0.0, 0.0, 0.0, 0.0, 0.0, 9216.0, 0.0, 0.0, 0.0, 0.0, 0.0, 0.0, 0.0, 0.0, 0.0, 0.0, 0.0, 0.0, 0.0, 0.0, 0.0]",-4.952982425689697,-4.952982425689697,1.0470179319381714,2.3843151097935333e-07,-0.9998371601104736,-2.0002174377441406,"[0.0, 0.0, 0.0, 0.0, 0.0, 0.0, 0.0, 0.0, 0.0, 0.0, 0.0, 0.0, 0.0, 0.0, 0.0, 0.0, 9216.0, 0.0, 0.0, 0.0, 0.0, 0.0, 0.0, 0.0, 0.0, 0.0, 0.0, 0.0, 0.0, 0.0, 0.0, 0.0]",1.0470176935195923,1.0470176935195923,6.0,0.0,,,"[0.0, 0.0, 0.0, 0.0, 0.0, 0.0, 0.0, 0.0, 0.0, 0.0, 0.0, 0.0, 0.0, 0.0, 0.0, 0.0, 9216.0, 0.0, 0.0, 0.0, 0.0, 0.0, 0.0, 0.0, 0.0, 0.0, 0.0, 0.0, 0.0, 0.0, 0.0, 0.0]",6.0,6.0
7,/features/features.0/features.0.2/Clip,Clip,False,False,True,/features/features.0/features.0.2/Clip_output_0,4.6141300117596984e-05,-0.0003503257466945797,0.0028627377469092607,-11.192641258239746,493.1854248046875,"[1.0, 0.0, 0.0, 0.0, 0.0, 0.0, 0.0, 0.0, 0.0, 0.0, 0.0, 0.0, 0.0, 0.0, 0.0, 0.0, 0.0, 0.0, 0.0, 0.0, 0.0, 0.0, 0.0, 0.0, 0.0, 0.0, 0.0, 63.0, 290.0, 2607.0, 5942.0, 313.0]",0.00823955237865448,-0.1325300931930542,0.29126226902008057,0.30828630924224854,0.6073108911514282,-0.8230912685394287,"[4027.0, 72.0, 107.0, 99.0, 95.0, 79.0, 87.0, 87.0, 106.0, 202.0, 303.0, 375.0, 230.0, 298.0, 344.0, 337.0, 294.0, 266.0, 241.0, 289.0, 297.0, 208.0, 86.0, 41.0, 18.0, 22.0, 34.0, 202.0, 103.0, 17.0, 173.0, 77.0]",1.0470176935195923,0.0,0.2916125953197479,0.30858609080314636,0.6064619421958923,-0.8243675231933594,"[4040.0, 97.0, 117.0, 108.0, 92.0, 96.0, 101.0, 115.0, 249.0, 365.0, 336.0, 306.0, 367.0, 379.0, 336.0, 307.0, 266.0, 330.0, 313.0, 175.0, 60.0, 28.0, 21.0, 33.0, 227.0, 87.0, 41.0, 204.0, 19.0, 0.0, 0.0, 1.0]",1.1795477867126465,0.0
8,/features/features.1/conv/conv.0/conv.0.0/Conv,Conv,False,True,False,/features/features.0/features.0.2/Clip_output_0,4.6141300117596984e-05,-0.0003503257466945797,0.0028627377469092607,-11.192641258239746,493.1854248046875,"[1.0, 0.0, 0.0, 0.0, 0.0, 0.0, 0.0, 0.0, 0.0, 0.0, 0.0, 0.0, 0.0, 0.0, 0.0, 0.0, 0.0, 0.0, 0.0, 0.0, 0.0, 0.0, 0.0, 0.0, 0.0, 0.0, 0.0, 63.0, 290.0, 2607.0, 5942.0, 313.0]",0.00823955237865448,-0.1325300931930542,0.29126226902008057,0.30828630924224854,0.6073108911514282,-0.8230912685394287,"[4027.0, 72.0, 107.0, 99.0, 95.0, 79.0, 87.0, 87.0, 106.0, 202.0, 303.0, 375.0, 230.0, 298.0, 344.0, 337.0, 294.0, 266.0, 241.0, 289.0, 297.0, 208.0, 86.0, 41.0, 18.0, 22.0, 34.0, 202.0, 103.0, 17.0, 173.0, 77.0]",1.0470176935195923,0.0,0.2916125953197479,0.30858609080314636,0.6064619421958923,-0.8243675231933594,"[4040.0, 97.0, 117.0, 108.0, 92.0, 96.0, 101.0, 115.0, 249.0, 365.0, 336.0, 306.0, 367.0, 379.0, 336.0, 307.0, 266.0, 330.0, 313.0, 175.0, 60.0, 28.0, 21.0, 33.0, 227.0, 87.0, 41.0, 204.0, 19.0, 0.0, 0.0, 1.0]",1.1795477867126465,0.0
9,/features/features.1/conv/conv.0/conv.0.0/Conv,Conv,True,True,False,onnx::Conv_541,4.115267438464798e-05,-0.0014223570469766855,0.011845593340694904,-0.09372695535421371,5.862071990966797,"[36.0, 0.0, 0.0, 0.0, 54.0, 0.0, 54.0, 36.0, 36.0, 180.0, 63.0, 270.0, 333.0, 297.0, 873.0, 981.0, 3249.0, 1314.0, 495.0, 63.0, 333.0, 171.0, 171.0, 99.0, 18.0, 0.0, 0.0, 0.0, 0.0, 45.0, 0.0, 45.0]",0.05448007583618164,-0.059108734130859375,0.008276293985545635,1.8570187091827393,-0.16379526257514954,14.916696548461914,"[18.0, 0.0, 0.0, 0.0, 0.0, 0.0, 0.0, 0.0, 0.0, 0.0, 0.0, 126.0, 72.0, 72.0, 9.0, 180.0, 288.0, 729.0, 5121.0, 1503.0, 531.0, 126.0, 63.0, 63.0, 144.0, 27.0, 0.0, 63.0, 18.0, 54.0, 0.0, 9.0]",10.639642715454102,-15.131936073303223,0.00969866942614317,1.8597761392593384,-0.13912251591682434,14.788520812988281,"[18.0, 0.0, 0.0, 0.0, 0.0, 0.0, 0.0, 0.0, 0.0, 0.0, 0.0, 126.0, 72.0, 72.0, 9.0, 180.0, 297.0, 765.0, 5103.0, 1476.0, 531.0, 126.0, 63.0, 63.0, 144.0, 27.0, 0.0, 63.0, 0.0, 72.0, 0.0, 9.0]",10.617989540100098,-15.072827339172363
10,/features/features.1/conv/conv.0/conv.0.0/Conv,Conv,True,True,False,onnx::Conv_542,0.0,0.0,0.0,,,"[0.0, 0.0, 0.0, 0.0, 0.0, 0.0, 0.0, 0.0, 0.0, 0.0, 0.0, 0.0, 0.0, 0.0, 0.0, 0.0, 9216.0, 0.0, 0.0, 0.0, 0.0, 0.0, 0.0, 0.0, 0.0, 0.0, 0.0, 0.0, 0.0, 0.0, 0.0, 0.0]",0.0,0.0,0.42253947257995605,0.758437991142273,2.559629201889038,8.687458038330078,"[864.0, 576.0, 0.0, 2880.0, 0.0, 1152.0, 576.0, 0.0, 288.0, 1728.0, 576.0, 0.0, 0.0, 0.0, 0.0, 288.0, 0.0, 0.0, 0.0, 0.0, 0.0, 0.0, 0.0, 0.0, 0.0, 0.0, 0.0, 0.0, 0.0, 0.0, 0.0, 288.0]",3.7314860820770264,-0.4123309552669525,0.42253947257995605,0.758437991142273,2.559629201889038,8.687458038330078,"[864.0, 576.0, 0.0, 2880.0, 0.0, 1152.0, 576.0, 0.0, 288.0, 1728.0, 576.0, 0.0, 0.0, 0.0, 0.0, 288.0, 0.0, 0.0, 0.0, 0.0, 0.0, 0.0, 0.0, 0.0, 0.0, 0.0, 0.0, 0.0, 0.0, 0.0, 0.0, 288.0]",3.7314860820770264,-0.4123309552669525
11,/features/features.1/conv/conv.0/conv.0.0/Conv,Conv,False,False,True,/features/features.1/conv/conv.0/conv.0.0/Conv_output_0,0.0005915160290896893,-0.006082226987928152,0.019618792459368706,-1.3949633836746216,5.979506492614746,"[1.0, 2.0, 1.0, 1.0, 1.0, 3.0, 5.0, 16.0, 15.0, 20.0, 43.0, 57.0, 83.0, 120.0, 168.0, 176.0, 273.0, 309.0, 438.0, 784.0, 5029.0, 842.0, 359.0, 191.0, 84.0, 62.0, 39.0, 31.0, 23.0, 24.0, 7.0, 9.0]",0.08118510246276855,-0.15446387231349945,0.4676969349384308,0.6938291192054749,1.3491594791412354,3.160019874572754,"[9.0, 0.0, 0.0, 0.0, 0.0, 1.0, 10.0, 10.0, 993.0, 386.0, 2597.0, 1367.0, 414.0, 934.0, 670.0, 684.0, 453.0, 199.0, 126.0, 87.0, 64.0, 64.0, 38.0, 28.0, 29.0, 16.0, 11.0, 5.0, 6.0, 6.0, 7.0, 2.0]",4.629011631011963,-2.165998935699463,0.47377926111221313,0.6991077661514282,1.3747215270996094,3.251631736755371,"[9.0, 0.0, 0.0, 0.0, 0.0, 0.0, 9.0, 11.0, 995.0, 388.0, 2593.0, 1383.0, 419.0, 948.0, 688.0, 682.0, 430.0, 177.0, 120.0, 83.0, 70.0, 59.0, 37.0, 31.0, 30.0, 18.0, 9.0, 5.0, 7.0, 7.0, 6.0, 2.0]",4.675758361816406,-2.1691839694976807
12,/features/features.1/conv/conv.0/conv.0.2/Clip,Clip,False,True,False,/features/features.1/conv/conv.0/conv.0.0/Conv_output_0,0.0005915160290896893,-0.006082226987928152,0.019618792459368706,-1.3949633836746216,5.979506492614746,"[1.0, 2.0, 1.0, 1.0, 1.0, 3.0, 5.0, 16.0, 15.0, 20.0, 43.0, 57.0, 83.0, 120.0, 168.0, 176.0, 273.0, 309.0, 438.0, 784.0, 5029.0, 842.0, 359.0, 191.0, 84.0, 62.0, 39.0, 31.0, 23.0, 24.0, 7.0, 9.0]",0.08118510246276855,-0.15446387231349945,0.4676969349384308,0.6938291192054749,1.3491594791412354,3.160019874572754,"[9.0, 0.0, 0.0, 0.0, 0.0, 1.0, 10.0, 10.0, 993.0, 386.0, 2597.0, 1367.0, 414.0, 934.0, 670.0, 684.0, 453.0, 199.0, 126.0, 87.0, 64.0, 64.0, 38.0, 28.0, 29.0, 16.0, 11.0, 5.0, 6.0, 6.0, 7.0, 2.0]",4.629011631011963,-2.165998935699463,0.47377926111221313,0.6991077661514282,1.3747215270996094,3.251631736755371,"[9.0, 0.0, 0.0, 0.0, 0.0, 0.0, 9.0, 11.0, 995.0, 388.0, 2593.0, 1383.0, 419.0, 948.0, 688.0, 682.0, 430.0, 177.0, 120.0, 83.0, 70.0, 59.0, 37.0, 31.0, 30.0, 18.0, 9.0, 5.0, 7.0, 7.0, 6.0, 2.0]",4.675758361816406,-2.1691839694976807
13,/features/features.1/conv/conv.0/conv.0.2/Clip,Clip,True,True,False,/features/features.1/conv/conv.0/conv.0.2/Constant_output_0,0.0,0.0,0.0,,,"[0.0, 0.0, 0.0, 0.0, 0.0, 0.0, 0.0, 0.0, 0.0, 0.0, 0.0, 0.0, 0.0, 0.0, 0.0, 0.0, 9216.0, 0.0, 0.0, 0.0, 0.0, 0.0, 0.0, 0.0, 0.0, 0.0, 0.0, 0.0, 0.0, 0.0, 0.0, 0.0]",0.0,0.0,0.0,0.0,,,"[0.0, 0.0, 0.0, 0.0, 0.0, 0.0, 0.0, 0.0, 0.0, 0.0, 0.0, 0.0, 0.0, 0.0, 0.0, 0.0, 9216.0, 0.0, 0.0, 0.0, 0.0, 0.0, 0.0, 0.0, 0.0, 0.0, 0.0, 0.0, 0.0, 0.0, 0.0, 0.0]",0.0,0.0,0.0,0.0,,,"[0.0, 0.0, 0.0, 0.0, 0.0, 0.0, 0.0, 0.0, 0.0, 0.0, 0.0, 0.0, 0.0, 0.0, 0.0, 0.0, 9216.0, 0.0, 0.0, 0.0, 0.0, 0.0, 0.0, 0.0, 0.0, 0.0, 0.0, 0.0, 0.0, 0.0, 0.0, 0.0]",0.0,0.0
14,/features/features.1/conv/conv.0/conv.0.2/Clip,Clip,True,True,False,/features/features.1/conv/conv.0/conv.0.2/Constant_1_output_0,1.5378853277070448e-05,-0.023529529571533203,0.0,,,"[0.0, 0.0, 0.0, 0.0, 0.0, 0.0, 0.0, 0.0, 0.0, 0.0, 0.0, 0.0, 0.0, 0.0, 0.0, 0.0, 9216.0, 0.0, 0.0, 0.0, 0.0, 0.0, 0.0, 0.0, 0.0, 0.0, 0.0, 0.0, 0.0, 0.0, 0.0, 0.0]",-0.023529529571533203,-0.023529529571533203,5.976470470428467,0.0,,,"[0.0, 0.0, 0.0, 0.0, 0.0, 0.0, 0.0, 0.0, 0.0, 0.0, 0.0, 0.0, 0.0, 0.0, 0.0, 0.0, 9216.0, 0.0, 0.0, 0.0, 0.0, 0.0, 0.0, 0.0, 0.0, 0.0, 0.0, 0.0, 0.0, 0.0, 0.0, 0.0]",5.976470470428467,5.976470470428467,6.0,0.0,,,"[0.0, 0.0, 0.0, 0.0, 0.0, 0.0, 0.0, 0.0, 0.0, 0.0, 0.0, 0.0, 0.0, 0.0, 0.0, 0.0, 9216.0, 0.0, 0.0, 0.0, 0.0, 0.0, 0.0, 0.0, 0.0, 0.0, 0.0, 0.0, 0.0, 0.0, 0.0, 0.0]",6.0,6.0
15,/features/features.1/conv/conv.0/conv.0.2/Clip,Clip,False,False,True,/features/features.1/conv/conv.0/conv.0.2/Clip_output_0,0.0006805559387430549,-0.006403176113963127,0.0207610335201025,-1.00386643409729,4.44392728805542,"[1.0, 0.0, 0.0, 1.0, 1.0, 2.0, 4.0, 11.0, 14.0, 31.0, 36.0, 66.0, 88.0, 125.0, 166.0, 239.0, 310.0, 526.0, 1013.0, 1510.0, 3387.0, 800.0, 425.0, 222.0, 93.0, 57.0, 29.0, 26.0, 13.0, 10.0, 4.0, 6.0]",0.09333652257919312,-0.16345210373401642,0.5152267217636108,0.6436046361923218,1.7473255395889282,4.216553688049316,"[3989.0, 538.0, 1010.0, 238.0, 458.0, 668.0, 464.0, 491.0, 382.0, 279.0, 155.0, 94.0, 78.0, 69.0, 49.0, 40.0, 56.0, 29.0, 24.0, 19.0, 18.0, 18.0, 11.0, 9.0, 5.0, 3.0, 4.0, 5.0, 1.0, 5.0, 5.0, 2.0]",4.611764907836914,0.0,0.5216299295425415,0.6492002606391907,1.7688044309616089,4.314233779907227,"[3861.0, 568.0, 1077.0, 256.0, 463.0, 691.0, 475.0, 496.0, 390.0, 266.0, 137.0, 94.0, 80.0, 66.0, 51.0, 38.0, 44.0, 32.0, 21.0, 19.0, 21.0, 20.0, 9.0, 12.0, 4.0, 2.0, 5.0, 4.0, 6.0, 6.0, 1.0, 1.0]",4.675758361816406,0.0
16,/features/features.1/conv/conv.1/Conv,Conv,False,True,False,/features/features.1/conv/conv.0/conv.0.2/Clip_output_0,0.0006805559387430549,-0.006403176113963127,0.0207610335201025,-1.00386643409729,4.44392728805542,"[1.0, 0.0, 0.0, 1.0, 1.0, 2.0, 4.0, 11.0, 14.0, 31.0, 36.0, 66.0, 88.0, 125.0, 166.0, 239.0, 310.0, 526.0, 1013.0, 1510.0, 3387.0, 800.0, 425.0, 222.0, 93.0, 57.0, 29.0, 26.0, 13.0, 10.0, 4.0, 6.0]",0.09333652257919312,-0.16345210373401642,0.5152267217636108,0.6436046361923218,1.7473255395889282,4.216553688049316,"[3989.0, 538.0, 1010.0, 238.0, 458.0, 668.0, 464.0, 491.0, 382.0, 279.0, 155.0, 94.0, 78.0, 69.0, 49.0, 40.0, 56.0, 29.0, 24.0, 19.0, 18.0, 18.0, 11.0, 9.0, 5.0, 3.0, 4.0, 5.0, 1.0, 5.0, 5.0, 2.0]",4.611764907836914,0.0,0.5216299295425415,0.6492002606391907,1.7688044309616089,4.314233779907227,"[3861.0, 568.0, 1077.0, 256.0, 463.0, 691.0, 475.0, 496.0, 390.0, 266.0, 137.0, 94.0, 80.0, 66.0, 51.0, 38.0, 44.0, 32.0, 21.0, 19.0, 21.0, 20.0, 9.0, 12.0, 4.0, 2.0, 5.0, 4.0, 6.0, 6.0, 1.0, 1.0]",4.675758361816406,0.0
17,/features/features.1/conv/conv.1/Conv,Conv,True,True,False,onnx::Conv_544,4.622167398338206e-05,-7.972406456246972e-05,0.001742169144563377,0.00865999236702919,-0.8153696060180664,"[90.0, 36.0, 54.0, 108.0, 270.0, 162.0, 270.0, 378.0, 360.0, 396.0, 558.0, 324.0, 234.0, 594.0, 522.0, 414.0, 360.0, 432.0, 450.0, 450.0, 378.0, 432.0, 324.0, 378.0, 252.0, 306.0, 198.0, 216.0, 144.0, 90.0, 0.0, 36.0]",0.004014059901237488,-0.004060506820678711,0.008025464601814747,0.2564428448677063,-0.1456952691078186,1.938039779663086,"[36.0, 0.0, 18.0, 0.0, 36.0, 18.0, 18.0, 54.0, 72.0, 198.0, 162.0, 108.0, 234.0, 396.0, 306.0, 576.0, 630.0, 2448.0, 954.0, 702.0, 558.0, 378.0, 288.0, 162.0, 198.0, 252.0, 108.0, 108.0, 72.0, 36.0, 36.0, 54.0]",0.8212078809738159,-1.039495587348938,0.008105187676846981,0.256392240524292,-0.1353280246257782,1.9249329566955566,"[36.0, 0.0, 18.0, 0.0, 36.0, 18.0, 18.0, 54.0, 90.0, 180.0, 162.0, 144.0, 198.0, 396.0, 324.0, 630.0, 594.0, 2448.0, 1008.0, 612.0, 612.0, 342.0, 288.0, 144.0, 216.0, 234.0, 108.0, 108.0, 72.0, 36.0, 36.0, 54.0]",0.8244410157203674,-1.0354350805282593
18,/features/features.1/conv/conv.1/Conv,Conv,True,True,False,onnx::Conv_545,0.0,0.0,0.0,,,"[0.0, 0.0, 0.0, 0.0, 0.0, 0.0, 0.0, 0.0, 0.0, 0.0, 0.0, 0.0, 0.0, 0.0, 0.0, 0.0, 9216.0, 0.0, 0.0, 0.0, 0.0, 0.0, 0.0, 0.0, 0.0, 0.0, 0.0, 0.0, 0.0, 0.0, 0.0, 0.0]",0.0,0.0,-0.2578192949295044,1.1666368246078491,0.23806160688400269,-0.9977161884307861,"[576.0, 0.0, 576.0, 0.0, 576.0, 0.0, 0.0, 576.0, 0.0, 0.0, 0.0, 576.0, 1152.0, 0.0, 1152.0, 0.0, 576.0, 576.0, 0.0, 0.0, 0.0, 576.0, 0.0, 0.0, 0.0, 0.0, 576.0, 0.0, 0.0, 0.0, 576.0, 1152.0]",1.6371256113052368,-2.1412925720214844,-0.2578192949295044,1.1666368246078491,0.23806160688400269,-0.9977161884307861,"[576.0, 0.0, 576.0, 0.0, 576.0, 0.0, 0.0, 576.0, 0.0, 0.0, 0.0, 576.0, 1152.0, 0.0, 1152.0, 0.0, 576.0, 576.0, 0.0, 0.0, 0.0, 576.0, 0.0, 0.0, 0.0, 0.0, 576.0, 0.0, 0.0, 0.0, 576.0, 1152.0]",1.6371256113052368,-2.1412925720214844
19,/features/features.1/conv/conv.1/Conv,Conv,False,False,True,/features/features.1/conv/conv.1/Conv_output_0,0.003573815803974867,-0.007970264181494713,0.0343470424413681,-0.25705668330192566,0.22098827362060547,"[3.0, 2.0, 2.0, 7.0, 10.0, 22.0, 57.0, 74.0, 107.0, 158.0, 193.0, 359.0, 462.0, 586.0, 696.0, 847.0, 923.0, 955.0, 928.0, 843.0, 659.0, 506.0, 350.0, 211.0, 127.0, 69.0, 24.0, 24.0, 6.0, 3.0, 2.0, 1.0]",0.12376827001571655,-0.15575134754180908,0.002550901612266898,0.5888707637786865,-0.13829763233661652,1.156839370727539,"[1.0, 2.0, 2.0, 1.0, 3.0, 4.0, 14.0, 16.0, 20.0, 50.0, 73.0, 169.0, 256.0, 488.0, 674.0, 985.0, 1256.0, 1231.0, 1315.0, 993.0, 694.0, 413.0, 271.0, 137.0, 57.0, 46.0, 21.0, 15.0, 4.0, 3.0, 0.0, 2.0]",2.8268609046936035,-3.3749256134033203,0.010521162301301956,0.5897178053855896,-0.14104491472244263,1.165654182434082,"[1.0, 2.0, 2.0, 1.0, 2.0, 5.0, 12.0, 18.0, 17.0, 46.0, 83.0, 149.0, 235.0, 412.0, 723.0, 922.0, 1145.0, 1398.0, 1269.0, 974.0, 717.0, 479.0, 293.0, 141.0, 79.0, 40.0, 25.0, 16.0, 5.0, 3.0, 0.0, 2.0]",2.8038649559020996,-3.3846230506896973
20,/features/features.2/conv/conv.0/conv.0.0/Conv,Conv,False,True,False,/features/features.1/conv/conv.1/Conv_output_0,0.003573815803974867,-0.007970264181494713,0.0343470424413681,-0.25705668330192566,0.22098827362060547,"[3.0, 2.0, 2.0, 7.0, 10.0, 22.0, 57.0, 74.0, 107.0, 158.0, 193.0, 359.0, 462.0, 586.0, 696.0, 847.0, 923.0, 955.0, 928.0, 843.0, 659.0, 506.0, 350.0, 211.0, 127.0, 69.0, 24.0, 24.0, 6.0, 3.0, 2.0, 1.0]",0.12376827001571655,-0.15575134754180908,0.002550901612266898,0.5888707637786865,-0.13829763233661652,1.156839370727539,"[1.0, 2.0, 2.0, 1.0, 3.0, 4.0, 14.0, 16.0, 20.0, 50.0, 73.0, 169.0, 256.0, 488.0, 674.0, 985.0, 1256.0, 1231.0, 1315.0, 993.0, 694.0, 413.0, 271.0, 137.0, 57.0, 46.0, 21.0, 15.0, 4.0, 3.0, 0.0, 2.0]",2.8268609046936035,-3.3749256134033203,0.010521162301301956,0.5897178053855896,-0.14104491472244263,1.165654182434082,"[1.0, 2.0, 2.0, 1.0, 2.0, 5.0, 12.0, 18.0, 17.0, 46.0, 83.0, 149.0, 235.0, 412.0, 723.0, 922.0, 1145.0, 1398.0, 1269.0, 974.0, 717.0, 479.0, 293.0, 141.0, 79.0, 40.0, 25.0, 16.0, 5.0, 3.0, 0.0, 2.0]",2.8038649559020996,-3.3846230506896973
21,/features/features.2/conv/conv.0/conv.0.0/Conv,Conv,True,True,False,onnx::Conv_547,2.6428146156831644e-05,-2.8722595743602142e-05,0.0006255065673030913,-0.036086276173591614,1.113668441772461,"[9.0, 0.0, 18.0, 54.0, 45.0, 81.0, 99.0, 81.0, 171.0, 189.0, 207.0, 396.0, 450.0, 702.0, 1044.0, 846.0, 1368.0, 909.0, 747.0, 468.0, 396.0, 252.0, 153.0, 117.0, 162.0, 135.0, 27.0, 9.0, 45.0, 0.0, 27.0, 9.0]",0.0022940486669540405,-0.0023486092686653137,0.0032677031122148037,0.12176569551229477,-0.07919883728027344,2.120192050933838,"[18.0, 18.0, 18.0, 9.0, 18.0, 45.0, 135.0, 90.0, 108.0, 144.0, 153.0, 288.0, 477.0, 711.0, 1062.0, 1332.0, 1485.0, 810.0, 801.0, 414.0, 333.0, 234.0, 108.0, 144.0, 63.0, 54.0, 36.0, 63.0, 18.0, 0.0, 9.0, 18.0]",0.4992421269416809,-0.4899475574493408,0.003296425100415945,0.12175780534744263,-0.07282430678606033,2.1164193153381348,"[18.0, 18.0, 18.0, 9.0, 18.0, 45.0, 135.0, 90.0, 117.0, 135.0, 153.0, 315.0, 459.0, 747.0, 1071.0, 1359.0, 1440.0, 846.0, 747.0, 432.0, 306.0, 234.0, 135.0, 108.0, 72.0, 45.0, 36.0, 63.0, 18.0, 0.0, 9.0, 18.0]",0.5012076497077942,-0.4880337119102478
22,/features/features.2/conv/conv.0/conv.0.0/Conv,Conv,True,True,False,onnx::Conv_548,0.0,0.0,0.0,,,"[0.0, 0.0, 0.0, 0.0, 0.0, 0.0, 0.0, 0.0, 0.0, 0.0, 0.0, 0.0, 0.0, 0.0, 0.0, 0.0, 9216.0, 0.0, 0.0, 0.0, 0.0, 0.0, 0.0, 0.0, 0.0, 0.0, 0.0, 0.0, 0.0, 0.0, 0.0, 0.0]",0.0,0.0,0.12294825166463852,0.160359725356102,0.09654000401496887,2.7549304962158203,"[90.0, 0.0, 0.0, 108.0, 0.0, 0.0, 0.0, 0.0, 0.0, 0.0, 648.0, 360.0, 1575.0, 738.0, 1098.0, 360.0, 747.0, 603.0, 1143.0, 630.0, 351.0, 378.0, 171.0, 99.0, 0.0, 0.0, 0.0, 0.0, 0.0, 0.0, 0.0, 117.0]",0.7278643846511841,-0.4569454491138458,0.12294825166463852,0.160359725356102,0.09654000401496887,2.7549304962158203,"[90.0, 0.0, 0.0, 108.0, 0.0, 0.0, 0.0, 0.0, 0.0, 0.0, 648.0, 360.0, 1575.0, 738.0, 1098.0, 360.0, 747.0, 603.0, 1143.0, 630.0, 351.0, 378.0, 171.0, 99.0, 0.0, 0.0, 0.0, 0.0, 0.0, 0.0, 0.0, 117.0]",0.7278643846511841,-0.4569454491138458
23,/features/features.2/conv/conv.0/conv.0.0/Conv,Conv,False,False,True,/features/features.2/conv/conv.0/conv.0.0/Conv_output_0,0.0024182943161576986,0.0004732703382615,0.017997002229094505,0.2825220227241516,3.5407910346984863,"[1.0, 0.0, 2.0, 4.0, 14.0, 16.0, 28.0, 61.0, 108.0, 205.0, 336.0, 577.0, 1286.0, 2317.0, 1934.0, 1060.0, 506.0, 308.0, 201.0, 109.0, 60.0, 33.0, 19.0, 13.0, 6.0, 7.0, 1.0, 0.0, 1.0, 2.0, 0.0, 1.0]",0.1371409296989441,-0.10492894053459167,0.1290591061115265,0.34137120842933655,0.2149609923362732,9.640907287597656,"[4.0, 8.0, 13.0, 24.0, 37.0, 71.0, 132.0, 189.0, 388.0, 781.0, 1297.0, 2373.0, 2432.0, 882.0, 258.0, 168.0, 85.0, 35.0, 19.0, 7.0, 3.0, 1.0, 0.0, 0.0, 0.0, 0.0, 0.0, 0.0, 0.0, 0.0, 3.0, 6.0]",3.435199499130249,-1.7290074825286865,0.1285858303308487,0.3427690863609314,0.2023092359304428,9.512962341308594,"[4.0, 10.0, 15.0, 21.0, 40.0, 80.0, 144.0, 208.0, 412.0, 810.0, 1359.0, 2434.0, 2332.0, 795.0, 231.0, 167.0, 83.0, 34.0, 18.0, 5.0, 3.0, 2.0, 0.0, 0.0, 0.0, 0.0, 0.0, 0.0, 0.0, 0.0, 3.0, 6.0]",3.4366354942321777,-1.7088348865509033
24,/features/features.2/conv/conv.0/conv.0.2/Clip,Clip,False,True,False,/features/features.2/conv/conv.0/conv.0.0/Conv_output_0,0.0024182943161576986,0.0004732703382615,0.017997002229094505,0.2825220227241516,3.5407910346984863,"[1.0, 0.0, 2.0, 4.0, 14.0, 16.0, 28.0, 61.0, 108.0, 205.0, 336.0, 577.0, 1286.0, 2317.0, 1934.0, 1060.0, 506.0, 308.0, 201.0, 109.0, 60.0, 33.0, 19.0, 13.0, 6.0, 7.0, 1.0, 0.0, 1.0, 2.0, 0.0, 1.0]",0.1371409296989441,-0.10492894053459167,0.1290591061115265,0.34137120842933655,0.2149609923362732,9.640907287597656,"[4.0, 8.0, 13.0, 24.0, 37.0, 71.0, 132.0, 189.0, 388.0, 781.0, 1297.0, 2373.0, 2432.0, 882.0, 258.0, 168.0, 85.0, 35.0, 19.0, 7.0, 3.0, 1.0, 0.0, 0.0, 0.0, 0.0, 0.0, 0.0, 0.0, 0.0, 3.0, 6.0]",3.435199499130249,-1.7290074825286865,0.1285858303308487,0.3427690863609314,0.2023092359304428,9.512962341308594,"[4.0, 10.0, 15.0, 21.0, 40.0, 80.0, 144.0, 208.0, 412.0, 810.0, 1359.0, 2434.0, 2332.0, 795.0, 231.0, 167.0, 83.0, 34.0, 18.0, 5.0, 3.0, 2.0, 0.0, 0.0, 0.0, 0.0, 0.0, 0.0, 0.0, 0.0, 3.0, 6.0]",3.4366354942321777,-1.7088348865509033
25,/features/features.2/conv/conv.0/conv.0.2/Clip,Clip,True,True,False,/features/features.2/conv/conv.0/conv.0.2/Constant_output_0,0.0,0.0,0.0,,,"[0.0, 0.0, 0.0, 0.0, 0.0, 0.0, 0.0, 0.0, 0.0, 0.0, 0.0, 0.0, 0.0, 0.0, 0.0, 0.0, 9216.0, 0.0, 0.0, 0.0, 0.0, 0.0, 0.0, 0.0, 0.0, 0.0, 0.0, 0.0, 0.0, 0.0, 0.0, 0.0]",0.0,0.0,0.0,0.0,,,"[0.0, 0.0, 0.0, 0.0, 0.0, 0.0, 0.0, 0.0, 0.0, 0.0, 0.0, 0.0, 0.0, 0.0, 0.0, 0.0, 9216.0, 0.0, 0.0, 0.0, 0.0, 0.0, 0.0, 0.0, 0.0, 0.0, 0.0, 0.0, 0.0, 0.0, 0.0, 0.0]",0.0,0.0,0.0,0.0,,,"[0.0, 0.0, 0.0, 0.0, 0.0, 0.0, 0.0, 0.0, 0.0, 0.0, 0.0, 0.0, 0.0, 0.0, 0.0, 0.0, 9216.0, 0.0, 0.0, 0.0, 0.0, 0.0, 0.0, 0.0, 0.0, 0.0, 0.0, 0.0, 0.0, 0.0, 0.0, 0.0]",0.0,0.0
26,/features/features.2/conv/conv.0/conv.0.2/Clip,Clip,True,True,False,/features/features.2/conv/conv.0/conv.0.2/Constant_1_output_0,0.2297484129667282,-2.8759241104125977,7.152945613597694e-07,-0.9998371601104736,-2.0002174377441406,"[0.0, 0.0, 0.0, 0.0, 0.0, 0.0, 0.0, 0.0, 0.0, 0.0, 0.0, 0.0, 0.0, 0.0, 0.0, 0.0, 9216.0, 0.0, 0.0, 0.0, 0.0, 0.0, 0.0, 0.0, 0.0, 0.0, 0.0, 0.0, 0.0, 0.0, 0.0, 0.0]",-2.875924825668335,-2.875924825668335,3.1240758895874023,7.152945613597694e-07,-0.9998371601104736,-2.0002174377441406,"[0.0, 0.0, 0.0, 0.0, 0.0, 0.0, 0.0, 0.0, 0.0, 0.0, 0.0, 0.0, 0.0, 0.0, 0.0, 0.0, 9216.0, 0.0, 0.0, 0.0, 0.0, 0.0, 0.0, 0.0, 0.0, 0.0, 0.0, 0.0, 0.0, 0.0, 0.0, 0.0]",3.124075174331665,3.124075174331665,6.0,0.0,,,"[0.0, 0.0, 0.0, 0.0, 0.0, 0.0, 0.0, 0.0, 0.0, 0.0, 0.0, 0.0, 0.0, 0.0, 0.0, 0.0, 9216.0, 0.0, 0.0, 0.0, 0.0, 0.0, 0.0, 0.0, 0.0, 0.0, 0.0, 0.0, 0.0, 0.0, 0.0, 0.0]",6.0,6.0
27,/features/features.2/conv/conv.0/conv.0.2/Clip,Clip,False,False,True,/features/features.2/conv/conv.0/conv.0.2/Clip_output_0,0.0028183257672935724,-0.00028708402533084154,0.01632867380976677,-2.802110433578491,54.72319793701172,"[2.0, 1.0, 0.0, 1.0, 0.0, 0.0, 0.0, 1.0, 0.0, 0.0, 0.0, 1.0, 1.0, 0.0, 0.0, 2.0, 3.0, 12.0, 41.0, 124.0, 328.0, 1434.0, 5062.0, 1573.0, 427.0, 126.0, 51.0, 18.0, 3.0, 3.0, 0.0, 2.0]",0.13044705986976624,-0.3125603199005127,0.201748788356781,0.22907570004463196,3.2857866287231445,28.099294662475586,"[3401.0, 1513.0, 1706.0, 1242.0, 610.0, 272.0, 128.0, 120.0, 81.0, 47.0, 37.0, 17.0, 17.0, 7.0, 3.0, 3.0, 2.0, 1.0, 0.0, 0.0, 0.0, 0.0, 0.0, 0.0, 0.0, 0.0, 0.0, 0.0, 0.0, 0.0, 0.0, 9.0]",3.124075174331665,0.0,0.20203587412834167,0.23197105526924133,3.618169069290161,34.381771087646484,"[3721.0, 1718.0, 1745.0, 1045.0, 421.0, 191.0, 115.0, 104.0, 56.0, 45.0, 18.0, 13.0, 7.0, 3.0, 2.0, 3.0, 0.0, 0.0, 0.0, 0.0, 0.0, 0.0, 0.0, 0.0, 0.0, 0.0, 0.0, 0.0, 0.0, 1.0, 3.0, 5.0]",3.4366354942321777,0.0
28,/features/features.2/conv/conv.1/conv.1.0/Conv,Conv,False,True,False,/features/features.2/conv/conv.0/conv.0.2/Clip_output_0,0.0028183257672935724,-0.00028708402533084154,0.01632867380976677,-2.802110433578491,54.72319793701172,"[2.0, 1.0, 0.0, 1.0, 0.0, 0.0, 0.0, 1.0, 0.0, 0.0, 0.0, 1.0, 1.0, 0.0, 0.0, 2.0, 3.0, 12.0, 41.0, 124.0, 328.0, 1434.0, 5062.0, 1573.0, 427.0, 126.0, 51.0, 18.0, 3.0, 3.0, 0.0, 2.0]",0.13044705986976624,-0.3125603199005127,0.201748788356781,0.22907570004463196,3.2857866287231445,28.099294662475586,"[3401.0, 1513.0, 1706.0, 1242.0, 610.0, 272.0, 128.0, 120.0, 81.0, 47.0, 37.0, 17.0, 17.0, 7.0, 3.0, 3.0, 2.0, 1.0, 0.0, 0.0, 0.0, 0.0, 0.0, 0.0, 0.0, 0.0, 0.0, 0.0, 0.0, 0.0, 0.0, 9.0]",3.124075174331665,0.0,0.20203587412834167,0.23197105526924133,3.618169069290161,34.381771087646484,"[3721.0, 1718.0, 1745.0, 1045.0, 421.0, 191.0, 115.0, 104.0, 56.0, 45.0, 18.0, 13.0, 7.0, 3.0, 2.0, 3.0, 0.0, 0.0, 0.0, 0.0, 0.0, 0.0, 0.0, 0.0, 0.0, 0.0, 0.0, 0.0, 0.0, 1.0, 3.0, 5.0]",3.4366354942321777,0.0
29,/features/features.2/conv/conv.1/conv.1.0/Conv,Conv,True,True,False,onnx::Conv_550,2.2227122826734558e-05,-0.00045495718950405717,0.004193241707980633,0.04507321119308472,3.9617671966552734,"[9.0, 0.0, 0.0, 18.0, 45.0, 81.0, 81.0, 63.0, 36.0, 117.0, 126.0, 468.0, 387.0, 891.0, 1863.0, 1917.0, 1494.0, 639.0, 333.0, 198.0, 72.0, 36.0, 108.0, 117.0, 36.0, 18.0, 27.0, 27.0, 0.0, 0.0, 0.0, 9.0]",0.021692276000976562,-0.02042698860168457,-0.011633449234068394,0.8944647908210754,-0.05492745339870453,5.833283424377441,"[45.0, 27.0, 9.0, 9.0, 45.0, 9.0, 90.0, 27.0, 45.0, 99.0, 153.0, 189.0, 702.0, 1368.0, 2241.0, 2007.0, 873.0, 387.0, 171.0, 297.0, 72.0, 108.0, 54.0, 36.0, 18.0, 45.0, 63.0, 18.0, 0.0, 0.0, 0.0, 9.0]",4.787240505218506,-4.169593334197998,-0.01117849163711071,0.8945732116699219,-0.047924354672431946,5.829367637634277,"[45.0, 27.0, 9.0, 9.0, 45.0, 9.0, 90.0, 27.0, 45.0, 99.0, 153.0, 180.0, 711.0, 1368.0, 2241.0, 2007.0, 873.0, 378.0, 180.0, 288.0, 72.0, 117.0, 54.0, 36.0, 18.0, 45.0, 63.0, 18.0, 0.0, 0.0, 0.0, 9.0]",4.765548229217529,-4.153306007385254
30,/features/features.2/conv/conv.1/conv.1.0/Conv,Conv,True,True,False,onnx::Conv_551,0.0,0.0,0.0,,,"[0.0, 0.0, 0.0, 0.0, 0.0, 0.0, 0.0, 0.0, 0.0, 0.0, 0.0, 0.0, 0.0, 0.0, 0.0, 0.0, 9216.0, 0.0, 0.0, 0.0, 0.0, 0.0, 0.0, 0.0, 0.0, 0.0, 0.0, 0.0, 0.0, 0.0, 0.0, 0.0]",0.0,0.0,0.17641311883926392,0.39957869052886963,1.1244672536849976,2.215423583984375,"[108.0, 189.0, 117.0, 135.0, 0.0, 72.0, 360.0, 306.0, 603.0, 2817.0, 954.0, 378.0, 162.0, 288.0, 324.0, 981.0, 270.0, 63.0, 0.0, 171.0, 270.0, 117.0, 171.0, 0.0, 108.0, 0.0, 0.0, 63.0, 0.0, 0.0, 0.0, 189.0]",1.604466199874878,-0.6747135519981384,0.17641311883926392,0.39957869052886963,1.1244672536849976,2.215423583984375,"[108.0, 189.0, 117.0, 135.0, 0.0, 72.0, 360.0, 306.0, 603.0, 2817.0, 954.0, 378.0, 162.0, 288.0, 324.0, 981.0, 270.0, 63.0, 0.0, 171.0, 270.0, 117.0, 171.0, 0.0, 108.0, 0.0, 0.0, 63.0, 0.0, 0.0, 0.0, 189.0]",1.604466199874878,-0.6747135519981384
31,/features/features.2/conv/conv.1/conv.1.0/Conv,Conv,False,False,True,/features/features.2/conv/conv.1/conv.1.0/Conv_output_0,0.004185054451227188,-0.00029893204919062555,0.02951168641448021,0.6290677189826965,14.025821685791016,"[2.0, 8.0, 19.0, 38.0, 86.0, 182.0, 474.0, 1188.0, 3149.0, 2491.0, 1009.0, 367.0, 135.0, 33.0, 18.0, 9.0, 2.0, 1.0, 1.0, 0.0, 0.0, 0.0, 0.0, 1.0, 0.0, 1.0, 0.0, 0.0, 0.0, 0.0, 1.0, 1.0]",0.441730260848999,-0.16942304372787476,0.11258399486541748,0.43908336758613586,-0.7601239085197449,8.711068153381348,"[9.0, 0.0, 0.0, 0.0, 0.0, 0.0, 3.0, 4.0, 5.0, 5.0, 11.0, 22.0, 26.0, 66.0, 111.0, 263.0, 601.0, 1151.0, 2550.0, 2115.0, 1111.0, 615.0, 281.0, 138.0, 65.0, 35.0, 14.0, 4.0, 5.0, 3.0, 2.0, 1.0]",2.833613634109497,-3.8431894779205322,0.11288290470838547,0.44202327728271484,-0.8683789968490601,10.043783187866211,"[3.0, 6.0, 0.0, 0.0, 0.0, 0.0, 0.0, 1.0, 4.0, 4.0, 5.0, 13.0, 19.0, 29.0, 59.0, 117.0, 284.0, 693.0, 1428.0, 2887.0, 1882.0, 874.0, 532.0, 207.0, 81.0, 51.0, 20.0, 6.0, 5.0, 3.0, 2.0, 1.0]",2.8593406677246094,-4.284919738769531
32,/features/features.2/conv/conv.1/conv.1.2/Clip,Clip,False,True,False,/features/features.2/conv/conv.1/conv.1.0/Conv_output_0,0.004185054451227188,-0.00029893204919062555,0.02951168641448021,0.6290677189826965,14.025821685791016,"[2.0, 8.0, 19.0, 38.0, 86.0, 182.0, 474.0, 1188.0, 3149.0, 2491.0, 1009.0, 367.0, 135.0, 33.0, 18.0, 9.0, 2.0, 1.0, 1.0, 0.0, 0.0, 0.0, 0.0, 1.0, 0.0, 1.0, 0.0, 0.0, 0.0, 0.0, 1.0, 1.0]",0.441730260848999,-0.16942304372787476,0.11258399486541748,0.43908336758613586,-0.7601239085197449,8.711068153381348,"[9.0, 0.0, 0.0, 0.0, 0.0, 0.0, 3.0, 4.0, 5.0, 5.0, 11.0, 22.0, 26.0, 66.0, 111.0, 263.0, 601.0, 1151.0, 2550.0, 2115.0, 1111.0, 615.0, 281.0, 138.0, 65.0, 35.0, 14.0, 4.0, 5.0, 3.0, 2.0, 1.0]",2.833613634109497,-3.8431894779205322,0.11288290470838547,0.44202327728271484,-0.8683789968490601,10.043783187866211,"[3.0, 6.0, 0.0, 0.0, 0.0, 0.0, 0.0, 1.0, 4.0, 4.0, 5.0, 13.0, 19.0, 29.0, 59.0, 117.0, 284.0, 693.0, 1428.0, 2887.0, 1882.0, 874.0, 532.0, 207.0, 81.0, 51.0, 20.0, 6.0, 5.0, 3.0, 2.0, 1.0]",2.8593406677246094,-4.284919738769531
33,/features/features.2/conv/conv.1/conv.1.2/Clip,Clip,True,True,False,/features/features.2/conv/conv.1/conv.1.2/Constant_output_0,0.0,0.0,0.0,,,"[0.0, 0.0, 0.0, 0.0, 0.0, 0.0, 0.0, 0.0, 0.0, 0.0, 0.0, 0.0, 0.0, 0.0, 0.0, 0.0, 9216.0, 0.0, 0.0, 0.0, 0.0, 0.0, 0.0, 0.0, 0.0, 0.0, 0.0, 0.0, 0.0, 0.0, 0.0, 0.0]",0.0,0.0,0.0,0.0,,,"[0.0, 0.0, 0.0, 0.0, 0.0, 0.0, 0.0, 0.0, 0.0, 0.0, 0.0, 0.0, 0.0, 0.0, 0.0, 0.0, 9216.0, 0.0, 0.0, 0.0, 0.0, 0.0, 0.0, 0.0, 0.0, 0.0, 0.0, 0.0, 0.0, 0.0, 0.0, 0.0]",0.0,0.0,0.0,0.0,,,"[0.0, 0.0, 0.0, 0.0, 0.0, 0.0, 0.0, 0.0, 0.0, 0.0, 0.0, 0.0, 0.0, 0.0, 0.0, 0.0, 9216.0, 0.0, 0.0, 0.0, 0.0, 0.0, 0.0, 0.0, 0.0, 0.0, 0.0, 0.0, 0.0, 0.0, 0.0, 0.0]",0.0,0.0
34,/features/features.2/conv/conv.1/conv.1.2/Clip,Clip,True,True,False,/features/features.2/conv/conv.1/conv.1.2/Constant_1_output_0,0.29414239525794983,-3.2540929317474365,2.3843151097935333e-07,-0.9998371601104736,-2.0002174377441406,"[0.0, 0.0, 0.0, 0.0, 0.0, 0.0, 0.0, 0.0, 0.0, 0.0, 0.0, 0.0, 0.0, 0.0, 0.0, 0.0, 9216.0, 0.0, 0.0, 0.0, 0.0, 0.0, 0.0, 0.0, 0.0, 0.0, 0.0, 0.0, 0.0, 0.0, 0.0, 0.0]",-3.2540931701660156,-3.2540931701660156,2.7459070682525635,2.3843151097935333e-07,-0.9998371601104736,-2.0002174377441406,"[0.0, 0.0, 0.0, 0.0, 0.0, 0.0, 0.0, 0.0, 0.0, 0.0, 0.0, 0.0, 0.0, 0.0, 0.0, 0.0, 9216.0, 0.0, 0.0, 0.0, 0.0, 0.0, 0.0, 0.0, 0.0, 0.0, 0.0, 0.0, 0.0, 0.0, 0.0, 0.0]",2.7459068298339844,2.7459068298339844,6.0,0.0,,,"[0.0, 0.0, 0.0, 0.0, 0.0, 0.0, 0.0, 0.0, 0.0, 0.0, 0.0, 0.0, 0.0, 0.0, 0.0, 0.0, 9216.0, 0.0, 0.0, 0.0, 0.0, 0.0, 0.0, 0.0, 0.0, 0.0, 0.0, 0.0, 0.0, 0.0, 0.0, 0.0]",6.0,6.0
35,/features/features.2/conv/conv.1/conv.1.2/Clip,Clip,False,False,True,/features/features.2/conv/conv.1/conv.1.2/Clip_output_0,0.0033560427837073803,-0.0004722390149254352,0.02099631354212761,-0.4979199171066284,5.919625282287598,"[2.0, 2.0, 2.0, 1.0, 6.0, 12.0, 15.0, 18.0, 23.0, 46.0, 63.0, 102.0, 171.0, 274.0, 476.0, 746.0, 4244.0, 1063.0, 784.0, 518.0, 276.0, 163.0, 88.0, 54.0, 28.0, 12.0, 13.0, 3.0, 6.0, 3.0, 0.0, 2.0]",0.13376888632774353,-0.151389479637146,0.21406883001327515,0.2914641797542572,2.087907075881958,6.2328290939331055,"[4291.0, 1080.0, 917.0, 690.0, 551.0, 407.0, 278.0, 236.0, 267.0, 126.0, 94.0, 87.0, 48.0, 29.0, 29.0, 22.0, 16.0, 14.0, 6.0, 12.0, 1.0, 2.0, 2.0, 3.0, 1.0, 1.0, 2.0, 1.0, 1.0, 1.0, 0.0, 1.0]",2.7459068298339844,0.0,0.21454106271266937,0.29221946001052856,2.1089136600494385,6.406780242919922,"[4461.0, 1075.0, 922.0, 691.0, 526.0, 388.0, 241.0, 229.0, 248.0, 104.0, 97.0, 65.0, 36.0, 35.0, 23.0, 18.0, 20.0, 9.0, 7.0, 6.0, 2.0, 2.0, 3.0, 0.0, 3.0, 0.0, 2.0, 1.0, 1.0, 0.0, 0.0, 1.0]",2.8593406677246094,0.0
36,/features/features.2/conv/conv.2/Conv,Conv,False,True,False,/features/features.2/conv/conv.1/conv.1.2/Clip_output_0,0.0033560427837073803,-0.0004722390149254352,0.02099631354212761,-0.4979199171066284,5.919625282287598,"[2.0, 2.0, 2.0, 1.0, 6.0, 12.0, 15.0, 18.0, 23.0, 46.0, 63.0, 102.0, 171.0, 274.0, 476.0, 746.0, 4244.0, 1063.0, 784.0, 518.0, 276.0, 163.0, 88.0, 54.0, 28.0, 12.0, 13.0, 3.0, 6.0, 3.0, 0.0, 2.0]",0.13376888632774353,-0.151389479637146,0.21406883001327515,0.2914641797542572,2.087907075881958,6.2328290939331055,"[4291.0, 1080.0, 917.0, 690.0, 551.0, 407.0, 278.0, 236.0, 267.0, 126.0, 94.0, 87.0, 48.0, 29.0, 29.0, 22.0, 16.0, 14.0, 6.0, 12.0, 1.0, 2.0, 2.0, 3.0, 1.0, 1.0, 2.0, 1.0, 1.0, 1.0, 0.0, 1.0]",2.7459068298339844,0.0,0.21454106271266937,0.29221946001052856,2.1089136600494385,6.406780242919922,"[4461.0, 1075.0, 922.0, 691.0, 526.0, 388.0, 241.0, 229.0, 248.0, 104.0, 97.0, 65.0, 36.0, 35.0, 23.0, 18.0, 20.0, 9.0, 7.0, 6.0, 2.0, 2.0, 3.0, 0.0, 3.0, 0.0, 2.0, 1.0, 1.0, 0.0, 0.0, 1.0]",2.8593406677246094,0.0
37,/features/features.2/conv/conv.2/Conv,Conv,True,True,False,onnx::Conv_553,4.6589746489189565e-05,-4.5184508053353056e-05,0.001394813065417111,-0.01868150383234024,-1.0981343984603882,"[63.0, 99.0, 153.0, 144.0, 162.0, 369.0, 450.0, 396.0, 378.0, 315.0, 261.0, 567.0, 342.0, 423.0, 288.0, 252.0, 315.0, 279.0, 423.0, 324.0, 369.0, 441.0, 432.0, 396.0, 450.0, 270.0, 216.0, 270.0, 252.0, 81.0, 18.0, 18.0]",0.002952408045530319,-0.002961456775665283,-0.00511139165610075,0.20439119637012482,0.13734987378120422,0.6877734661102295,"[9.0, 9.0, 0.0, 0.0, 36.0, 63.0, 99.0, 108.0, 207.0, 279.0, 369.0, 459.0, 459.0, 765.0, 801.0, 1098.0, 999.0, 747.0, 657.0, 576.0, 522.0, 270.0, 180.0, 189.0, 117.0, 54.0, 18.0, 54.0, 18.0, 9.0, 27.0, 18.0]",0.7521993517875671,-0.7534609436988831,-0.005066209938377142,0.20439262688159943,0.14109452068805695,0.6941452026367188,"[9.0, 9.0, 0.0, 0.0, 36.0, 63.0, 99.0, 108.0, 207.0, 315.0, 342.0, 450.0, 522.0, 729.0, 819.0, 1179.0, 927.0, 720.0, 657.0, 621.0, 486.0, 243.0, 180.0, 198.0, 108.0, 45.0, 18.0, 63.0, 9.0, 9.0, 27.0, 18.0]",0.7551608085632324,-0.750517725944519
38,/features/features.2/conv/conv.2/Conv,Conv,True,True,False,onnx::Conv_554,0.0,0.0,0.0,,,"[0.0, 0.0, 0.0, 0.0, 0.0, 0.0, 0.0, 0.0, 0.0, 0.0, 0.0, 0.0, 0.0, 0.0, 0.0, 0.0, 9216.0, 0.0, 0.0, 0.0, 0.0, 0.0, 0.0, 0.0, 0.0, 0.0, 0.0, 0.0, 0.0, 0.0, 0.0, 0.0]",0.0,0.0,0.11708830296993256,0.645713746547699,0.6585028171539307,0.9682092666625977,"[441.0, 0.0, 0.0, 0.0, 297.0, 405.0, 0.0, 729.0, 0.0, 0.0, 1053.0, 396.0, 810.0, 792.0, 1494.0, 396.0, 819.0, 0.0, 297.0, 0.0, 0.0, 360.0, 0.0, 0.0, 0.0, 0.0, 468.0, 0.0, 0.0, 0.0, 0.0, 459.0]",1.8024239540100098,-1.165927767753601,0.11708830296993256,0.645713746547699,0.6585028171539307,0.9682092666625977,"[441.0, 0.0, 0.0, 0.0, 297.0, 405.0, 0.0, 729.0, 0.0, 0.0, 1053.0, 396.0, 810.0, 792.0, 1494.0, 396.0, 819.0, 0.0, 297.0, 0.0, 0.0, 360.0, 0.0, 0.0, 0.0, 0.0, 468.0, 0.0, 0.0, 0.0, 0.0, 459.0]",1.8024239540100098,-1.165927767753601
39,/features/features.2/conv/conv.2/Conv,Conv,False,False,True,/features/features.2/conv/conv.2/Conv_output_0,0.006304767914116383,0.0020808910485357046,0.042100001126527786,-0.0774785578250885,0.9817988872528076,"[1.0, 0.0, 0.0, 0.0, 2.0, 3.0, 8.0, 11.0, 24.0, 67.0, 141.0, 340.0, 640.0, 1066.0, 1390.0, 1633.0, 1462.0, 1121.0, 707.0, 335.0, 159.0, 69.0, 25.0, 10.0, 0.0, 0.0, 0.0, 0.0, 0.0, 0.0, 1.0, 1.0]",0.2945730686187744,-0.27426618337631226,0.04644147679209709,0.5246447324752808,0.7412200570106506,1.1104402542114258,"[2.0, 0.0, 2.0, 18.0, 26.0, 39.0, 133.0, 153.0, 351.0, 469.0, 777.0, 1021.0, 1208.0, 1137.0, 1002.0, 645.0, 554.0, 393.0, 306.0, 251.0, 186.0, 174.0, 110.0, 84.0, 57.0, 41.0, 26.0, 29.0, 10.0, 4.0, 5.0, 3.0]",2.4551305770874023,-1.7978514432907104,0.04436058551073074,0.5289999842643738,0.7515485286712646,1.104891300201416,"[2.0, 0.0, 3.0, 15.0, 27.0, 39.0, 114.0, 166.0, 340.0, 460.0, 773.0, 1010.0, 1163.0, 1109.0, 1027.0, 737.0, 538.0, 372.0, 310.0, 247.0, 200.0, 162.0, 124.0, 85.0, 67.0, 44.0, 27.0, 32.0, 9.0, 5.0, 6.0, 3.0]",2.450221300125122,-1.8145922422409058
40,/features/features.3/conv/conv.0/conv.0.0/Conv,Conv,False,True,False,/features/features.2/conv/conv.2/Conv_output_0,0.006304767914116383,0.0020808910485357046,0.042100001126527786,-0.0774785578250885,0.9817988872528076,"[1.0, 0.0, 0.0, 0.0, 2.0, 3.0, 8.0, 11.0, 24.0, 67.0, 141.0, 340.0, 640.0, 1066.0, 1390.0, 1633.0, 1462.0, 1121.0, 707.0, 335.0, 159.0, 69.0, 25.0, 10.0, 0.0, 0.0, 0.0, 0.0, 0.0, 0.0, 1.0, 1.0]",0.2945730686187744,-0.27426618337631226,0.04644147679209709,0.5246447324752808,0.7412200570106506,1.1104402542114258,"[2.0, 0.0, 2.0, 18.0, 26.0, 39.0, 133.0, 153.0, 351.0, 469.0, 777.0, 1021.0, 1208.0, 1137.0, 1002.0, 645.0, 554.0, 393.0, 306.0, 251.0, 186.0, 174.0, 110.0, 84.0, 57.0, 41.0, 26.0, 29.0, 10.0, 4.0, 5.0, 3.0]",2.4551305770874023,-1.7978514432907104,0.04436058551073074,0.5289999842643738,0.7515485286712646,1.104891300201416,"[2.0, 0.0, 3.0, 15.0, 27.0, 39.0, 114.0, 166.0, 340.0, 460.0, 773.0, 1010.0, 1163.0, 1109.0, 1027.0, 737.0, 538.0, 372.0, 310.0, 247.0, 200.0, 162.0, 124.0, 85.0, 67.0, 44.0, 27.0, 32.0, 9.0, 5.0, 6.0, 3.0]",2.450221300125122,-1.8145922422409058
41,/features/features.3/conv/conv.0/conv.0.0/Conv,Conv,True,True,False,onnx::Conv_556,3.1916079024085775e-05,-1.4696386642754078e-05,0.00040977171738632023,-0.04638431966304779,-0.31235408782958984,"[18.0, 27.0, 27.0, 54.0, 72.0, 90.0, 180.0, 279.0, 225.0, 333.0, 432.0, 459.0, 459.0, 603.0, 747.0, 540.0, 468.0, 603.0, 486.0, 639.0, 612.0, 504.0, 315.0, 324.0, 270.0, 198.0, 81.0, 54.0, 27.0, 9.0, 27.0, 54.0]",0.0011448264122009277,-0.0012005269527435303,0.003201300511136651,0.0724959746003151,-0.0678292065858841,1.3206233978271484,"[27.0, 9.0, 9.0, 18.0, 9.0, 54.0, 81.0, 90.0, 117.0, 189.0, 261.0, 459.0, 630.0, 882.0, 1260.0, 981.0, 1089.0, 756.0, 657.0, 594.0, 378.0, 153.0, 198.0, 72.0, 90.0, 81.0, 45.0, 9.0, 9.0, 0.0, 0.0, 9.0]",0.30492839217185974,-0.2853700816631317,0.0032159960828721523,0.07250861078500748,-0.06314632296562195,1.3225908279418945,"[27.0, 9.0, 9.0, 18.0, 9.0, 45.0, 90.0, 90.0, 117.0, 189.0, 225.0, 495.0, 621.0, 864.0, 1296.0, 981.0, 1080.0, 765.0, 675.0, 576.0, 378.0, 144.0, 198.0, 72.0, 90.0, 81.0, 45.0, 9.0, 9.0, 0.0, 0.0, 9.0]",0.30612891912460327,-0.28649356961250305
42,/features/features.3/conv/conv.0/conv.0.0/Conv,Conv,True,True,False,onnx::Conv_557,0.0,0.0,0.0,,,"[0.0, 0.0, 0.0, 0.0, 0.0, 0.0, 0.0, 0.0, 0.0, 0.0, 0.0, 0.0, 0.0, 0.0, 0.0, 0.0, 9216.0, 0.0, 0.0, 0.0, 0.0, 0.0, 0.0, 0.0, 0.0, 0.0, 0.0, 0.0, 0.0, 0.0, 0.0, 0.0]",0.0,0.0,0.11124435067176819,0.16528554260730743,1.2026408910751343,7.388097763061523,"[72.0, 0.0, 0.0, 0.0, 198.0, 252.0, 594.0, 495.0, 585.0, 738.0, 1233.0, 612.0, 1071.0, 1872.0, 405.0, 657.0, 261.0, 0.0, 0.0, 0.0, 81.0, 0.0, 0.0, 0.0, 0.0, 0.0, 0.0, 0.0, 0.0, 0.0, 0.0, 90.0]",1.012308955192566,-0.3879559636116028,0.11124435067176819,0.16528554260730743,1.2026408910751343,7.388097763061523,"[72.0, 0.0, 0.0, 0.0, 198.0, 252.0, 594.0, 495.0, 585.0, 738.0, 1233.0, 612.0, 1071.0, 1872.0, 405.0, 657.0, 261.0, 0.0, 0.0, 0.0, 81.0, 0.0, 0.0, 0.0, 0.0, 0.0, 0.0, 0.0, 0.0, 0.0, 0.0, 90.0]",1.012308955192566,-0.3879559636116028
43,/features/features.3/conv/conv.0/conv.0.0/Conv,Conv,False,False,True,/features/features.3/conv/conv.0/conv.0.0/Conv_output_0,0.002190604340285063,0.0006908079376444221,0.014135614037513733,0.4022117257118225,4.883513450622559,"[1.0, 0.0, 0.0, 2.0, 0.0, 3.0, 2.0, 2.0, 9.0, 14.0, 33.0, 84.0, 150.0, 429.0, 1046.0, 1827.0, 2424.0, 1557.0, 829.0, 419.0, 195.0, 89.0, 45.0, 18.0, 14.0, 8.0, 4.0, 4.0, 2.0, 2.0, 0.0, 4.0]",0.1092381477355957,-0.11445504426956177,0.08851759880781174,0.28754881024360657,-2.53201961517334,16.469257354736328,"[1.0, 0.0, 1.0, 1.0, 4.0, 5.0, 1.0, 9.0, 9.0, 12.0, 10.0, 13.0, 13.0, 10.0, 3.0, 5.0, 8.0, 8.0, 31.0, 94.0, 214.0, 559.0, 1148.0, 1510.0, 2056.0, 2104.0, 1007.0, 277.0, 40.0, 9.0, 0.0, 54.0]",1.0515120029449463,-2.8902390003204346,0.08782680332660675,0.28934118151664734,-2.524832010269165,16.313940048217773,"[1.0, 1.0, 1.0, 1.0, 5.0, 3.0, 3.0, 8.0, 12.0, 12.0, 11.0, 14.0, 11.0, 7.0, 2.0, 9.0, 5.0, 12.0, 36.0, 110.0, 266.0, 645.0, 1181.0, 1554.0, 2017.0, 2045.0, 899.0, 252.0, 31.0, 8.0, 0.0, 54.0]",1.0544108152389526,-2.8370728492736816
44,/features/features.3/conv/conv.0/conv.0.2/Clip,Clip,False,True,False,/features/features.3/conv/conv.0/conv.0.0/Conv_output_0,0.002190604340285063,0.0006908079376444221,0.014135614037513733,0.4022117257118225,4.883513450622559,"[1.0, 0.0, 0.0, 2.0, 0.0, 3.0, 2.0, 2.0, 9.0, 14.0, 33.0, 84.0, 150.0, 429.0, 1046.0, 1827.0, 2424.0, 1557.0, 829.0, 419.0, 195.0, 89.0, 45.0, 18.0, 14.0, 8.0, 4.0, 4.0, 2.0, 2.0, 0.0, 4.0]",0.1092381477355957,-0.11445504426956177,0.08851759880781174,0.28754881024360657,-2.53201961517334,16.469257354736328,"[1.0, 0.0, 1.0, 1.0, 4.0, 5.0, 1.0, 9.0, 9.0, 12.0, 10.0, 13.0, 13.0, 10.0, 3.0, 5.0, 8.0, 8.0, 31.0, 94.0, 214.0, 559.0, 1148.0, 1510.0, 2056.0, 2104.0, 1007.0, 277.0, 40.0, 9.0, 0.0, 54.0]",1.0515120029449463,-2.8902390003204346,0.08782680332660675,0.28934118151664734,-2.524832010269165,16.313940048217773,"[1.0, 1.0, 1.0, 1.0, 5.0, 3.0, 3.0, 8.0, 12.0, 12.0, 11.0, 14.0, 11.0, 7.0, 2.0, 9.0, 5.0, 12.0, 36.0, 110.0, 266.0, 645.0, 1181.0, 1554.0, 2017.0, 2045.0, 899.0, 252.0, 31.0, 8.0, 0.0, 54.0]",1.0544108152389526,-2.8370728492736816
45,/features/features.3/conv/conv.0/conv.0.2/Clip,Clip,True,True,False,/features/features.3/conv/conv.0/conv.0.2/Constant_output_0,0.0,0.0,0.0,,,"[0.0, 0.0, 0.0, 0.0, 0.0, 0.0, 0.0, 0.0, 0.0, 0.0, 0.0, 0.0, 0.0, 0.0, 0.0, 0.0, 9216.0, 0.0, 0.0, 0.0, 0.0, 0.0, 0.0, 0.0, 0.0, 0.0, 0.0, 0.0, 0.0, 0.0, 0.0, 0.0]",0.0,0.0,0.0,0.0,,,"[0.0, 0.0, 0.0, 0.0, 0.0, 0.0, 0.0, 0.0, 0.0, 0.0, 0.0, 0.0, 0.0, 0.0, 0.0, 0.0, 9216.0, 0.0, 0.0, 0.0, 0.0, 0.0, 0.0, 0.0, 0.0, 0.0, 0.0, 0.0, 0.0, 0.0, 0.0, 0.0]",0.0,0.0,0.0,0.0,,,"[0.0, 0.0, 0.0, 0.0, 0.0, 0.0, 0.0, 0.0, 0.0, 0.0, 0.0, 0.0, 0.0, 0.0, 0.0, 0.0, 9216.0, 0.0, 0.0, 0.0, 0.0, 0.0, 0.0, 0.0, 0.0, 0.0, 0.0, 0.0, 0.0, 0.0, 0.0, 0.0]",0.0,0.0
46,/features/features.3/conv/conv.0/conv.0.2/Clip,Clip,True,True,False,/features/features.3/conv/conv.0/conv.0.2/Constant_1_output_0,0.6804697513580322,-4.949435234069824,0.0,,,"[0.0, 0.0, 0.0, 0.0, 0.0, 0.0, 0.0, 0.0, 0.0, 0.0, 0.0, 0.0, 0.0, 0.0, 0.0, 0.0, 9216.0, 0.0, 0.0, 0.0, 0.0, 0.0, 0.0, 0.0, 0.0, 0.0, 0.0, 0.0, 0.0, 0.0, 0.0, 0.0]",-4.949435234069824,-4.949435234069824,1.0505650043487549,0.0,,,"[0.0, 0.0, 0.0, 0.0, 0.0, 0.0, 0.0, 0.0, 0.0, 0.0, 0.0, 0.0, 0.0, 0.0, 0.0, 0.0, 9216.0, 0.0, 0.0, 0.0, 0.0, 0.0, 0.0, 0.0, 0.0, 0.0, 0.0, 0.0, 0.0, 0.0, 0.0, 0.0]",1.0505650043487549,1.0505650043487549,6.0,0.0,,,"[0.0, 0.0, 0.0, 0.0, 0.0, 0.0, 0.0, 0.0, 0.0, 0.0, 0.0, 0.0, 0.0, 0.0, 0.0, 0.0, 9216.0, 0.0, 0.0, 0.0, 0.0, 0.0, 0.0, 0.0, 0.0, 0.0, 0.0, 0.0, 0.0, 0.0, 0.0, 0.0]",6.0,6.0
47,/features/features.3/conv/conv.0/conv.0.2/Clip,Clip,False,False,True,/features/features.3/conv/conv.0/conv.0.2/Clip_output_0,0.002018983941525221,-0.00011534806253621355,0.009900644421577454,0.05735882744193077,3.5195040702819824,"[1.0, 2.0, 3.0, 3.0, 9.0, 8.0, 21.0, 35.0, 51.0, 88.0, 178.0, 342.0, 502.0, 703.0, 932.0, 3836.0, 840.0, 649.0, 390.0, 253.0, 140.0, 101.0, 54.0, 30.0, 16.0, 18.0, 8.0, 1.0, 0.0, 0.0, 1.0, 1.0]",0.0656445175409317,-0.06075678765773773,0.15242739021778107,0.15830838680267334,1.4128676652908325,4.056138515472412,"[3161.0, 441.0, 512.0, 544.0, 580.0, 572.0, 586.0, 579.0, 597.0, 448.0, 332.0, 234.0, 208.0, 132.0, 103.0, 52.0, 32.0, 20.0, 14.0, 1.0, 7.0, 2.0, 0.0, 3.0, 2.0, 0.0, 0.0, 0.0, 0.0, 5.0, 24.0, 25.0]",1.0505650043487549,0.0,0.15254274010658264,0.15901359915733337,1.4033955335617065,3.9539527893066406,"[3252.0, 441.0, 496.0, 555.0, 551.0, 561.0, 577.0, 588.0, 578.0, 431.0, 329.0, 240.0, 197.0, 131.0, 97.0, 57.0, 37.0, 15.0, 10.0, 6.0, 5.0, 2.0, 1.0, 3.0, 2.0, 0.0, 0.0, 0.0, 0.0, 5.0, 26.0, 23.0]",1.0544108152389526,0.0
48,/features/features.3/conv/conv.1/conv.1.0/Conv,Conv,False,True,False,/features/features.3/conv/conv.0/conv.0.2/Clip_output_0,0.002018983941525221,-0.00011534806253621355,0.009900644421577454,0.05735882744193077,3.5195040702819824,"[1.0, 2.0, 3.0, 3.0, 9.0, 8.0, 21.0, 35.0, 51.0, 88.0, 178.0, 342.0, 502.0, 703.0, 932.0, 3836.0, 840.0, 649.0, 390.0, 253.0, 140.0, 101.0, 54.0, 30.0, 16.0, 18.0, 8.0, 1.0, 0.0, 0.0, 1.0, 1.0]",0.0656445175409317,-0.06075678765773773,0.15242739021778107,0.15830838680267334,1.4128676652908325,4.056138515472412,"[3161.0, 441.0, 512.0, 544.0, 580.0, 572.0, 586.0, 579.0, 597.0, 448.0, 332.0, 234.0, 208.0, 132.0, 103.0, 52.0, 32.0, 20.0, 14.0, 1.0, 7.0, 2.0, 0.0, 3.0, 2.0, 0.0, 0.0, 0.0, 0.0, 5.0, 24.0, 25.0]",1.0505650043487549,0.0,0.15254274010658264,0.15901359915733337,1.4033955335617065,3.9539527893066406,"[3252.0, 441.0, 496.0, 555.0, 551.0, 561.0, 577.0, 588.0, 578.0, 431.0, 329.0, 240.0, 197.0, 131.0, 97.0, 57.0, 37.0, 15.0, 10.0, 6.0, 5.0, 2.0, 1.0, 3.0, 2.0, 0.0, 0.0, 0.0, 0.0, 5.0, 26.0, 23.0]",1.0544108152389526,0.0
49,/features/features.3/conv/conv.1/conv.1.0/Conv,Conv,True,True,False,onnx::Conv_559,3.078200461459346e-05,-0.000921954691875726,0.00624387850984931,0.0555708222091198,0.28734803199768066,"[72.0, 63.0, 36.0, 36.0, 54.0, 99.0, 81.0, 234.0, 216.0, 540.0, 450.0, 711.0, 585.0, 639.0, 720.0, 729.0, 630.0, 621.0, 459.0, 576.0, 396.0, 387.0, 288.0, 180.0, 117.0, 63.0, 81.0, 63.0, 9.0, 36.0, 9.0, 36.0]",0.01884174346923828,-0.018831729888916016,-0.0723157450556755,1.1350011825561523,-0.29813846945762634,3.0819807052612305,"[36.0, 45.0, 9.0, 27.0, 45.0, 27.0, 18.0, 99.0, 90.0, 126.0, 171.0, 297.0, 396.0, 729.0, 1269.0, 1665.0, 1467.0, 927.0, 504.0, 288.0, 270.0, 261.0, 153.0, 54.0, 72.0, 63.0, 45.0, 36.0, 9.0, 9.0, 0.0, 9.0]",4.783289909362793,-4.785881519317627,-0.07139379531145096,1.135358452796936,-0.28837376832962036,3.090447425842285,"[36.0, 45.0, 9.0, 27.0, 45.0, 27.0, 18.0, 90.0, 99.0, 126.0, 171.0, 297.0, 396.0, 711.0, 1287.0, 1746.0, 1359.0, 954.0, 504.0, 288.0, 270.0, 261.0, 153.0, 54.0, 72.0, 63.0, 45.0, 36.0, 9.0, 9.0, 0.0, 9.0]",4.802121639251709,-4.804723262786865
50,/features/features.3/conv/conv.1/conv.1.0/Conv,Conv,True,True,False,onnx::Conv_560,0.0,0.0,0.0,,,"[0.0, 0.0, 0.0, 0.0, 0.0, 0.0, 0.0, 0.0, 0.0, 0.0, 0.0, 0.0, 0.0, 0.0, 0.0, 0.0, 9216.0, 0.0, 0.0, 0.0, 0.0, 0.0, 0.0, 0.0, 0.0, 0.0, 0.0, 0.0, 0.0, 0.0, 0.0, 0.0]",0.0,0.0,0.10868250578641891,0.4215852916240692,5.6008782386779785,43.55923843383789,"[27.0, 135.0, 216.0, 225.0, 846.0, 4113.0, 1530.0, 963.0, 468.0, 198.0, 171.0, 234.0, 0.0, 0.0, 0.0, 0.0, 0.0, 0.0, 0.0, 0.0, 0.0, 0.0, 0.0, 0.0, 0.0, 0.0, 0.0, 0.0, 0.0, 0.0, 0.0, 90.0]",3.602252960205078,-0.7577368021011353,0.10868250578641891,0.4215852916240692,5.6008782386779785,43.55923843383789,"[27.0, 135.0, 216.0, 225.0, 846.0, 4113.0, 1530.0, 963.0, 468.0, 198.0, 171.0, 234.0, 0.0, 0.0, 0.0, 0.0, 0.0, 0.0, 0.0, 0.0, 0.0, 0.0, 0.0, 0.0, 0.0, 0.0, 0.0, 0.0, 0.0, 0.0, 0.0, 90.0]",3.602252960205078,-0.7577368021011353
51,/features/features.3/conv/conv.1/conv.1.0/Conv,Conv,False,False,True,/features/features.3/conv/conv.1/conv.1.0/Conv_output_0,0.007296059280633926,-0.001174833858385682,0.0264288280159235,-0.0044576856307685375,2.88234806060791,"[1.0, 0.0, 0.0, 0.0, 0.0, 0.0, 1.0, 3.0, 2.0, 9.0, 14.0, 27.0, 62.0, 119.0, 218.0, 369.0, 662.0, 980.0, 1606.0, 2868.0, 937.0, 608.0, 333.0, 182.0, 93.0, 49.0, 37.0, 17.0, 9.0, 6.0, 1.0, 3.0]",0.14680102467536926,-0.2160428762435913,0.08331319689750671,0.2970938980579376,0.2942931652069092,1.4970836639404297,"[1.0, 2.0, 0.0, 4.0, 10.0, 5.0, 12.0, 23.0, 34.0, 61.0, 95.0, 135.0, 262.0, 410.0, 780.0, 805.0, 1358.0, 1361.0, 1102.0, 821.0, 576.0, 537.0, 244.0, 138.0, 105.0, 97.0, 103.0, 59.0, 28.0, 25.0, 18.0, 5.0]",1.2982815504074097,-1.4133756160736084,0.08448803424835205,0.29796722531318665,0.3042980432510376,1.523263931274414,"[1.0, 0.0, 2.0, 0.0, 8.0, 6.0, 15.0, 16.0, 33.0, 58.0, 95.0, 121.0, 233.0, 421.0, 768.0, 813.0, 1394.0, 1376.0, 1141.0, 853.0, 589.0, 481.0, 238.0, 135.0, 96.0, 117.0, 81.0, 56.0, 29.0, 26.0, 11.0, 3.0]",1.3355836868286133,-1.4564523696899414
52,/features/features.3/conv/conv.1/conv.1.2/Clip,Clip,False,True,False,/features/features.3/conv/conv.1/conv.1.0/Conv_output_0,0.007296059280633926,-0.001174833858385682,0.0264288280159235,-0.0044576856307685375,2.88234806060791,"[1.0, 0.0, 0.0, 0.0, 0.0, 0.0, 1.0, 3.0, 2.0, 9.0, 14.0, 27.0, 62.0, 119.0, 218.0, 369.0, 662.0, 980.0, 1606.0, 2868.0, 937.0, 608.0, 333.0, 182.0, 93.0, 49.0, 37.0, 17.0, 9.0, 6.0, 1.0, 3.0]",0.14680102467536926,-0.2160428762435913,0.08331319689750671,0.2970938980579376,0.2942931652069092,1.4970836639404297,"[1.0, 2.0, 0.0, 4.0, 10.0, 5.0, 12.0, 23.0, 34.0, 61.0, 95.0, 135.0, 262.0, 410.0, 780.0, 805.0, 1358.0, 1361.0, 1102.0, 821.0, 576.0, 537.0, 244.0, 138.0, 105.0, 97.0, 103.0, 59.0, 28.0, 25.0, 18.0, 5.0]",1.2982815504074097,-1.4133756160736084,0.08448803424835205,0.29796722531318665,0.3042980432510376,1.523263931274414,"[1.0, 0.0, 2.0, 0.0, 8.0, 6.0, 15.0, 16.0, 33.0, 58.0, 95.0, 121.0, 233.0, 421.0, 768.0, 813.0, 1394.0, 1376.0, 1141.0, 853.0, 589.0, 481.0, 238.0, 135.0, 96.0, 117.0, 81.0, 56.0, 29.0, 26.0, 11.0, 3.0]",1.3355836868286133,-1.4564523696899414
53,/features/features.3/conv/conv.1/conv.1.2/Clip,Clip,True,True,False,/features/features.3/conv/conv.1/conv.1.2/Constant_output_0,0.0,0.0,0.0,,,"[0.0, 0.0, 0.0, 0.0, 0.0, 0.0, 0.0, 0.0, 0.0, 0.0, 0.0, 0.0, 0.0, 0.0, 0.0, 0.0, 9216.0, 0.0, 0.0, 0.0, 0.0, 0.0, 0.0, 0.0, 0.0, 0.0, 0.0, 0.0, 0.0, 0.0, 0.0, 0.0]",0.0,0.0,0.0,0.0,,,"[0.0, 0.0, 0.0, 0.0, 0.0, 0.0, 0.0, 0.0, 0.0, 0.0, 0.0, 0.0, 0.0, 0.0, 0.0, 0.0, 9216.0, 0.0, 0.0, 0.0, 0.0, 0.0, 0.0, 0.0, 0.0, 0.0, 0.0, 0.0, 0.0, 0.0, 0.0, 0.0]",0.0,0.0,0.0,0.0,,,"[0.0, 0.0, 0.0, 0.0, 0.0, 0.0, 0.0, 0.0, 0.0, 0.0, 0.0, 0.0, 0.0, 0.0, 0.0, 0.0, 9216.0, 0.0, 0.0, 0.0, 0.0, 0.0, 0.0, 0.0, 0.0, 0.0, 0.0, 0.0, 0.0, 0.0, 0.0, 0.0]",0.0,0.0
54,/features/features.3/conv/conv.1/conv.1.2/Clip,Clip,True,True,False,/features/features.3/conv/conv.1/conv.1.2/Constant_1_output_0,0.5009362697601318,-4.246612071990967,1.4305891227195389e-06,0.9998371601104736,-2.0002174377441406,"[0.0, 0.0, 0.0, 0.0, 0.0, 0.0, 0.0, 0.0, 0.0, 0.0, 0.0, 0.0, 0.0, 0.0, 0.0, 0.0, 9216.0, 0.0, 0.0, 0.0, 0.0, 0.0, 0.0, 0.0, 0.0, 0.0, 0.0, 0.0, 0.0, 0.0, 0.0, 0.0]",-4.246610641479492,-4.246610641479492,1.7533892393112183,1.1921575548967667e-07,0.9998371601104736,-2.0002174377441406,"[0.0, 0.0, 0.0, 0.0, 0.0, 0.0, 0.0, 0.0, 0.0, 0.0, 0.0, 0.0, 0.0, 0.0, 0.0, 0.0, 9216.0, 0.0, 0.0, 0.0, 0.0, 0.0, 0.0, 0.0, 0.0, 0.0, 0.0, 0.0, 0.0, 0.0, 0.0, 0.0]",1.7533893585205078,1.7533893585205078,6.0,0.0,,,"[0.0, 0.0, 0.0, 0.0, 0.0, 0.0, 0.0, 0.0, 0.0, 0.0, 0.0, 0.0, 0.0, 0.0, 0.0, 0.0, 9216.0, 0.0, 0.0, 0.0, 0.0, 0.0, 0.0, 0.0, 0.0, 0.0, 0.0, 0.0, 0.0, 0.0, 0.0, 0.0]",6.0,6.0
55,/features/features.3/conv/conv.1/conv.1.2/Clip,Clip,False,False,True,/features/features.3/conv/conv.1/conv.1.2/Clip_output_0,0.00538206659257412,-0.0008835417102091014,0.019476983696222305,-0.04687735065817833,6.471656799316406,"[1.0, 1.0, 0.0, 3.0, 8.0, 10.0, 14.0, 29.0, 39.0, 84.0, 131.0, 219.0, 361.0, 496.0, 1101.0, 4928.0, 683.0, 418.0, 298.0, 160.0, 88.0, 64.0, 24.0, 27.0, 10.0, 11.0, 3.0, 1.0, 1.0, 0.0, 1.0, 2.0]",0.1523226648569107,-0.14165088534355164,0.15574687719345093,0.2133592665195465,1.8761926889419556,3.841080665588379,"[4083.0, 612.0, 718.0, 484.0, 598.0, 457.0, 341.0, 331.0, 230.0, 260.0, 274.0, 166.0, 78.0, 72.0, 65.0, 37.0, 46.0, 54.0, 43.0, 55.0, 60.0, 28.0, 31.0, 23.0, 15.0, 12.0, 14.0, 10.0, 10.0, 6.0, 1.0, 2.0]",1.2977842092514038,0.0,0.15663042664527893,0.21469499170780182,1.8806567192077637,3.856783866882324,"[4193.0, 653.0, 665.0, 439.0, 633.0, 473.0, 319.0, 307.0, 261.0, 192.0, 283.0, 145.0, 87.0, 72.0, 58.0, 50.0, 44.0, 50.0, 55.0, 62.0, 39.0, 23.0, 34.0, 19.0, 12.0, 14.0, 11.0, 11.0, 6.0, 3.0, 1.0, 2.0]",1.3355836868286133,0.0
56,/features/features.3/conv/conv.2/Conv,Conv,False,True,False,/features/features.3/conv/conv.1/conv.1.2/Clip_output_0,0.00538206659257412,-0.0008835417102091014,0.019476983696222305,-0.04687735065817833,6.471656799316406,"[1.0, 1.0, 0.0, 3.0, 8.0, 10.0, 14.0, 29.0, 39.0, 84.0, 131.0, 219.0, 361.0, 496.0, 1101.0, 4928.0, 683.0, 418.0, 298.0, 160.0, 88.0, 64.0, 24.0, 27.0, 10.0, 11.0, 3.0, 1.0, 1.0, 0.0, 1.0, 2.0]",0.1523226648569107,-0.14165088534355164,0.15574687719345093,0.2133592665195465,1.8761926889419556,3.841080665588379,"[4083.0, 612.0, 718.0, 484.0, 598.0, 457.0, 341.0, 331.0, 230.0, 260.0, 274.0, 166.0, 78.0, 72.0, 65.0, 37.0, 46.0, 54.0, 43.0, 55.0, 60.0, 28.0, 31.0, 23.0, 15.0, 12.0, 14.0, 10.0, 10.0, 6.0, 1.0, 2.0]",1.2977842092514038,0.0,0.15663042664527893,0.21469499170780182,1.8806567192077637,3.856783866882324,"[4193.0, 653.0, 665.0, 439.0, 633.0, 473.0, 319.0, 307.0, 261.0, 192.0, 283.0, 145.0, 87.0, 72.0, 58.0, 50.0, 44.0, 50.0, 55.0, 62.0, 39.0, 23.0, 34.0, 19.0, 12.0, 14.0, 11.0, 11.0, 6.0, 3.0, 1.0, 2.0]",1.3355836868286133,0.0
57,/features/features.3/conv/conv.2/Conv,Conv,True,True,False,onnx::Conv_562,5.1066406740574166e-05,-4.191709740553051e-05,0.001684945309534669,0.024210430681705475,-0.8891196250915527,"[9.0, 0.0, 0.0, 0.0, 63.0, 72.0, 216.0, 288.0, 432.0, 459.0, 405.0, 414.0, 486.0, 423.0, 486.0, 522.0, 432.0, 441.0, 504.0, 522.0, 468.0, 450.0, 495.0, 423.0, 378.0, 369.0, 189.0, 99.0, 45.0, 81.0, 18.0, 27.0]",0.0042483191937208176,-0.004752516746520996,0.015649477019906044,0.235115185379982,0.15739582479000092,0.8934736251831055,"[27.0, 0.0, 18.0, 18.0, 153.0, 135.0, 261.0, 360.0, 405.0, 612.0, 918.0, 882.0, 981.0, 1152.0, 954.0, 810.0, 423.0, 351.0, 261.0, 225.0, 108.0, 63.0, 18.0, 27.0, 27.0, 18.0, 0.0, 0.0, 0.0, 0.0, 0.0, 9.0]",1.2071166038513184,-0.7738540768623352,0.015691393986344337,0.23533645272254944,0.15932001173496246,0.9058837890625,"[27.0, 0.0, 27.0, 9.0, 180.0, 108.0, 270.0, 360.0, 432.0, 585.0, 981.0, 864.0, 1017.0, 1080.0, 990.0, 783.0, 405.0, 360.0, 261.0, 207.0, 108.0, 63.0, 18.0, 27.0, 27.0, 18.0, 0.0, 0.0, 0.0, 0.0, 0.0, 9.0]",1.2118691205978394,-0.7708312273025513
58,/features/features.3/conv/conv.2/Conv,Conv,True,True,False,onnx::Conv_563,0.0,0.0,0.0,,,"[0.0, 0.0, 0.0, 0.0, 0.0, 0.0, 0.0, 0.0, 0.0, 0.0, 0.0, 0.0, 0.0, 0.0, 0.0, 0.0, 9216.0, 0.0, 0.0, 0.0, 0.0, 0.0, 0.0, 0.0, 0.0, 0.0, 0.0, 0.0, 0.0, 0.0, 0.0, 0.0]",0.0,0.0,-0.20761211216449738,0.9241299033164978,-0.434711217880249,-0.552088737487793,"[351.0, 351.0, 0.0, 0.0, 0.0, 0.0, 0.0, 441.0, 396.0, 459.0, 297.0, 0.0, 0.0, 0.0, 459.0, 792.0, 0.0, 360.0, 333.0, 459.0, 0.0, 1557.0, 0.0, 747.0, 0.0, 396.0, 0.0, 333.0, 756.0, 297.0, 0.0, 432.0]",1.284507155418396,-2.2345468997955322,-0.20761211216449738,0.9241299033164978,-0.434711217880249,-0.552088737487793,"[351.0, 351.0, 0.0, 0.0, 0.0, 0.0, 0.0, 441.0, 396.0, 459.0, 297.0, 0.0, 0.0, 0.0, 459.0, 792.0, 0.0, 360.0, 333.0, 459.0, 0.0, 1557.0, 0.0, 747.0, 0.0, 396.0, 0.0, 333.0, 756.0, 297.0, 0.0, 432.0]",1.284507155418396,-2.2345468997955322
59,/features/features.3/conv/conv.2/Conv,Conv,False,False,True,/features/features.3/conv/conv.2/Conv_output_0,0.014764620922505856,0.005172823090106249,0.06088007986545563,0.49032294750213623,3.3596787452697754,"[4.0, 7.0, 39.0, 100.0, 192.0, 385.0, 677.0, 990.0, 1491.0, 1515.0, 1410.0, 1049.0, 653.0, 363.0, 174.0, 85.0, 39.0, 20.0, 7.0, 4.0, 1.0, 0.0, 1.0, 0.0, 0.0, 2.0, 2.0, 1.0, 1.0, 1.0, 2.0, 1.0]",0.5389201641082764,-0.22043631970882416,-0.0744343176484108,0.491168349981308,0.042598214000463486,0.31513166427612305,"[3.0, 6.0, 13.0, 14.0, 37.0, 47.0, 89.0, 181.0, 269.0, 320.0, 593.0, 747.0, 790.0, 1000.0, 994.0, 867.0, 925.0, 738.0, 552.0, 350.0, 270.0, 166.0, 92.0, 71.0, 44.0, 12.0, 15.0, 6.0, 2.0, 1.0, 1.0, 1.0]",2.184486150741577,-1.952505350112915,-0.07960714399814606,0.4964936673641205,0.032097842544317245,0.33788585662841797,"[1.0, 0.0, 5.0, 7.0, 11.0, 17.0, 33.0, 56.0, 108.0, 219.0, 304.0, 447.0, 664.0, 865.0, 977.0, 1027.0, 953.0, 984.0, 789.0, 584.0, 452.0, 284.0, 177.0, 104.0, 73.0, 40.0, 15.0, 9.0, 7.0, 2.0, 0.0, 2.0]",2.12845778465271,-2.2658956050872803
60,/features/features.3/Add,Add,False,True,False,/features/features.2/conv/conv.2/Conv_output_0,0.006304767914116383,0.0020808910485357046,0.042100001126527786,-0.0774785578250885,0.9817988872528076,"[1.0, 0.0, 0.0, 0.0, 2.0, 3.0, 8.0, 11.0, 24.0, 67.0, 141.0, 340.0, 640.0, 1066.0, 1390.0, 1633.0, 1462.0, 1121.0, 707.0, 335.0, 159.0, 69.0, 25.0, 10.0, 0.0, 0.0, 0.0, 0.0, 0.0, 0.0, 1.0, 1.0]",0.2945730686187744,-0.27426618337631226,0.04644147679209709,0.5246447324752808,0.7412200570106506,1.1104402542114258,"[2.0, 0.0, 2.0, 18.0, 26.0, 39.0, 133.0, 153.0, 351.0, 469.0, 777.0, 1021.0, 1208.0, 1137.0, 1002.0, 645.0, 554.0, 393.0, 306.0, 251.0, 186.0, 174.0, 110.0, 84.0, 57.0, 41.0, 26.0, 29.0, 10.0, 4.0, 5.0, 3.0]",2.4551305770874023,-1.7978514432907104,0.04436058551073074,0.5289999842643738,0.7515485286712646,1.104891300201416,"[2.0, 0.0, 3.0, 15.0, 27.0, 39.0, 114.0, 166.0, 340.0, 460.0, 773.0, 1010.0, 1163.0, 1109.0, 1027.0, 737.0, 538.0, 372.0, 310.0, 247.0, 200.0, 162.0, 124.0, 85.0, 67.0, 44.0, 27.0, 32.0, 9.0, 5.0, 6.0, 3.0]",2.450221300125122,-1.8145922422409058
61,/features/features.3/Add,Add,False,True,False,/features/features.3/conv/conv.2/Conv_output_0,0.014764620922505856,0.005172823090106249,0.06088007986545563,0.49032294750213623,3.3596787452697754,"[4.0, 7.0, 39.0, 100.0, 192.0, 385.0, 677.0, 990.0, 1491.0, 1515.0, 1410.0, 1049.0, 653.0, 363.0, 174.0, 85.0, 39.0, 20.0, 7.0, 4.0, 1.0, 0.0, 1.0, 0.0, 0.0, 2.0, 2.0, 1.0, 1.0, 1.0, 2.0, 1.0]",0.5389201641082764,-0.22043631970882416,-0.0744343176484108,0.491168349981308,0.042598214000463486,0.31513166427612305,"[3.0, 6.0, 13.0, 14.0, 37.0, 47.0, 89.0, 181.0, 269.0, 320.0, 593.0, 747.0, 790.0, 1000.0, 994.0, 867.0, 925.0, 738.0, 552.0, 350.0, 270.0, 166.0, 92.0, 71.0, 44.0, 12.0, 15.0, 6.0, 2.0, 1.0, 1.0, 1.0]",2.184486150741577,-1.952505350112915,-0.07960714399814606,0.4964936673641205,0.032097842544317245,0.33788585662841797,"[1.0, 0.0, 5.0, 7.0, 11.0, 17.0, 33.0, 56.0, 108.0, 219.0, 304.0, 447.0, 664.0, 865.0, 977.0, 1027.0, 953.0, 984.0, 789.0, 584.0, 452.0, 284.0, 177.0, 104.0, 73.0, 40.0, 15.0, 9.0, 7.0, 2.0, 0.0, 2.0]",2.12845778465271,-2.2658956050872803
62,/features/features.3/Add,Add,False,False,True,/features/features.3/Add_output_0,0.012070134282112122,0.007313542999327183,0.07521878927946091,0.2250688374042511,1.3121776580810547,"[1.0, 0.0, 4.0, 14.0, 24.0, 76.0, 145.0, 264.0, 432.0, 768.0, 1041.0, 1240.0, 1369.0, 1208.0, 979.0, 723.0, 441.0, 243.0, 120.0, 58.0, 34.0, 14.0, 2.0, 2.0, 3.0, 4.0, 1.0, 1.0, 0.0, 2.0, 0.0, 3.0]",0.5181392431259155,-0.31839966773986816,-0.027933010831475258,0.6847498416900635,0.019373081624507904,0.06734538078308105,"[3.0, 3.0, 7.0, 5.0, 17.0, 20.0, 47.0, 73.0, 142.0, 277.0, 375.0, 507.0, 679.0, 767.0, 883.0, 863.0, 910.0, 828.0, 724.0, 618.0, 492.0, 376.0, 260.0, 148.0, 92.0, 53.0, 25.0, 11.0, 5.0, 2.0, 1.0, 3.0]",2.7379302978515625,-2.7813894748687744,-0.035246558487415314,0.6869779825210571,-0.005939969792962074,0.10053133964538574,"[1.0, 1.0, 3.0, 5.0, 7.0, 7.0, 19.0, 30.0, 70.0, 106.0, 216.0, 339.0, 474.0, 625.0, 792.0, 882.0, 1014.0, 913.0, 909.0, 710.0, 639.0, 528.0, 371.0, 237.0, 145.0, 95.0, 42.0, 18.0, 10.0, 4.0, 1.0, 3.0]",2.6587297916412354,-3.126068353652954
63,/features/features.4/conv/conv.0/conv.0.0/Conv,Conv,False,True,False,/features/features.3/Add_output_0,0.012070134282112122,0.007313542999327183,0.07521878927946091,0.2250688374042511,1.3121776580810547,"[1.0, 0.0, 4.0, 14.0, 24.0, 76.0, 145.0, 264.0, 432.0, 768.0, 1041.0, 1240.0, 1369.0, 1208.0, 979.0, 723.0, 441.0, 243.0, 120.0, 58.0, 34.0, 14.0, 2.0, 2.0, 3.0, 4.0, 1.0, 1.0, 0.0, 2.0, 0.0, 3.0]",0.5181392431259155,-0.31839966773986816,-0.027933010831475258,0.6847498416900635,0.019373081624507904,0.06734538078308105,"[3.0, 3.0, 7.0, 5.0, 17.0, 20.0, 47.0, 73.0, 142.0, 277.0, 375.0, 507.0, 679.0, 767.0, 883.0, 863.0, 910.0, 828.0, 724.0, 618.0, 492.0, 376.0, 260.0, 148.0, 92.0, 53.0, 25.0, 11.0, 5.0, 2.0, 1.0, 3.0]",2.7379302978515625,-2.7813894748687744,-0.035246558487415314,0.6869779825210571,-0.005939969792962074,0.10053133964538574,"[1.0, 1.0, 3.0, 5.0, 7.0, 7.0, 19.0, 30.0, 70.0, 106.0, 216.0, 339.0, 474.0, 625.0, 792.0, 882.0, 1014.0, 913.0, 909.0, 710.0, 639.0, 528.0, 371.0, 237.0, 145.0, 95.0, 42.0, 18.0, 10.0, 4.0, 1.0, 3.0]",2.6587297916412354,-3.126068353652954
64,/features/features.4/conv/conv.0/conv.0.0/Conv,Conv,True,True,False,onnx::Conv_565,2.8418719011824578e-05,-3.311091859359294e-05,0.0003372698847670108,-0.15664295852184296,-0.11826038360595703,"[18.0, 9.0, 0.0, 27.0, 18.0, 9.0, 45.0, 36.0, 171.0, 153.0, 225.0, 333.0, 369.0, 504.0, 630.0, 468.0, 675.0, 612.0, 612.0, 864.0, 720.0, 450.0, 414.0, 477.0, 558.0, 342.0, 126.0, 126.0, 90.0, 72.0, 45.0, 18.0]",0.0008699074387550354,-0.0012352168560028076,0.00017188681522384286,0.06356216222047806,-0.035042133182287216,2.098611831665039,"[18.0, 18.0, 0.0, 36.0, 9.0, 63.0, 99.0, 81.0, 108.0, 360.0, 369.0, 612.0, 738.0, 1215.0, 1422.0, 1251.0, 864.0, 675.0, 477.0, 297.0, 171.0, 135.0, 54.0, 54.0, 18.0, 45.0, 9.0, 0.0, 0.0, 0.0, 9.0, 9.0]",0.3137464225292206,-0.2623710334300995,0.00020499707898125052,0.06357057392597198,-0.025773359462618828,2.102541923522949,"[18.0, 18.0, 0.0, 36.0, 18.0, 63.0, 99.0, 81.0, 108.0, 369.0, 423.0, 603.0, 720.0, 1323.0, 1314.0, 1260.0, 900.0, 639.0, 450.0, 279.0, 171.0, 144.0, 36.0, 54.0, 18.0, 45.0, 9.0, 0.0, 0.0, 0.0, 9.0, 9.0]",0.3149816393852234,-0.26134616136550903
65,/features/features.4/conv/conv.0/conv.0.0/Conv,Conv,True,True,False,onnx::Conv_566,0.0,0.0,0.0,,,"[0.0, 0.0, 0.0, 0.0, 0.0, 0.0, 0.0, 0.0, 0.0, 0.0, 0.0, 0.0, 0.0, 0.0, 0.0, 0.0, 9216.0, 0.0, 0.0, 0.0, 0.0, 0.0, 0.0, 0.0, 0.0, 0.0, 0.0, 0.0, 0.0, 0.0, 0.0, 0.0]",0.0,0.0,0.045041799545288086,0.137730672955513,-0.3251163065433502,-0.3942418098449707,"[81.0, 0.0, 99.0, 108.0, 63.0, 0.0, 99.0, 387.0, 180.0, 72.0, 0.0, 387.0, 342.0, 513.0, 666.0, 792.0, 369.0, 531.0, 414.0, 351.0, 351.0, 171.0, 513.0, 468.0, 603.0, 378.0, 549.0, 396.0, 54.0, 153.0, 63.0, 63.0]",0.33193665742874146,-0.3311403691768646,0.045041799545288086,0.137730672955513,-0.3251163065433502,-0.3942418098449707,"[81.0, 0.0, 99.0, 108.0, 63.0, 0.0, 99.0, 387.0, 180.0, 72.0, 0.0, 387.0, 342.0, 513.0, 666.0, 792.0, 369.0, 531.0, 414.0, 351.0, 351.0, 171.0, 513.0, 468.0, 603.0, 378.0, 549.0, 396.0, 54.0, 153.0, 63.0, 63.0]",0.33193665742874146,-0.3311403691768646
66,/features/features.4/conv/conv.0/conv.0.0/Conv,Conv,False,False,True,/features/features.4/conv/conv.0/conv.0.0/Conv_output_0,0.008056535385549068,0.0008261800976470113,0.02219071052968502,-0.13193343579769135,1.6422748565673828,"[2.0, 2.0, 8.0, 6.0, 15.0, 11.0, 33.0, 56.0, 95.0, 165.0, 284.0, 388.0, 609.0, 956.0, 1474.0, 1616.0, 1258.0, 810.0, 546.0, 374.0, 240.0, 117.0, 70.0, 42.0, 20.0, 5.0, 7.0, 2.0, 1.0, 1.0, 2.0, 1.0]",0.12539386749267578,-0.11317616701126099,0.055528417229652405,0.2401585727930069,-0.1739502102136612,0.7937841415405273,"[2.0, 3.0, 7.0, 10.0, 12.0, 15.0, 34.0, 67.0, 119.0, 253.0, 370.0, 585.0, 696.0, 943.0, 992.0, 1190.0, 1212.0, 1093.0, 760.0, 359.0, 207.0, 133.0, 68.0, 43.0, 14.0, 16.0, 2.0, 3.0, 7.0, 0.0, 0.0, 1.0]",1.3069230318069458,-1.077635645866394,0.054702237248420715,0.2412749081850052,-0.1706637740135193,0.7510659694671631,"[2.0, 4.0, 8.0, 7.0, 12.0, 20.0, 32.0, 59.0, 132.0, 247.0, 370.0, 539.0, 714.0, 897.0, 940.0, 1135.0, 1213.0, 1098.0, 810.0, 429.0, 209.0, 164.0, 75.0, 53.0, 14.0, 15.0, 6.0, 3.0, 5.0, 3.0, 0.0, 1.0]",1.277305245399475,-1.069386601448059
67,/features/features.4/conv/conv.0/conv.0.2/Clip,Clip,False,True,False,/features/features.4/conv/conv.0/conv.0.0/Conv_output_0,0.008056535385549068,0.0008261800976470113,0.02219071052968502,-0.13193343579769135,1.6422748565673828,"[2.0, 2.0, 8.0, 6.0, 15.0, 11.0, 33.0, 56.0, 95.0, 165.0, 284.0, 388.0, 609.0, 956.0, 1474.0, 1616.0, 1258.0, 810.0, 546.0, 374.0, 240.0, 117.0, 70.0, 42.0, 20.0, 5.0, 7.0, 2.0, 1.0, 1.0, 2.0, 1.0]",0.12539386749267578,-0.11317616701126099,0.055528417229652405,0.2401585727930069,-0.1739502102136612,0.7937841415405273,"[2.0, 3.0, 7.0, 10.0, 12.0, 15.0, 34.0, 67.0, 119.0, 253.0, 370.0, 585.0, 696.0, 943.0, 992.0, 1190.0, 1212.0, 1093.0, 760.0, 359.0, 207.0, 133.0, 68.0, 43.0, 14.0, 16.0, 2.0, 3.0, 7.0, 0.0, 0.0, 1.0]",1.3069230318069458,-1.077635645866394,0.054702237248420715,0.2412749081850052,-0.1706637740135193,0.7510659694671631,"[2.0, 4.0, 8.0, 7.0, 12.0, 20.0, 32.0, 59.0, 132.0, 247.0, 370.0, 539.0, 714.0, 897.0, 940.0, 1135.0, 1213.0, 1098.0, 810.0, 429.0, 209.0, 164.0, 75.0, 53.0, 14.0, 15.0, 6.0, 3.0, 5.0, 3.0, 0.0, 1.0]",1.277305245399475,-1.069386601448059
68,/features/features.4/conv/conv.0/conv.0.2/Clip,Clip,True,True,False,/features/features.4/conv/conv.0/conv.0.2/Constant_output_0,0.0,0.0,0.0,,,"[0.0, 0.0, 0.0, 0.0, 0.0, 0.0, 0.0, 0.0, 0.0, 0.0, 0.0, 0.0, 0.0, 0.0, 0.0, 0.0, 9216.0, 0.0, 0.0, 0.0, 0.0, 0.0, 0.0, 0.0, 0.0, 0.0, 0.0, 0.0, 0.0, 0.0, 0.0, 0.0]",0.0,0.0,0.0,0.0,,,"[0.0, 0.0, 0.0, 0.0, 0.0, 0.0, 0.0, 0.0, 0.0, 0.0, 0.0, 0.0, 0.0, 0.0, 0.0, 0.0, 9216.0, 0.0, 0.0, 0.0, 0.0, 0.0, 0.0, 0.0, 0.0, 0.0, 0.0, 0.0, 0.0, 0.0, 0.0, 0.0]",0.0,0.0,0.0,0.0,,,"[0.0, 0.0, 0.0, 0.0, 0.0, 0.0, 0.0, 0.0, 0.0, 0.0, 0.0, 0.0, 0.0, 0.0, 0.0, 0.0, 9216.0, 0.0, 0.0, 0.0, 0.0, 0.0, 0.0, 0.0, 0.0, 0.0, 0.0, 0.0, 0.0, 0.0, 0.0, 0.0]",0.0,0.0
69,/features/features.4/conv/conv.0/conv.0.2/Clip,Clip,True,True,False,/features/features.4/conv/conv.0/conv.0.2/Constant_1_output_0,0.6549041271209717,-4.855567932128906,9.537260439174133e-07,-0.9998371601104736,-2.0002174377441406,"[0.0, 0.0, 0.0, 0.0, 0.0, 0.0, 0.0, 0.0, 0.0, 0.0, 0.0, 0.0, 0.0, 0.0, 0.0, 0.0, 9216.0, 0.0, 0.0, 0.0, 0.0, 0.0, 0.0, 0.0, 0.0, 0.0, 0.0, 0.0, 0.0, 0.0, 0.0, 0.0]",-4.855568885803223,-4.855568885803223,1.1444311141967773,0.0,,,"[0.0, 0.0, 0.0, 0.0, 0.0, 0.0, 0.0, 0.0, 0.0, 0.0, 0.0, 0.0, 0.0, 0.0, 0.0, 0.0, 9216.0, 0.0, 0.0, 0.0, 0.0, 0.0, 0.0, 0.0, 0.0, 0.0, 0.0, 0.0, 0.0, 0.0, 0.0, 0.0]",1.1444311141967773,1.1444311141967773,6.0,0.0,,,"[0.0, 0.0, 0.0, 0.0, 0.0, 0.0, 0.0, 0.0, 0.0, 0.0, 0.0, 0.0, 0.0, 0.0, 0.0, 0.0, 9216.0, 0.0, 0.0, 0.0, 0.0, 0.0, 0.0, 0.0, 0.0, 0.0, 0.0, 0.0, 0.0, 0.0, 0.0, 0.0]",6.0,6.0
70,/features/features.4/conv/conv.0/conv.0.2/Clip,Clip,False,False,True,/features/features.4/conv/conv.0/conv.0.2/Clip_output_0,0.006297070533037186,-0.0001406969386152923,0.015758773311972618,-0.09670184552669525,6.490314483642578,"[1.0, 0.0, 0.0, 1.0, 1.0, 4.0, 7.0, 10.0, 21.0, 38.0, 56.0, 119.0, 181.0, 322.0, 599.0, 1105.0, 4774.0, 862.0, 517.0, 259.0, 170.0, 79.0, 36.0, 29.0, 12.0, 4.0, 3.0, 1.0, 1.0, 2.0, 1.0, 1.0]",0.12774938344955444,-0.13287413120269775,0.12600034475326538,0.15298719704151154,1.4878315925598145,2.8176021575927734,"[3991.0, 507.0, 614.0, 596.0, 584.0, 570.0, 540.0, 429.0, 381.0, 252.0, 192.0, 113.0, 91.0, 102.0, 65.0, 49.0, 31.0, 31.0, 27.0, 13.0, 6.0, 5.0, 8.0, 6.0, 1.0, 1.0, 3.0, 0.0, 3.0, 2.0, 2.0, 1.0]",1.1444311141967773,0.0,0.1261410266160965,0.15338538587093353,1.5027915239334106,2.9474945068359375,"[4095.0, 629.0, 661.0, 660.0, 628.0, 611.0, 497.0, 410.0, 295.0, 185.0, 121.0, 108.0, 110.0, 57.0, 34.0, 30.0, 31.0, 15.0, 6.0, 11.0, 4.0, 4.0, 2.0, 3.0, 1.0, 3.0, 3.0, 1.0, 0.0, 0.0, 0.0, 1.0]",1.277305245399475,0.0
71,/features/features.4/conv/conv.1/conv.1.0/Conv,Conv,False,True,False,/features/features.4/conv/conv.0/conv.0.2/Clip_output_0,0.006297070533037186,-0.0001406969386152923,0.015758773311972618,-0.09670184552669525,6.490314483642578,"[1.0, 0.0, 0.0, 1.0, 1.0, 4.0, 7.0, 10.0, 21.0, 38.0, 56.0, 119.0, 181.0, 322.0, 599.0, 1105.0, 4774.0, 862.0, 517.0, 259.0, 170.0, 79.0, 36.0, 29.0, 12.0, 4.0, 3.0, 1.0, 1.0, 2.0, 1.0, 1.0]",0.12774938344955444,-0.13287413120269775,0.12600034475326538,0.15298719704151154,1.4878315925598145,2.8176021575927734,"[3991.0, 507.0, 614.0, 596.0, 584.0, 570.0, 540.0, 429.0, 381.0, 252.0, 192.0, 113.0, 91.0, 102.0, 65.0, 49.0, 31.0, 31.0, 27.0, 13.0, 6.0, 5.0, 8.0, 6.0, 1.0, 1.0, 3.0, 0.0, 3.0, 2.0, 2.0, 1.0]",1.1444311141967773,0.0,0.1261410266160965,0.15338538587093353,1.5027915239334106,2.9474945068359375,"[4095.0, 629.0, 661.0, 660.0, 628.0, 611.0, 497.0, 410.0, 295.0, 185.0, 121.0, 108.0, 110.0, 57.0, 34.0, 30.0, 31.0, 15.0, 6.0, 11.0, 4.0, 4.0, 2.0, 3.0, 1.0, 3.0, 3.0, 1.0, 0.0, 0.0, 0.0, 1.0]",1.277305245399475,0.0
72,/features/features.4/conv/conv.1/conv.1.0/Conv,Conv,True,True,False,onnx::Conv_568,1.7260006643482484e-05,-0.00027061335276812315,0.0030473414808511734,-0.08044609427452087,6.966635704040527,"[9.0, 0.0, 0.0, 0.0, 0.0, 27.0, 9.0, 9.0, 9.0, 27.0, 90.0, 153.0, 171.0, 747.0, 1359.0, 1980.0, 2034.0, 1395.0, 648.0, 243.0, 162.0, 36.0, 27.0, 54.0, 0.0, 9.0, 9.0, 0.0, 0.0, 0.0, 0.0, 9.0]",0.021099567413330078,-0.02161240577697754,0.04049283638596535,0.7348151803016663,0.5268179178237915,4.853889465332031,"[27.0, 9.0, 36.0, 9.0, 9.0, 54.0, 81.0, 135.0, 189.0, 576.0, 1071.0, 1485.0, 540.0, 1476.0, 1773.0, 711.0, 459.0, 180.0, 72.0, 117.0, 81.0, 54.0, 9.0, 18.0, 0.0, 0.0, 9.0, 0.0, 18.0, 0.0, 0.0, 18.0]",4.492744445800781,-3.0106019973754883,0.040763452649116516,0.7352584004402161,0.5270140171051025,4.84575080871582,"[27.0, 9.0, 27.0, 18.0, 9.0, 36.0, 99.0, 135.0, 153.0, 567.0, 1017.0, 1431.0, 684.0, 1287.0, 1836.0, 819.0, 486.0, 180.0, 72.0, 117.0, 72.0, 45.0, 27.0, 18.0, 0.0, 0.0, 9.0, 0.0, 18.0, 0.0, 0.0, 18.0]",4.482431411743164,-3.0317015647888184
73,/features/features.4/conv/conv.1/conv.1.0/Conv,Conv,True,True,False,onnx::Conv_569,0.0,0.0,0.0,,,"[0.0, 0.0, 0.0, 0.0, 0.0, 0.0, 0.0, 0.0, 0.0, 0.0, 0.0, 0.0, 0.0, 0.0, 0.0, 0.0, 9216.0, 0.0, 0.0, 0.0, 0.0, 0.0, 0.0, 0.0, 0.0, 0.0, 0.0, 0.0, 0.0, 0.0, 0.0, 0.0]",0.0,0.0,0.22723214328289032,0.36400529742240906,1.1554551124572754,0.8087146282196045,"[54.0, 63.0, 90.0, 0.0, 45.0, 396.0, 2601.0, 2376.0, 81.0, 72.0, 63.0, 90.0, 117.0, 720.0, 243.0, 495.0, 315.0, 90.0, 342.0, 144.0, 315.0, 126.0, 90.0, 9.0, 0.0, 153.0, 0.0, 63.0, 0.0, 0.0, 0.0, 63.0]",1.5864208936691284,-0.44613727927207947,0.22723214328289032,0.36400529742240906,1.1554551124572754,0.8087146282196045,"[54.0, 63.0, 90.0, 0.0, 45.0, 396.0, 2601.0, 2376.0, 81.0, 72.0, 63.0, 90.0, 117.0, 720.0, 243.0, 495.0, 315.0, 90.0, 342.0, 144.0, 315.0, 126.0, 90.0, 9.0, 0.0, 153.0, 0.0, 63.0, 0.0, 0.0, 0.0, 63.0]",1.5864208936691284,-0.44613727927207947
74,/features/features.4/conv/conv.1/conv.1.0/Conv,Conv,False,False,True,/features/features.4/conv/conv.1/conv.1.0/Conv_output_0,0.00524267740547657,-0.0016125842230394483,0.02457735314965248,-0.27312448620796204,2.237450122833252,"[1.0, 0.0, 3.0, 6.0, 5.0, 4.0, 7.0, 20.0, 54.0, 77.0, 95.0, 177.0, 246.0, 481.0, 688.0, 1057.0, 1440.0, 2092.0, 1112.0, 702.0, 398.0, 245.0, 134.0, 75.0, 59.0, 13.0, 10.0, 7.0, 1.0, 4.0, 1.0, 2.0]",0.13152316212654114,-0.15005701780319214,0.1774824857711792,0.28931736946105957,0.09663496166467667,2.5825905799865723,"[1.0, 0.0, 2.0, 0.0, 2.0, 3.0, 3.0, 20.0, 36.0, 39.0, 25.0, 31.0, 41.0, 75.0, 175.0, 305.0, 667.0, 1800.0, 1518.0, 1371.0, 1041.0, 694.0, 530.0, 275.0, 162.0, 125.0, 113.0, 62.0, 55.0, 35.0, 7.0, 3.0]",1.392104148864746,-1.6451950073242188,0.179095059633255,0.28919661045074463,0.10105408728122711,2.576775074005127,"[1.0, 0.0, 2.0, 1.0, 0.0, 4.0, 3.0, 20.0, 33.0, 34.0, 31.0, 28.0, 44.0, 73.0, 163.0, 280.0, 607.0, 1734.0, 1454.0, 1405.0, 1101.0, 750.0, 487.0, 363.0, 156.0, 152.0, 108.0, 67.0, 51.0, 48.0, 13.0, 3.0]",1.3687489032745361,-1.6373286247253418
75,/features/features.4/conv/conv.1/conv.1.2/Clip,Clip,False,True,False,/features/features.4/conv/conv.1/conv.1.0/Conv_output_0,0.00524267740547657,-0.0016125842230394483,0.02457735314965248,-0.27312448620796204,2.237450122833252,"[1.0, 0.0, 3.0, 6.0, 5.0, 4.0, 7.0, 20.0, 54.0, 77.0, 95.0, 177.0, 246.0, 481.0, 688.0, 1057.0, 1440.0, 2092.0, 1112.0, 702.0, 398.0, 245.0, 134.0, 75.0, 59.0, 13.0, 10.0, 7.0, 1.0, 4.0, 1.0, 2.0]",0.13152316212654114,-0.15005701780319214,0.1774824857711792,0.28931736946105957,0.09663496166467667,2.5825905799865723,"[1.0, 0.0, 2.0, 0.0, 2.0, 3.0, 3.0, 20.0, 36.0, 39.0, 25.0, 31.0, 41.0, 75.0, 175.0, 305.0, 667.0, 1800.0, 1518.0, 1371.0, 1041.0, 694.0, 530.0, 275.0, 162.0, 125.0, 113.0, 62.0, 55.0, 35.0, 7.0, 3.0]",1.392104148864746,-1.6451950073242188,0.179095059633255,0.28919661045074463,0.10105408728122711,2.576775074005127,"[1.0, 0.0, 2.0, 1.0, 0.0, 4.0, 3.0, 20.0, 33.0, 34.0, 31.0, 28.0, 44.0, 73.0, 163.0, 280.0, 607.0, 1734.0, 1454.0, 1405.0, 1101.0, 750.0, 487.0, 363.0, 156.0, 152.0, 108.0, 67.0, 51.0, 48.0, 13.0, 3.0]",1.3687489032745361,-1.6373286247253418
76,/features/features.4/conv/conv.1/conv.1.2/Clip,Clip,True,True,False,/features/features.4/conv/conv.1/conv.1.2/Constant_output_0,0.0,0.0,0.0,,,"[0.0, 0.0, 0.0, 0.0, 0.0, 0.0, 0.0, 0.0, 0.0, 0.0, 0.0, 0.0, 0.0, 0.0, 0.0, 0.0, 9216.0, 0.0, 0.0, 0.0, 0.0, 0.0, 0.0, 0.0, 0.0, 0.0, 0.0, 0.0, 0.0, 0.0, 0.0, 0.0]",0.0,0.0,0.0,0.0,,,"[0.0, 0.0, 0.0, 0.0, 0.0, 0.0, 0.0, 0.0, 0.0, 0.0, 0.0, 0.0, 0.0, 0.0, 0.0, 0.0, 9216.0, 0.0, 0.0, 0.0, 0.0, 0.0, 0.0, 0.0, 0.0, 0.0, 0.0, 0.0, 0.0, 0.0, 0.0, 0.0]",0.0,0.0,0.0,0.0,,,"[0.0, 0.0, 0.0, 0.0, 0.0, 0.0, 0.0, 0.0, 0.0, 0.0, 0.0, 0.0, 0.0, 0.0, 0.0, 0.0, 9216.0, 0.0, 0.0, 0.0, 0.0, 0.0, 0.0, 0.0, 0.0, 0.0, 0.0, 0.0, 0.0, 0.0, 0.0, 0.0]",0.0,0.0
77,/features/features.4/conv/conv.1/conv.1.2/Clip,Clip,True,True,False,/features/features.4/conv/conv.1/conv.1.2/Constant_1_output_0,0.5930936336517334,-4.620754241943359,0.0,,,"[0.0, 0.0, 0.0, 0.0, 0.0, 0.0, 0.0, 0.0, 0.0, 0.0, 0.0, 0.0, 0.0, 0.0, 0.0, 0.0, 9216.0, 0.0, 0.0, 0.0, 0.0, 0.0, 0.0, 0.0, 0.0, 0.0, 0.0, 0.0, 0.0, 0.0, 0.0, 0.0]",-4.620754241943359,-4.620754241943359,1.3792457580566406,0.0,,,"[0.0, 0.0, 0.0, 0.0, 0.0, 0.0, 0.0, 0.0, 0.0, 0.0, 0.0, 0.0, 0.0, 0.0, 0.0, 0.0, 9216.0, 0.0, 0.0, 0.0, 0.0, 0.0, 0.0, 0.0, 0.0, 0.0, 0.0, 0.0, 0.0, 0.0, 0.0, 0.0]",1.3792457580566406,1.3792457580566406,6.0,0.0,,,"[0.0, 0.0, 0.0, 0.0, 0.0, 0.0, 0.0, 0.0, 0.0, 0.0, 0.0, 0.0, 0.0, 0.0, 0.0, 0.0, 9216.0, 0.0, 0.0, 0.0, 0.0, 0.0, 0.0, 0.0, 0.0, 0.0, 0.0, 0.0, 0.0, 0.0, 0.0, 0.0]",6.0,6.0
78,/features/features.4/conv/conv.1/conv.1.2/Clip,Clip,False,False,True,/features/features.4/conv/conv.1/conv.1.2/Clip_output_0,0.004604444373399019,-0.0011934502981603146,0.021463513374328613,-0.24414494633674622,3.409780502319336,"[3.0, 2.0, 5.0, 2.0, 4.0, 14.0, 27.0, 47.0, 65.0, 95.0, 151.0, 252.0, 433.0, 597.0, 938.0, 3296.0, 1114.0, 820.0, 553.0, 351.0, 189.0, 113.0, 55.0, 36.0, 27.0, 8.0, 8.0, 4.0, 2.0, 3.0, 0.0, 2.0]",0.12993204593658447,-0.128273606300354,0.21251046657562256,0.2335124909877777,1.4776411056518555,2.3051528930664062,"[2846.0, 680.0, 651.0, 718.0, 670.0, 578.0, 521.0, 433.0, 349.0, 311.0, 274.0, 214.0, 207.0, 129.0, 102.0, 70.0, 73.0, 51.0, 63.0, 52.0, 55.0, 23.0, 32.0, 28.0, 19.0, 31.0, 17.0, 9.0, 6.0, 1.0, 2.0, 1.0]",1.3792457580566406,0.0,0.213703915476799,0.23385195434093475,1.4717456102371216,2.288489818572998,"[2891.0, 674.0, 661.0, 680.0, 645.0, 597.0, 481.0, 446.0, 379.0, 309.0, 258.0, 193.0, 224.0, 141.0, 96.0, 61.0, 61.0, 68.0, 66.0, 50.0, 53.0, 30.0, 32.0, 23.0, 26.0, 26.0, 20.0, 16.0, 4.0, 3.0, 1.0, 1.0]",1.3687489032745361,0.0
79,/features/features.4/conv/conv.2/Conv,Conv,False,True,False,/features/features.4/conv/conv.1/conv.1.2/Clip_output_0,0.004604444373399019,-0.0011934502981603146,0.021463513374328613,-0.24414494633674622,3.409780502319336,"[3.0, 2.0, 5.0, 2.0, 4.0, 14.0, 27.0, 47.0, 65.0, 95.0, 151.0, 252.0, 433.0, 597.0, 938.0, 3296.0, 1114.0, 820.0, 553.0, 351.0, 189.0, 113.0, 55.0, 36.0, 27.0, 8.0, 8.0, 4.0, 2.0, 3.0, 0.0, 2.0]",0.12993204593658447,-0.128273606300354,0.21251046657562256,0.2335124909877777,1.4776411056518555,2.3051528930664062,"[2846.0, 680.0, 651.0, 718.0, 670.0, 578.0, 521.0, 433.0, 349.0, 311.0, 274.0, 214.0, 207.0, 129.0, 102.0, 70.0, 73.0, 51.0, 63.0, 52.0, 55.0, 23.0, 32.0, 28.0, 19.0, 31.0, 17.0, 9.0, 6.0, 1.0, 2.0, 1.0]",1.3792457580566406,0.0,0.213703915476799,0.23385195434093475,1.4717456102371216,2.288489818572998,"[2891.0, 674.0, 661.0, 680.0, 645.0, 597.0, 481.0, 446.0, 379.0, 309.0, 258.0, 193.0, 224.0, 141.0, 96.0, 61.0, 61.0, 68.0, 66.0, 50.0, 53.0, 30.0, 32.0, 23.0, 26.0, 26.0, 20.0, 16.0, 4.0, 3.0, 1.0, 1.0]",1.3687489032745361,0.0
80,/features/features.4/conv/conv.2/Conv,Conv,True,True,False,onnx::Conv_571,5.7673652918310836e-05,1.868398794613313e-05,0.0013215159997344017,0.08607121556997299,-0.9654896259307861,"[27.0, 18.0, 54.0, 72.0, 144.0, 342.0, 369.0, 477.0, 414.0, 504.0, 450.0, 405.0, 513.0, 378.0, 342.0, 567.0, 441.0, 351.0, 351.0, 369.0, 333.0, 432.0, 405.0, 513.0, 477.0, 171.0, 117.0, 72.0, 36.0, 9.0, 36.0, 27.0]",0.0033965706825256348,-0.0030669905245304108,0.003786854911595583,0.17400261759757996,0.03130904957652092,0.5008659362792969,"[9.0, 0.0, 9.0, 27.0, 9.0, 54.0, 27.0, 90.0, 117.0, 207.0, 333.0, 297.0, 504.0, 648.0, 684.0, 891.0, 801.0, 873.0, 918.0, 792.0, 378.0, 468.0, 369.0, 243.0, 135.0, 90.0, 90.0, 63.0, 36.0, 0.0, 45.0, 9.0]",0.596116840839386,-0.6525688171386719,0.003768171649426222,0.1739903837442398,0.03121938370168209,0.49365711212158203,"[9.0, 0.0, 9.0, 27.0, 9.0, 54.0, 45.0, 81.0, 117.0, 225.0, 315.0, 306.0, 531.0, 657.0, 675.0, 882.0, 792.0, 864.0, 936.0, 783.0, 360.0, 495.0, 351.0, 234.0, 126.0, 90.0, 99.0, 54.0, 36.0, 0.0, 45.0, 9.0]",0.5970897674560547,-0.6500197052955627
81,/features/features.4/conv/conv.2/Conv,Conv,True,True,False,onnx::Conv_572,0.0,0.0,0.0,,,"[0.0, 0.0, 0.0, 0.0, 0.0, 0.0, 0.0, 0.0, 0.0, 0.0, 0.0, 0.0, 0.0, 0.0, 0.0, 0.0, 9216.0, 0.0, 0.0, 0.0, 0.0, 0.0, 0.0, 0.0, 0.0, 0.0, 0.0, 0.0, 0.0, 0.0, 0.0, 0.0]",0.0,0.0,-0.014574863947927952,0.7256091237068176,-0.3710471987724304,-0.38941359519958496,"[288.0, 288.0, 0.0, 0.0, 0.0, 288.0, 0.0, 288.0, 0.0, 288.0, 288.0, 288.0, 576.0, 0.0, 576.0, 1152.0, 288.0, 0.0, 576.0, 288.0, 288.0, 576.0, 0.0, 576.0, 576.0, 576.0, 576.0, 0.0, 288.0, 0.0, 0.0, 288.0]",1.365620732307434,-1.6874017715454102,-0.014574863947927952,0.7256091237068176,-0.3710471987724304,-0.38941359519958496,"[288.0, 288.0, 0.0, 0.0, 0.0, 288.0, 0.0, 288.0, 0.0, 288.0, 288.0, 288.0, 576.0, 0.0, 576.0, 1152.0, 288.0, 0.0, 576.0, 288.0, 288.0, 576.0, 0.0, 576.0, 576.0, 576.0, 576.0, 0.0, 288.0, 0.0, 0.0, 288.0]",1.365620732307434,-1.6874017715454102
82,/features/features.4/conv/conv.2/Conv,Conv,False,False,True,/features/features.4/conv/conv.2/Conv_output_0,0.010612841695547104,-0.003907190170139074,0.05321881175041199,-0.04742535576224327,0.04052615165710449,"[3.0, 8.0, 8.0, 26.0, 54.0, 110.0, 169.0, 283.0, 389.0, 526.0, 661.0, 830.0, 911.0, 1008.0, 946.0, 898.0, 725.0, 635.0, 424.0, 264.0, 155.0, 76.0, 61.0, 25.0, 12.0, 2.0, 2.0, 3.0, 1.0, 0.0, 0.0, 1.0]",0.26037389039993286,-0.19841602444648743,0.03791565075516701,0.516099214553833,0.33378469944000244,-0.009145259857177734,"[2.0, 6.0, 14.0, 22.0, 31.0, 51.0, 106.0, 141.0, 246.0, 319.0, 530.0, 646.0, 661.0, 902.0, 772.0, 831.0, 715.0, 561.0, 535.0, 410.0, 382.0, 364.0, 253.0, 193.0, 146.0, 126.0, 115.0, 65.0, 39.0, 23.0, 6.0, 3.0]",1.7947783470153809,-1.6393251419067383,0.04182283580303192,0.5162931084632874,0.34021806716918945,0.0486454963684082,"[2.0, 3.0, 16.0, 19.0, 35.0, 50.0, 103.0, 129.0, 234.0, 352.0, 483.0, 645.0, 711.0, 896.0, 884.0, 775.0, 725.0, 589.0, 516.0, 429.0, 359.0, 335.0, 252.0, 185.0, 147.0, 106.0, 108.0, 67.0, 42.0, 12.0, 4.0, 3.0]",1.8409397602081299,-1.6603317260742188
83,/features/features.5/conv/conv.0/conv.0.0/Conv,Conv,False,True,False,/features/features.4/conv/conv.2/Conv_output_0,0.010612841695547104,-0.003907190170139074,0.05321881175041199,-0.04742535576224327,0.04052615165710449,"[3.0, 8.0, 8.0, 26.0, 54.0, 110.0, 169.0, 283.0, 389.0, 526.0, 661.0, 830.0, 911.0, 1008.0, 946.0, 898.0, 725.0, 635.0, 424.0, 264.0, 155.0, 76.0, 61.0, 25.0, 12.0, 2.0, 2.0, 3.0, 1.0, 0.0, 0.0, 1.0]",0.26037389039993286,-0.19841602444648743,0.03791565075516701,0.516099214553833,0.33378469944000244,-0.009145259857177734,"[2.0, 6.0, 14.0, 22.0, 31.0, 51.0, 106.0, 141.0, 246.0, 319.0, 530.0, 646.0, 661.0, 902.0, 772.0, 831.0, 715.0, 561.0, 535.0, 410.0, 382.0, 364.0, 253.0, 193.0, 146.0, 126.0, 115.0, 65.0, 39.0, 23.0, 6.0, 3.0]",1.7947783470153809,-1.6393251419067383,0.04182283580303192,0.5162931084632874,0.34021806716918945,0.0486454963684082,"[2.0, 3.0, 16.0, 19.0, 35.0, 50.0, 103.0, 129.0, 234.0, 352.0, 483.0, 645.0, 711.0, 896.0, 884.0, 775.0, 725.0, 589.0, 516.0, 429.0, 359.0, 335.0, 252.0, 185.0, 147.0, 106.0, 108.0, 67.0, 42.0, 12.0, 4.0, 3.0]",1.8409397602081299,-1.6603317260742188
84,/features/features.5/conv/conv.0/conv.0.0/Conv,Conv,True,True,False,onnx::Conv_574,3.5821565688820556e-05,1.5143349401114392e-06,0.00022384272597264498,-0.012962285429239273,-0.07607078552246094,"[27.0, 18.0, 18.0, 18.0, 45.0, 27.0, 108.0, 180.0, 252.0, 324.0, 414.0, 504.0, 666.0, 738.0, 612.0, 756.0, 648.0, 576.0, 612.0, 648.0, 513.0, 360.0, 360.0, 315.0, 234.0, 90.0, 54.0, 36.0, 27.0, 0.0, 27.0, 9.0]",0.0007231533527374268,-0.0007217833772301674,-0.0022620526142418385,0.03733782842755318,0.094084233045578,1.0021376609802246,"[9.0, 0.0, 0.0, 9.0, 0.0, 27.0, 36.0, 54.0, 108.0, 135.0, 153.0, 234.0, 315.0, 693.0, 792.0, 882.0, 1071.0, 1071.0, 963.0, 711.0, 639.0, 342.0, 297.0, 234.0, 198.0, 72.0, 45.0, 45.0, 18.0, 18.0, 27.0, 18.0]",0.13664932548999786,-0.16271965205669403,-0.0022635662462562323,0.0373322069644928,0.09956876188516617,1.0083131790161133,"[9.0, 0.0, 0.0, 9.0, 0.0, 27.0, 36.0, 63.0, 108.0, 126.0, 171.0, 225.0, 342.0, 693.0, 801.0, 891.0, 1107.0, 1026.0, 954.0, 747.0, 576.0, 360.0, 297.0, 207.0, 198.0, 72.0, 45.0, 45.0, 18.0, 18.0, 27.0, 18.0]",0.13718731701374054,-0.16208402812480927
85,/features/features.5/conv/conv.0/conv.0.0/Conv,Conv,True,True,False,onnx::Conv_575,0.0,0.0,0.0,,,"[0.0, 0.0, 0.0, 0.0, 0.0, 0.0, 0.0, 0.0, 0.0, 0.0, 0.0, 0.0, 0.0, 0.0, 0.0, 0.0, 9216.0, 0.0, 0.0, 0.0, 0.0, 0.0, 0.0, 0.0, 0.0, 0.0, 0.0, 0.0, 0.0, 0.0, 0.0, 0.0]",0.0,0.0,0.12145557999610901,0.1083081066608429,-0.5838323831558228,-0.07783627510070801,"[180.0, 90.0, 90.0, 27.0, 252.0, 315.0, 189.0, 198.0, 216.0, 297.0, 99.0, 306.0, 405.0, 333.0, 162.0, 630.0, 747.0, 783.0, 819.0, 585.0, 1080.0, 387.0, 396.0, 45.0, 252.0, 225.0, 0.0, 0.0, 0.0, 0.0, 81.0, 27.0]",0.40491437911987305,-0.1539982408285141,0.12145557999610901,0.1083081066608429,-0.5838323831558228,-0.07783627510070801,"[180.0, 90.0, 90.0, 27.0, 252.0, 315.0, 189.0, 198.0, 216.0, 297.0, 99.0, 306.0, 405.0, 333.0, 162.0, 630.0, 747.0, 783.0, 819.0, 585.0, 1080.0, 387.0, 396.0, 45.0, 252.0, 225.0, 0.0, 0.0, 0.0, 0.0, 81.0, 27.0]",0.40491437911987305,-0.1539982408285141
86,/features/features.5/conv/conv.0/conv.0.0/Conv,Conv,False,False,True,/features/features.5/conv/conv.0/conv.0.0/Conv_output_0,0.0028670085594058037,-0.00011053054186049849,0.010961052030324936,0.2663576304912567,2.3784384727478027,"[1.0, 0.0, 0.0, 1.0, 1.0, 1.0, 5.0, 11.0, 22.0, 37.0, 72.0, 143.0, 279.0, 559.0, 934.0, 1540.0, 1874.0, 1551.0, 961.0, 523.0, 294.0, 169.0, 103.0, 54.0, 30.0, 23.0, 12.0, 7.0, 4.0, 3.0, 1.0, 1.0]",0.06702820211648941,-0.07243070751428604,0.136233389377594,0.1520838439464569,0.054375551640987396,1.3034405708312988,"[4.0, 9.0, 13.0, 12.0, 13.0, 23.0, 28.0, 71.0, 115.0, 174.0, 269.0, 339.0, 521.0, 633.0, 765.0, 913.0, 1139.0, 1074.0, 1110.0, 708.0, 486.0, 279.0, 119.0, 52.0, 64.0, 74.0, 76.0, 54.0, 46.0, 26.0, 6.0, 1.0]",0.7381005883216858,-0.5008761882781982,0.13634391129016876,0.15270400047302246,0.05531078204512596,1.3059053421020508,"[4.0, 9.0, 13.0, 11.0, 13.0, 21.0, 23.0, 73.0, 106.0, 159.0, 274.0, 320.0, 503.0, 627.0, 736.0, 882.0, 1129.0, 1075.0, 1141.0, 759.0, 489.0, 289.0, 149.0, 58.0, 62.0, 75.0, 74.0, 56.0, 52.0, 23.0, 10.0, 1.0]",0.7351155281066895,-0.5073059797286987
87,/features/features.5/conv/conv.0/conv.0.2/Clip,Clip,False,True,False,/features/features.5/conv/conv.0/conv.0.0/Conv_output_0,0.0028670085594058037,-0.00011053054186049849,0.010961052030324936,0.2663576304912567,2.3784384727478027,"[1.0, 0.0, 0.0, 1.0, 1.0, 1.0, 5.0, 11.0, 22.0, 37.0, 72.0, 143.0, 279.0, 559.0, 934.0, 1540.0, 1874.0, 1551.0, 961.0, 523.0, 294.0, 169.0, 103.0, 54.0, 30.0, 23.0, 12.0, 7.0, 4.0, 3.0, 1.0, 1.0]",0.06702820211648941,-0.07243070751428604,0.136233389377594,0.1520838439464569,0.054375551640987396,1.3034405708312988,"[4.0, 9.0, 13.0, 12.0, 13.0, 23.0, 28.0, 71.0, 115.0, 174.0, 269.0, 339.0, 521.0, 633.0, 765.0, 913.0, 1139.0, 1074.0, 1110.0, 708.0, 486.0, 279.0, 119.0, 52.0, 64.0, 74.0, 76.0, 54.0, 46.0, 26.0, 6.0, 1.0]",0.7381005883216858,-0.5008761882781982,0.13634391129016876,0.15270400047302246,0.05531078204512596,1.3059053421020508,"[4.0, 9.0, 13.0, 11.0, 13.0, 21.0, 23.0, 73.0, 106.0, 159.0, 274.0, 320.0, 503.0, 627.0, 736.0, 882.0, 1129.0, 1075.0, 1141.0, 759.0, 489.0, 289.0, 149.0, 58.0, 62.0, 75.0, 74.0, 56.0, 52.0, 23.0, 10.0, 1.0]",0.7351155281066895,-0.5073059797286987
88,/features/features.5/conv/conv.0/conv.0.2/Clip,Clip,True,True,False,/features/features.5/conv/conv.0/conv.0.2/Constant_output_0,0.0,0.0,0.0,,,"[0.0, 0.0, 0.0, 0.0, 0.0, 0.0, 0.0, 0.0, 0.0, 0.0, 0.0, 0.0, 0.0, 0.0, 0.0, 0.0, 9216.0, 0.0, 0.0, 0.0, 0.0, 0.0, 0.0, 0.0, 0.0, 0.0, 0.0, 0.0, 0.0, 0.0, 0.0, 0.0]",0.0,0.0,0.0,0.0,,,"[0.0, 0.0, 0.0, 0.0, 0.0, 0.0, 0.0, 0.0, 0.0, 0.0, 0.0, 0.0, 0.0, 0.0, 0.0, 0.0, 9216.0, 0.0, 0.0, 0.0, 0.0, 0.0, 0.0, 0.0, 0.0, 0.0, 0.0, 0.0, 0.0, 0.0, 0.0, 0.0]",0.0,0.0,0.0,0.0,,,"[0.0, 0.0, 0.0, 0.0, 0.0, 0.0, 0.0, 0.0, 0.0, 0.0, 0.0, 0.0, 0.0, 0.0, 0.0, 0.0, 9216.0, 0.0, 0.0, 0.0, 0.0, 0.0, 0.0, 0.0, 0.0, 0.0, 0.0, 0.0, 0.0, 0.0, 0.0, 0.0]",0.0,0.0
89,/features/features.5/conv/conv.0/conv.0.2/Clip,Clip,True,True,False,/features/features.5/conv/conv.0/conv.0.2/Constant_1_output_0,0.7809990048408508,-5.3024468421936035,1.4305891227195389e-06,-0.9998371601104736,-2.0002174377441406,"[0.0, 0.0, 0.0, 0.0, 0.0, 0.0, 0.0, 0.0, 0.0, 0.0, 0.0, 0.0, 0.0, 0.0, 0.0, 0.0, 9216.0, 0.0, 0.0, 0.0, 0.0, 0.0, 0.0, 0.0, 0.0, 0.0, 0.0, 0.0, 0.0, 0.0, 0.0, 0.0]",-5.302448272705078,-5.302448272705078,0.6975517868995667,1.7882364033994236e-07,0.9998371601104736,-2.0002174377441406,"[0.0, 0.0, 0.0, 0.0, 0.0, 0.0, 0.0, 0.0, 0.0, 0.0, 0.0, 0.0, 0.0, 0.0, 0.0, 0.0, 9216.0, 0.0, 0.0, 0.0, 0.0, 0.0, 0.0, 0.0, 0.0, 0.0, 0.0, 0.0, 0.0, 0.0, 0.0, 0.0]",0.697551965713501,0.697551965713501,6.0,0.0,,,"[0.0, 0.0, 0.0, 0.0, 0.0, 0.0, 0.0, 0.0, 0.0, 0.0, 0.0, 0.0, 0.0, 0.0, 0.0, 0.0, 9216.0, 0.0, 0.0, 0.0, 0.0, 0.0, 0.0, 0.0, 0.0, 0.0, 0.0, 0.0, 0.0, 0.0, 0.0, 0.0]",6.0,6.0
90,/features/features.5/conv/conv.0/conv.0.2/Clip,Clip,False,False,True,/features/features.5/conv/conv.0/conv.0.2/Clip_output_0,0.0024522447492927313,-0.00020734273130074143,0.009805162437260151,0.25252842903137207,3.6466217041015625,"[1.0, 0.0, 0.0, 0.0, 2.0, 0.0, 1.0, 5.0, 17.0, 24.0, 48.0, 76.0, 179.0, 363.0, 661.0, 1085.0, 3075.0, 1461.0, 1030.0, 537.0, 296.0, 139.0, 90.0, 50.0, 29.0, 23.0, 8.0, 7.0, 4.0, 3.0, 1.0, 1.0]",0.06596565246582031,-0.07466308772563934,0.15170209109783173,0.1265740841627121,1.004830241203308,1.445117473602295,"[1850.0, 374.0, 436.0, 435.0, 506.0, 602.0, 639.0, 675.0, 560.0, 659.0, 596.0, 409.0, 325.0, 282.0, 199.0, 146.0, 83.0, 44.0, 31.0, 29.0, 31.0, 44.0, 49.0, 42.0, 39.0, 33.0, 30.0, 29.0, 19.0, 10.0, 7.0, 3.0]",0.697551965713501,0.0,0.15190941095352173,0.12705883383750916,1.0097997188568115,1.4587459564208984,"[1922.0, 410.0, 439.0, 462.0, 562.0, 654.0, 686.0, 644.0, 665.0, 657.0, 495.0, 375.0, 300.0, 209.0, 164.0, 107.0, 62.0, 38.0, 29.0, 39.0, 36.0, 51.0, 46.0, 44.0, 31.0, 24.0, 33.0, 10.0, 13.0, 7.0, 1.0, 1.0]",0.7351155281066895,0.0
91,/features/features.5/conv/conv.1/conv.1.0/Conv,Conv,False,True,False,/features/features.5/conv/conv.0/conv.0.2/Clip_output_0,0.0024522447492927313,-0.00020734273130074143,0.009805162437260151,0.25252842903137207,3.6466217041015625,"[1.0, 0.0, 0.0, 0.0, 2.0, 0.0, 1.0, 5.0, 17.0, 24.0, 48.0, 76.0, 179.0, 363.0, 661.0, 1085.0, 3075.0, 1461.0, 1030.0, 537.0, 296.0, 139.0, 90.0, 50.0, 29.0, 23.0, 8.0, 7.0, 4.0, 3.0, 1.0, 1.0]",0.06596565246582031,-0.07466308772563934,0.15170209109783173,0.1265740841627121,1.004830241203308,1.445117473602295,"[1850.0, 374.0, 436.0, 435.0, 506.0, 602.0, 639.0, 675.0, 560.0, 659.0, 596.0, 409.0, 325.0, 282.0, 199.0, 146.0, 83.0, 44.0, 31.0, 29.0, 31.0, 44.0, 49.0, 42.0, 39.0, 33.0, 30.0, 29.0, 19.0, 10.0, 7.0, 3.0]",0.697551965713501,0.0,0.15190941095352173,0.12705883383750916,1.0097997188568115,1.4587459564208984,"[1922.0, 410.0, 439.0, 462.0, 562.0, 654.0, 686.0, 644.0, 665.0, 657.0, 495.0, 375.0, 300.0, 209.0, 164.0, 107.0, 62.0, 38.0, 29.0, 39.0, 36.0, 51.0, 46.0, 44.0, 31.0, 24.0, 33.0, 10.0, 13.0, 7.0, 1.0, 1.0]",0.7351155281066895,0.0
92,/features/features.5/conv/conv.1/conv.1.0/Conv,Conv,True,True,False,onnx::Conv_577,2.9461651138262823e-05,-0.0009468090138398111,0.0056539736688137054,-0.178124338388443,0.8411271572113037,"[18.0, 18.0, 0.0, 0.0, 45.0, 9.0, 54.0, 36.0, 63.0, 171.0, 198.0, 306.0, 468.0, 639.0, 972.0, 702.0, 882.0, 1044.0, 873.0, 675.0, 531.0, 522.0, 360.0, 297.0, 162.0, 54.0, 45.0, 45.0, 9.0, 0.0, 0.0, 18.0]",0.01965475082397461,-0.024123668670654297,-0.05593905970454216,1.054332971572876,-0.22438277304172516,6.389270782470703,"[18.0, 0.0, 18.0, 0.0, 18.0, 9.0, 0.0, 45.0, 0.0, 27.0, 63.0, 18.0, 27.0, 189.0, 288.0, 477.0, 801.0, 2268.0, 1881.0, 1494.0, 468.0, 306.0, 153.0, 207.0, 144.0, 72.0, 45.0, 90.0, 27.0, 9.0, 27.0, 27.0]",4.494751453399658,-6.175677299499512,-0.054992254823446274,1.0547313690185547,-0.20544669032096863,6.345974922180176,"[18.0, 0.0, 18.0, 0.0, 18.0, 9.0, 0.0, 45.0, 0.0, 27.0, 72.0, 9.0, 36.0, 180.0, 297.0, 522.0, 801.0, 2295.0, 1908.0, 1395.0, 459.0, 306.0, 153.0, 207.0, 144.0, 63.0, 54.0, 90.0, 27.0, 9.0, 27.0, 27.0]",4.4966864585876465,-6.151553630828857
93,/features/features.5/conv/conv.1/conv.1.0/Conv,Conv,True,True,False,onnx::Conv_578,0.0,0.0,0.0,,,"[0.0, 0.0, 0.0, 0.0, 0.0, 0.0, 0.0, 0.0, 0.0, 0.0, 0.0, 0.0, 0.0, 0.0, 0.0, 0.0, 9216.0, 0.0, 0.0, 0.0, 0.0, 0.0, 0.0, 0.0, 0.0, 0.0, 0.0, 0.0, 0.0, 0.0, 0.0, 0.0]",0.0,0.0,0.06134478375315666,0.23536868393421173,0.6908863186836243,1.7071433067321777,"[54.0, 0.0, 0.0, 99.0, 0.0, 0.0, 36.0, 207.0, 108.0, 72.0, 324.0, 333.0, 585.0, 1611.0, 2529.0, 477.0, 288.0, 243.0, 360.0, 144.0, 459.0, 234.0, 297.0, 117.0, 324.0, 0.0, 0.0, 81.0, 36.0, 72.0, 0.0, 126.0]",0.8509600162506104,-0.6898902654647827,0.06134478375315666,0.23536868393421173,0.6908863186836243,1.7071433067321777,"[54.0, 0.0, 0.0, 99.0, 0.0, 0.0, 36.0, 207.0, 108.0, 72.0, 324.0, 333.0, 585.0, 1611.0, 2529.0, 477.0, 288.0, 243.0, 360.0, 144.0, 459.0, 234.0, 297.0, 117.0, 324.0, 0.0, 0.0, 81.0, 36.0, 72.0, 0.0, 126.0]",0.8509600162506104,-0.6898902654647827
94,/features/features.5/conv/conv.1/conv.1.0/Conv,Conv,False,False,True,/features/features.5/conv/conv.1/conv.1.0/Conv_output_0,0.008709756657481194,-0.0023192157968878746,0.021397437900304794,-0.029075073078274727,3.2380285263061523,"[1.0, 5.0, 11.0, 16.0, 40.0, 52.0, 121.0, 221.0, 459.0, 839.0, 1417.0, 2582.0, 1539.0, 951.0, 521.0, 241.0, 96.0, 52.0, 28.0, 12.0, 4.0, 1.0, 3.0, 2.0, 0.0, 0.0, 0.0, 0.0, 1.0, 0.0, 0.0, 1.0]",0.19957119226455688,-0.11649932712316513,0.017223967239260674,0.22920268774032593,-0.6540570259094238,5.126415252685547,"[1.0, 0.0, 0.0, 0.0, 7.0, 13.0, 10.0, 8.0, 5.0, 10.0, 19.0, 42.0, 47.0, 80.0, 100.0, 155.0, 392.0, 1039.0, 1985.0, 2224.0, 1283.0, 756.0, 396.0, 261.0, 234.0, 78.0, 43.0, 18.0, 3.0, 3.0, 2.0, 2.0]",1.1784684658050537,-1.7642749547958374,0.019543182104825974,0.2297893911600113,-0.6590506434440613,5.037254333496094,"[1.0, 0.0, 0.0, 1.0, 15.0, 12.0, 8.0, 5.0, 6.0, 15.0, 24.0, 53.0, 68.0, 84.0, 114.0, 233.0, 640.0, 1353.0, 2311.0, 1738.0, 1099.0, 566.0, 314.0, 239.0, 202.0, 58.0, 41.0, 8.0, 1.0, 3.0, 2.0, 2.0]",1.2034095525741577,-1.7022168636322021
95,/features/features.5/conv/conv.1/conv.1.2/Clip,Clip,False,True,False,/features/features.5/conv/conv.1/conv.1.0/Conv_output_0,0.008709756657481194,-0.0023192157968878746,0.021397437900304794,-0.029075073078274727,3.2380285263061523,"[1.0, 5.0, 11.0, 16.0, 40.0, 52.0, 121.0, 221.0, 459.0, 839.0, 1417.0, 2582.0, 1539.0, 951.0, 521.0, 241.0, 96.0, 52.0, 28.0, 12.0, 4.0, 1.0, 3.0, 2.0, 0.0, 0.0, 0.0, 0.0, 1.0, 0.0, 0.0, 1.0]",0.19957119226455688,-0.11649932712316513,0.017223967239260674,0.22920268774032593,-0.6540570259094238,5.126415252685547,"[1.0, 0.0, 0.0, 0.0, 7.0, 13.0, 10.0, 8.0, 5.0, 10.0, 19.0, 42.0, 47.0, 80.0, 100.0, 155.0, 392.0, 1039.0, 1985.0, 2224.0, 1283.0, 756.0, 396.0, 261.0, 234.0, 78.0, 43.0, 18.0, 3.0, 3.0, 2.0, 2.0]",1.1784684658050537,-1.7642749547958374,0.019543182104825974,0.2297893911600113,-0.6590506434440613,5.037254333496094,"[1.0, 0.0, 0.0, 1.0, 15.0, 12.0, 8.0, 5.0, 6.0, 15.0, 24.0, 53.0, 68.0, 84.0, 114.0, 233.0, 640.0, 1353.0, 2311.0, 1738.0, 1099.0, 566.0, 314.0, 239.0, 202.0, 58.0, 41.0, 8.0, 1.0, 3.0, 2.0, 2.0]",1.2034095525741577,-1.7022168636322021
96,/features/features.5/conv/conv.1/conv.1.2/Clip,Clip,True,True,False,/features/features.5/conv/conv.1/conv.1.2/Constant_output_0,0.0,0.0,0.0,,,"[0.0, 0.0, 0.0, 0.0, 0.0, 0.0, 0.0, 0.0, 0.0, 0.0, 0.0, 0.0, 0.0, 0.0, 0.0, 0.0, 9216.0, 0.0, 0.0, 0.0, 0.0, 0.0, 0.0, 0.0, 0.0, 0.0, 0.0, 0.0, 0.0, 0.0, 0.0, 0.0]",0.0,0.0,0.0,0.0,,,"[0.0, 0.0, 0.0, 0.0, 0.0, 0.0, 0.0, 0.0, 0.0, 0.0, 0.0, 0.0, 0.0, 0.0, 0.0, 0.0, 9216.0, 0.0, 0.0, 0.0, 0.0, 0.0, 0.0, 0.0, 0.0, 0.0, 0.0, 0.0, 0.0, 0.0, 0.0, 0.0]",0.0,0.0,0.0,0.0,,,"[0.0, 0.0, 0.0, 0.0, 0.0, 0.0, 0.0, 0.0, 0.0, 0.0, 0.0, 0.0, 0.0, 0.0, 0.0, 0.0, 9216.0, 0.0, 0.0, 0.0, 0.0, 0.0, 0.0, 0.0, 0.0, 0.0, 0.0, 0.0, 0.0, 0.0, 0.0, 0.0]",0.0,0.0
97,/features/features.5/conv/conv.1/conv.1.2/Clip,Clip,True,True,False,/features/features.5/conv/conv.1/conv.1.2/Constant_1_output_0,0.653440535068512,-4.850139141082764,4.768630219587067e-07,-0.9998371601104736,-2.0002174377441406,"[0.0, 0.0, 0.0, 0.0, 0.0, 0.0, 0.0, 0.0, 0.0, 0.0, 0.0, 0.0, 0.0, 0.0, 0.0, 0.0, 9216.0, 0.0, 0.0, 0.0, 0.0, 0.0, 0.0, 0.0, 0.0, 0.0, 0.0, 0.0, 0.0, 0.0, 0.0, 0.0]",-4.850139617919922,-4.850139617919922,1.1498602628707886,1.1921575548967667e-07,-0.9998371601104736,-2.0002174377441406,"[0.0, 0.0, 0.0, 0.0, 0.0, 0.0, 0.0, 0.0, 0.0, 0.0, 0.0, 0.0, 0.0, 0.0, 0.0, 0.0, 9216.0, 0.0, 0.0, 0.0, 0.0, 0.0, 0.0, 0.0, 0.0, 0.0, 0.0, 0.0, 0.0, 0.0, 0.0, 0.0]",1.149860143661499,1.149860143661499,6.0,0.0,,,"[0.0, 0.0, 0.0, 0.0, 0.0, 0.0, 0.0, 0.0, 0.0, 0.0, 0.0, 0.0, 0.0, 0.0, 0.0, 0.0, 9216.0, 0.0, 0.0, 0.0, 0.0, 0.0, 0.0, 0.0, 0.0, 0.0, 0.0, 0.0, 0.0, 0.0, 0.0, 0.0]",6.0,6.0
98,/features/features.5/conv/conv.1/conv.1.2/Clip,Clip,False,False,True,/features/features.5/conv/conv.1/conv.1.2/Clip_output_0,0.008232607506215572,-0.0016736877150833607,0.01502861175686121,-0.6486976146697998,6.598005294799805,"[3.0, 2.0, 6.0, 6.0, 13.0, 16.0, 28.0, 37.0, 47.0, 100.0, 146.0, 259.0, 369.0, 538.0, 703.0, 5241.0, 681.0, 354.0, 303.0, 157.0, 88.0, 44.0, 24.0, 19.0, 16.0, 8.0, 5.0, 1.0, 1.0, 0.0, 0.0, 1.0]",0.1107291430234909,-0.10390707850456238,0.08679124712944031,0.1407102644443512,2.1740145683288574,5.3135480880737305,"[5234.0, 715.0, 659.0, 533.0, 377.0, 377.0, 246.0, 160.0, 184.0, 110.0, 90.0, 122.0, 66.0, 142.0, 56.0, 37.0, 24.0, 23.0, 20.0, 14.0, 14.0, 2.0, 3.0, 0.0, 1.0, 0.0, 2.0, 1.0, 0.0, 2.0, 0.0, 2.0]",1.149860143661499,0.0,0.08846493065357208,0.1412377804517746,2.147594451904297,5.2458086013793945,"[5294.0, 798.0, 577.0, 521.0, 392.0, 382.0, 228.0, 172.0, 162.0, 107.0, 142.0, 67.0, 105.0, 106.0, 44.0, 33.0, 19.0, 23.0, 12.0, 16.0, 5.0, 2.0, 1.0, 1.0, 0.0, 3.0, 0.0, 0.0, 2.0, 0.0, 0.0, 2.0]",1.2034095525741577,0.0
99,/features/features.5/conv/conv.2/Conv,Conv,False,True,False,/features/features.5/conv/conv.1/conv.1.2/Clip_output_0,0.008232607506215572,-0.0016736877150833607,0.01502861175686121,-0.6486976146697998,6.598005294799805,"[3.0, 2.0, 6.0, 6.0, 13.0, 16.0, 28.0, 37.0, 47.0, 100.0, 146.0, 259.0, 369.0, 538.0, 703.0, 5241.0, 681.0, 354.0, 303.0, 157.0, 88.0, 44.0, 24.0, 19.0, 16.0, 8.0, 5.0, 1.0, 1.0, 0.0, 0.0, 1.0]",0.1107291430234909,-0.10390707850456238,0.08679124712944031,0.1407102644443512,2.1740145683288574,5.3135480880737305,"[5234.0, 715.0, 659.0, 533.0, 377.0, 377.0, 246.0, 160.0, 184.0, 110.0, 90.0, 122.0, 66.0, 142.0, 56.0, 37.0, 24.0, 23.0, 20.0, 14.0, 14.0, 2.0, 3.0, 0.0, 1.0, 0.0, 2.0, 1.0, 0.0, 2.0, 0.0, 2.0]",1.149860143661499,0.0,0.08846493065357208,0.1412377804517746,2.147594451904297,5.2458086013793945,"[5294.0, 798.0, 577.0, 521.0, 392.0, 382.0, 228.0, 172.0, 162.0, 107.0, 142.0, 67.0, 105.0, 106.0, 44.0, 33.0, 19.0, 23.0, 12.0, 16.0, 5.0, 2.0, 1.0, 1.0, 0.0, 3.0, 0.0, 0.0, 2.0, 0.0, 0.0, 2.0]",1.2034095525741577,0.0
100,/features/features.5/conv/conv.2/Conv,Conv,True,True,False,onnx::Conv_580,4.9903821491170675e-05,6.262017268454656e-05,0.001254510716535151,-0.027139998972415924,-0.6447839736938477,"[45.0, 18.0, 45.0, 72.0, 45.0, 153.0, 135.0, 315.0, 414.0, 441.0, 405.0, 414.0, 522.0, 378.0, 378.0, 495.0, 450.0, 414.0, 603.0, 459.0, 486.0, 567.0, 450.0, 369.0, 306.0, 270.0, 171.0, 126.0, 72.0, 63.0, 72.0, 63.0]",0.0031117498874664307,-0.003195442259311676,-0.002013062359765172,0.1777724325656891,-0.039306845515966415,0.8896510601043701,"[18.0, 0.0, 0.0, 18.0, 18.0, 72.0, 135.0, 117.0, 198.0, 315.0, 378.0, 621.0, 702.0, 981.0, 1098.0, 945.0, 990.0, 693.0, 783.0, 405.0, 378.0, 117.0, 72.0, 54.0, 27.0, 27.0, 18.0, 18.0, 9.0, 0.0, 0.0, 9.0]",0.7935484051704407,-0.6980950236320496,-0.002075682394206524,0.17779450118541718,-0.03682737797498703,0.8909978866577148,"[18.0, 0.0, 0.0, 18.0, 18.0, 72.0, 135.0, 126.0, 225.0, 288.0, 396.0, 630.0, 711.0, 999.0, 1071.0, 1026.0, 909.0, 693.0, 783.0, 423.0, 342.0, 99.0, 72.0, 54.0, 27.0, 27.0, 27.0, 9.0, 9.0, 0.0, 0.0, 9.0]",0.7966726422309875,-0.6953681111335754
101,/features/features.5/conv/conv.2/Conv,Conv,True,True,False,onnx::Conv_581,0.0,0.0,0.0,,,"[0.0, 0.0, 0.0, 0.0, 0.0, 0.0, 0.0, 0.0, 0.0, 0.0, 0.0, 0.0, 0.0, 0.0, 0.0, 0.0, 9216.0, 0.0, 0.0, 0.0, 0.0, 0.0, 0.0, 0.0, 0.0, 0.0, 0.0, 0.0, 0.0, 0.0, 0.0, 0.0]",0.0,0.0,-0.015778115019202232,0.3580252230167389,0.4029877781867981,-0.7817959785461426,"[576.0, 576.0, 576.0, 576.0, 288.0, 0.0, 0.0, 576.0, 864.0, 288.0, 0.0, 288.0, 0.0, 288.0, 288.0, 864.0, 576.0, 288.0, 576.0, 0.0, 0.0, 0.0, 288.0, 0.0, 288.0, 576.0, 0.0, 0.0, 0.0, 288.0, 0.0, 288.0]",0.7661057710647583,-0.5263028740882874,-0.015778115019202232,0.3580252230167389,0.4029877781867981,-0.7817959785461426,"[576.0, 576.0, 576.0, 576.0, 288.0, 0.0, 0.0, 576.0, 864.0, 288.0, 0.0, 288.0, 0.0, 288.0, 288.0, 864.0, 576.0, 288.0, 576.0, 0.0, 0.0, 0.0, 288.0, 0.0, 288.0, 576.0, 0.0, 0.0, 0.0, 288.0, 0.0, 288.0]",0.7661057710647583,-0.5263028740882874
102,/features/features.5/conv/conv.2/Conv,Conv,False,False,True,/features/features.5/conv/conv.2/Conv_output_0,0.015321430750191212,0.0007744404720142484,0.03997572883963585,0.1197519451379776,1.1801714897155762,"[1.0, 0.0, 0.0, 0.0, 1.0, 6.0, 16.0, 15.0, 39.0, 75.0, 123.0, 240.0, 464.0, 725.0, 1040.0, 1347.0, 1465.0, 1226.0, 946.0, 619.0, 370.0, 225.0, 124.0, 59.0, 37.0, 23.0, 12.0, 10.0, 3.0, 3.0, 1.0, 1.0]",0.21729810535907745,-0.22640937566757202,0.025462644174695015,0.3215142786502838,-0.22984202206134796,0.4488213062286377,"[6.0, 0.0, 8.0, 26.0, 38.0, 50.0, 88.0, 150.0, 228.0, 282.0, 374.0, 522.0, 710.0, 911.0, 1004.0, 1061.0, 1111.0, 837.0, 614.0, 448.0, 346.0, 185.0, 111.0, 49.0, 30.0, 13.0, 3.0, 3.0, 4.0, 2.0, 0.0, 2.0]",1.4980039596557617,-1.2718901634216309,0.024688206613063812,0.32207417488098145,-0.21487019956111908,0.3804497718811035,"[3.0, 4.0, 3.0, 16.0, 33.0, 56.0, 86.0, 122.0, 211.0, 277.0, 353.0, 482.0, 668.0, 930.0, 1024.0, 1045.0, 1046.0, 858.0, 663.0, 490.0, 373.0, 225.0, 120.0, 63.0, 37.0, 15.0, 3.0, 3.0, 4.0, 1.0, 1.0, 1.0]",1.4822947978973389,-1.292518138885498
103,/features/features.5/Add,Add,False,True,False,/features/features.4/conv/conv.2/Conv_output_0,0.010612841695547104,-0.003907190170139074,0.05321881175041199,-0.04742535576224327,0.04052615165710449,"[3.0, 8.0, 8.0, 26.0, 54.0, 110.0, 169.0, 283.0, 389.0, 526.0, 661.0, 830.0, 911.0, 1008.0, 946.0, 898.0, 725.0, 635.0, 424.0, 264.0, 155.0, 76.0, 61.0, 25.0, 12.0, 2.0, 2.0, 3.0, 1.0, 0.0, 0.0, 1.0]",0.26037389039993286,-0.19841602444648743,0.03791565075516701,0.516099214553833,0.33378469944000244,-0.009145259857177734,"[2.0, 6.0, 14.0, 22.0, 31.0, 51.0, 106.0, 141.0, 246.0, 319.0, 530.0, 646.0, 661.0, 902.0, 772.0, 831.0, 715.0, 561.0, 535.0, 410.0, 382.0, 364.0, 253.0, 193.0, 146.0, 126.0, 115.0, 65.0, 39.0, 23.0, 6.0, 3.0]",1.7947783470153809,-1.6393251419067383,0.04182283580303192,0.5162931084632874,0.34021806716918945,0.0486454963684082,"[2.0, 3.0, 16.0, 19.0, 35.0, 50.0, 103.0, 129.0, 234.0, 352.0, 483.0, 645.0, 711.0, 896.0, 884.0, 775.0, 725.0, 589.0, 516.0, 429.0, 359.0, 335.0, 252.0, 185.0, 147.0, 106.0, 108.0, 67.0, 42.0, 12.0, 4.0, 3.0]",1.8409397602081299,-1.6603317260742188
104,/features/features.5/Add,Add,False,True,False,/features/features.5/conv/conv.2/Conv_output_0,0.015321430750191212,0.0007744404720142484,0.03997572883963585,0.1197519451379776,1.1801714897155762,"[1.0, 0.0, 0.0, 0.0, 1.0, 6.0, 16.0, 15.0, 39.0, 75.0, 123.0, 240.0, 464.0, 725.0, 1040.0, 1347.0, 1465.0, 1226.0, 946.0, 619.0, 370.0, 225.0, 124.0, 59.0, 37.0, 23.0, 12.0, 10.0, 3.0, 3.0, 1.0, 1.0]",0.21729810535907745,-0.22640937566757202,0.025462644174695015,0.3215142786502838,-0.22984202206134796,0.4488213062286377,"[6.0, 0.0, 8.0, 26.0, 38.0, 50.0, 88.0, 150.0, 228.0, 282.0, 374.0, 522.0, 710.0, 911.0, 1004.0, 1061.0, 1111.0, 837.0, 614.0, 448.0, 346.0, 185.0, 111.0, 49.0, 30.0, 13.0, 3.0, 3.0, 4.0, 2.0, 0.0, 2.0]",1.4980039596557617,-1.2718901634216309,0.024688206613063812,0.32207417488098145,-0.21487019956111908,0.3804497718811035,"[3.0, 4.0, 3.0, 16.0, 33.0, 56.0, 86.0, 122.0, 211.0, 277.0, 353.0, 482.0, 668.0, 930.0, 1024.0, 1045.0, 1046.0, 858.0, 663.0, 490.0, 373.0, 225.0, 120.0, 63.0, 37.0, 15.0, 3.0, 3.0, 4.0, 1.0, 1.0, 1.0]",1.4822947978973389,-1.292518138885498
105,/features/features.5/Add,Add,False,False,True,/features/features.5/Add_output_0,0.014883525669574738,-0.0031885080970823765,0.07068905234336853,0.05186520144343376,0.36038827896118164,"[1.0, 1.0, 0.0, 1.0, 7.0, 12.0, 25.0, 44.0, 93.0, 201.0, 332.0, 470.0, 684.0, 876.0, 1010.0, 1089.0, 1114.0, 989.0, 836.0, 546.0, 407.0, 195.0, 126.0, 68.0, 42.0, 24.0, 8.0, 7.0, 5.0, 1.0, 1.0, 1.0]",0.3412759304046631,-0.3367632031440735,0.0633225366473198,0.5739372372627258,0.5753973722457886,0.33882713317871094,"[3.0, 6.0, 12.0, 21.0, 45.0, 61.0, 130.0, 247.0, 352.0, 694.0, 804.0, 973.0, 1049.0, 990.0, 647.0, 676.0, 570.0, 412.0, 342.0, 288.0, 197.0, 230.0, 158.0, 96.0, 113.0, 49.0, 24.0, 17.0, 3.0, 4.0, 1.0, 2.0]",2.4901576042175293,-1.7872905731201172,0.06651104986667633,0.5761904716491699,0.5736140608787537,0.3642098903656006,"[6.0, 8.0, 17.0, 24.0, 59.0, 84.0, 150.0, 280.0, 490.0, 731.0, 905.0, 1050.0, 948.0, 879.0, 734.0, 573.0, 507.0, 390.0, 309.0, 253.0, 232.0, 172.0, 132.0, 110.0, 83.0, 39.0, 31.0, 11.0, 4.0, 2.0, 2.0, 1.0]",2.5488367080688477,-1.7383489608764648
106,/features/features.6/conv/conv.0/conv.0.0/Conv,Conv,False,True,False,/features/features.5/Add_output_0,0.014883525669574738,-0.0031885080970823765,0.07068905234336853,0.05186520144343376,0.36038827896118164,"[1.0, 1.0, 0.0, 1.0, 7.0, 12.0, 25.0, 44.0, 93.0, 201.0, 332.0, 470.0, 684.0, 876.0, 1010.0, 1089.0, 1114.0, 989.0, 836.0, 546.0, 407.0, 195.0, 126.0, 68.0, 42.0, 24.0, 8.0, 7.0, 5.0, 1.0, 1.0, 1.0]",0.3412759304046631,-0.3367632031440735,0.0633225366473198,0.5739372372627258,0.5753973722457886,0.33882713317871094,"[3.0, 6.0, 12.0, 21.0, 45.0, 61.0, 130.0, 247.0, 352.0, 694.0, 804.0, 973.0, 1049.0, 990.0, 647.0, 676.0, 570.0, 412.0, 342.0, 288.0, 197.0, 230.0, 158.0, 96.0, 113.0, 49.0, 24.0, 17.0, 3.0, 4.0, 1.0, 2.0]",2.4901576042175293,-1.7872905731201172,0.06651104986667633,0.5761904716491699,0.5736140608787537,0.3642098903656006,"[6.0, 8.0, 17.0, 24.0, 59.0, 84.0, 150.0, 280.0, 490.0, 731.0, 905.0, 1050.0, 948.0, 879.0, 734.0, 573.0, 507.0, 390.0, 309.0, 253.0, 232.0, 172.0, 132.0, 110.0, 83.0, 39.0, 31.0, 11.0, 4.0, 2.0, 2.0, 1.0]",2.5488367080688477,-1.7383489608764648
107,/features/features.6/conv/conv.0/conv.0.0/Conv,Conv,True,True,False,onnx::Conv_583,3.398107219254598e-05,-4.919710363537888e-07,0.0001772582036210224,-0.04816243797540665,-0.5442745685577393,"[9.0, 0.0, 9.0, 9.0, 54.0, 99.0, 144.0, 234.0, 315.0, 342.0, 531.0, 477.0, 576.0, 684.0, 621.0, 711.0, 630.0, 441.0, 549.0, 720.0, 612.0, 432.0, 504.0, 180.0, 117.0, 117.0, 45.0, 45.0, 0.0, 0.0, 0.0, 9.0]",0.0005813054740428925,-0.0005642548203468323,-0.000578461738768965,0.030394377186894417,-0.05175242945551872,0.42012739181518555,"[36.0, 27.0, 45.0, 99.0, 72.0, 153.0, 126.0, 108.0, 333.0, 279.0, 333.0, 504.0, 702.0, 783.0, 945.0, 765.0, 594.0, 819.0, 576.0, 567.0, 270.0, 342.0, 171.0, 189.0, 108.0, 54.0, 108.0, 36.0, 36.0, 18.0, 0.0, 18.0]",0.10098598152399063,-0.09246969223022461,-0.0005779695929959416,0.030402619391679764,-0.04786057770252228,0.4219844341278076,"[45.0, 27.0, 36.0, 99.0, 72.0, 153.0, 135.0, 144.0, 324.0, 252.0, 351.0, 522.0, 693.0, 828.0, 900.0, 765.0, 657.0, 765.0, 549.0, 558.0, 288.0, 333.0, 171.0, 171.0, 108.0, 63.0, 99.0, 36.0, 36.0, 18.0, 0.0, 18.0]",0.10138355940580368,-0.09210848063230515
108,/features/features.6/conv/conv.0/conv.0.0/Conv,Conv,True,True,False,onnx::Conv_584,0.0,0.0,0.0,,,"[0.0, 0.0, 0.0, 0.0, 0.0, 0.0, 0.0, 0.0, 0.0, 0.0, 0.0, 0.0, 0.0, 0.0, 0.0, 0.0, 9216.0, 0.0, 0.0, 0.0, 0.0, 0.0, 0.0, 0.0, 0.0, 0.0, 0.0, 0.0, 0.0, 0.0, 0.0, 0.0]",0.0,0.0,0.08043975383043289,0.09094087779521942,-0.5040375590324402,0.020285606384277344,"[27.0, 99.0, 90.0, 63.0, 108.0, 90.0, 144.0, 297.0, 288.0, 252.0, 270.0, 315.0, 450.0, 333.0, 360.0, 585.0, 792.0, 666.0, 594.0, 882.0, 855.0, 693.0, 360.0, 171.0, 216.0, 81.0, 72.0, 0.0, 0.0, 0.0, 0.0, 63.0]",0.33752354979515076,-0.18242718279361725,0.08043975383043289,0.09094087779521942,-0.5040375590324402,0.020285606384277344,"[27.0, 99.0, 90.0, 63.0, 108.0, 90.0, 144.0, 297.0, 288.0, 252.0, 270.0, 315.0, 450.0, 333.0, 360.0, 585.0, 792.0, 666.0, 594.0, 882.0, 855.0, 693.0, 360.0, 171.0, 216.0, 81.0, 72.0, 0.0, 0.0, 0.0, 0.0, 63.0]",0.33752354979515076,-0.18242718279361725
109,/features/features.6/conv/conv.0/conv.0.0/Conv,Conv,False,False,True,/features/features.6/conv/conv.0/conv.0.0/Conv_output_0,0.006343009881675243,-9.539563325233757e-05,0.01220217626541853,-0.21166503429412842,1.692883014678955,"[1.0, 0.0, 0.0, 1.0, 0.0, 0.0, 5.0, 6.0, 6.0, 13.0, 35.0, 49.0, 107.0, 180.0, 315.0, 522.0, 963.0, 1376.0, 1655.0, 1517.0, 1038.0, 647.0, 420.0, 176.0, 91.0, 52.0, 20.0, 9.0, 7.0, 1.0, 2.0, 2.0]",0.06274592876434326,-0.08705692738294601,0.07283207774162292,0.13461972773075104,-0.10652779787778854,1.167069911956787,"[1.0, 0.0, 0.0, 1.0, 0.0, 4.0, 9.0, 7.0, 8.0, 11.0, 16.0, 35.0, 64.0, 137.0, 255.0, 402.0, 660.0, 914.0, 1073.0, 1292.0, 1299.0, 1026.0, 753.0, 535.0, 274.0, 195.0, 105.0, 70.0, 29.0, 30.0, 8.0, 3.0]",0.5980280041694641,-0.7732408046722412,0.07292747497558594,0.13474427163600922,-0.10414046794176102,1.1555986404418945,"[1.0, 0.0, 0.0, 1.0, 0.0, 4.0, 9.0, 4.0, 11.0, 11.0, 13.0, 29.0, 63.0, 119.0, 210.0, 395.0, 585.0, 878.0, 981.0, 1288.0, 1310.0, 1070.0, 829.0, 554.0, 340.0, 215.0, 121.0, 91.0, 34.0, 29.0, 16.0, 5.0]",0.5824195742607117,-0.7739567756652832
110,/features/features.6/conv/conv.0/conv.0.2/Clip,Clip,False,True,False,/features/features.6/conv/conv.0/conv.0.0/Conv_output_0,0.006343009881675243,-9.539563325233757e-05,0.01220217626541853,-0.21166503429412842,1.692883014678955,"[1.0, 0.0, 0.0, 1.0, 0.0, 0.0, 5.0, 6.0, 6.0, 13.0, 35.0, 49.0, 107.0, 180.0, 315.0, 522.0, 963.0, 1376.0, 1655.0, 1517.0, 1038.0, 647.0, 420.0, 176.0, 91.0, 52.0, 20.0, 9.0, 7.0, 1.0, 2.0, 2.0]",0.06274592876434326,-0.08705692738294601,0.07283207774162292,0.13461972773075104,-0.10652779787778854,1.167069911956787,"[1.0, 0.0, 0.0, 1.0, 0.0, 4.0, 9.0, 7.0, 8.0, 11.0, 16.0, 35.0, 64.0, 137.0, 255.0, 402.0, 660.0, 914.0, 1073.0, 1292.0, 1299.0, 1026.0, 753.0, 535.0, 274.0, 195.0, 105.0, 70.0, 29.0, 30.0, 8.0, 3.0]",0.5980280041694641,-0.7732408046722412,0.07292747497558594,0.13474427163600922,-0.10414046794176102,1.1555986404418945,"[1.0, 0.0, 0.0, 1.0, 0.0, 4.0, 9.0, 4.0, 11.0, 11.0, 13.0, 29.0, 63.0, 119.0, 210.0, 395.0, 585.0, 878.0, 981.0, 1288.0, 1310.0, 1070.0, 829.0, 554.0, 340.0, 215.0, 121.0, 91.0, 34.0, 29.0, 16.0, 5.0]",0.5824195742607117,-0.7739567756652832
111,/features/features.6/conv/conv.0/conv.0.2/Clip,Clip,True,True,False,/features/features.6/conv/conv.0/conv.0.2/Constant_output_0,0.0,0.0,0.0,,,"[0.0, 0.0, 0.0, 0.0, 0.0, 0.0, 0.0, 0.0, 0.0, 0.0, 0.0, 0.0, 0.0, 0.0, 0.0, 0.0, 9216.0, 0.0, 0.0, 0.0, 0.0, 0.0, 0.0, 0.0, 0.0, 0.0, 0.0, 0.0, 0.0, 0.0, 0.0, 0.0]",0.0,0.0,0.0,0.0,,,"[0.0, 0.0, 0.0, 0.0, 0.0, 0.0, 0.0, 0.0, 0.0, 0.0, 0.0, 0.0, 0.0, 0.0, 0.0, 0.0, 9216.0, 0.0, 0.0, 0.0, 0.0, 0.0, 0.0, 0.0, 0.0, 0.0, 0.0, 0.0, 0.0, 0.0, 0.0, 0.0]",0.0,0.0,0.0,0.0,,,"[0.0, 0.0, 0.0, 0.0, 0.0, 0.0, 0.0, 0.0, 0.0, 0.0, 0.0, 0.0, 0.0, 0.0, 0.0, 0.0, 9216.0, 0.0, 0.0, 0.0, 0.0, 0.0, 0.0, 0.0, 0.0, 0.0, 0.0, 0.0, 0.0, 0.0, 0.0, 0.0]",0.0,0.0
112,/features/features.6/conv/conv.0/conv.0.2/Clip,Clip,True,True,False,/features/features.6/conv/conv.0/conv.0.2/Constant_1_output_0,0.8158425092697144,-5.41943883895874,0.0,,,"[0.0, 0.0, 0.0, 0.0, 0.0, 0.0, 0.0, 0.0, 0.0, 0.0, 0.0, 0.0, 0.0, 0.0, 0.0, 0.0, 9216.0, 0.0, 0.0, 0.0, 0.0, 0.0, 0.0, 0.0, 0.0, 0.0, 0.0, 0.0, 0.0, 0.0, 0.0, 0.0]",-5.41943883895874,-5.41943883895874,0.5805610418319702,5.960787774483833e-08,0.9998371601104736,-2.0002174377441406,"[0.0, 0.0, 0.0, 0.0, 0.0, 0.0, 0.0, 0.0, 0.0, 0.0, 0.0, 0.0, 0.0, 0.0, 0.0, 0.0, 9216.0, 0.0, 0.0, 0.0, 0.0, 0.0, 0.0, 0.0, 0.0, 0.0, 0.0, 0.0, 0.0, 0.0, 0.0, 0.0]",0.580561101436615,0.580561101436615,6.0,0.0,,,"[0.0, 0.0, 0.0, 0.0, 0.0, 0.0, 0.0, 0.0, 0.0, 0.0, 0.0, 0.0, 0.0, 0.0, 0.0, 0.0, 9216.0, 0.0, 0.0, 0.0, 0.0, 0.0, 0.0, 0.0, 0.0, 0.0, 0.0, 0.0, 0.0, 0.0, 0.0, 0.0]",6.0,6.0
113,/features/features.6/conv/conv.0/conv.0.2/Clip,Clip,False,False,True,/features/features.6/conv/conv.0/conv.0.2/Clip_output_0,0.004952634684741497,-0.00010535422916291282,0.009851072914898396,-0.35695090889930725,3.8413519859313965,"[1.0, 0.0, 1.0, 1.0, 4.0, 6.0, 5.0, 11.0, 15.0, 37.0, 52.0, 91.0, 166.0, 285.0, 488.0, 856.0, 1124.0, 3630.0, 973.0, 643.0, 385.0, 237.0, 97.0, 56.0, 28.0, 11.0, 6.0, 4.0, 0.0, 2.0, 0.0, 1.0]",0.06363005936145782,-0.07381317019462585,0.09672892838716507,0.10094740241765976,1.1605817079544067,1.2156085968017578,"[2970.0, 454.0, 500.0, 601.0, 539.0, 565.0, 541.0, 479.0, 419.0, 401.0, 319.0, 247.0, 248.0, 204.0, 142.0, 105.0, 99.0, 83.0, 64.0, 43.0, 49.0, 42.0, 27.0, 10.0, 13.0, 15.0, 13.0, 12.0, 3.0, 4.0, 3.0, 2.0]",0.580561101436615,0.0,0.09683428704738617,0.1010875478386879,1.1612629890441895,1.195028305053711,"[2987.0, 494.0, 538.0, 554.0, 584.0, 529.0, 530.0, 468.0, 412.0, 368.0, 332.0, 264.0, 224.0, 201.0, 146.0, 105.0, 89.0, 93.0, 63.0, 45.0, 38.0, 50.0, 25.0, 14.0, 13.0, 15.0, 12.0, 10.0, 7.0, 2.0, 2.0, 2.0]",0.5824195742607117,0.0
114,/features/features.6/conv/conv.1/conv.1.0/Conv,Conv,False,True,False,/features/features.6/conv/conv.0/conv.0.2/Clip_output_0,0.004952634684741497,-0.00010535422916291282,0.009851072914898396,-0.35695090889930725,3.8413519859313965,"[1.0, 0.0, 1.0, 1.0, 4.0, 6.0, 5.0, 11.0, 15.0, 37.0, 52.0, 91.0, 166.0, 285.0, 488.0, 856.0, 1124.0, 3630.0, 973.0, 643.0, 385.0, 237.0, 97.0, 56.0, 28.0, 11.0, 6.0, 4.0, 0.0, 2.0, 0.0, 1.0]",0.06363005936145782,-0.07381317019462585,0.09672892838716507,0.10094740241765976,1.1605817079544067,1.2156085968017578,"[2970.0, 454.0, 500.0, 601.0, 539.0, 565.0, 541.0, 479.0, 419.0, 401.0, 319.0, 247.0, 248.0, 204.0, 142.0, 105.0, 99.0, 83.0, 64.0, 43.0, 49.0, 42.0, 27.0, 10.0, 13.0, 15.0, 13.0, 12.0, 3.0, 4.0, 3.0, 2.0]",0.580561101436615,0.0,0.09683428704738617,0.1010875478386879,1.1612629890441895,1.195028305053711,"[2987.0, 494.0, 538.0, 554.0, 584.0, 529.0, 530.0, 468.0, 412.0, 368.0, 332.0, 264.0, 224.0, 201.0, 146.0, 105.0, 89.0, 93.0, 63.0, 45.0, 38.0, 50.0, 25.0, 14.0, 13.0, 15.0, 12.0, 10.0, 7.0, 2.0, 2.0, 2.0]",0.5824195742607117,0.0
115,/features/features.6/conv/conv.1/conv.1.0/Conv,Conv,True,True,False,onnx::Conv_586,2.683652019186411e-05,-0.0006414117524400353,0.004848995245993137,0.009540371596813202,1.3547477722167969,"[18.0, 9.0, 9.0, 18.0, 45.0, 45.0, 54.0, 126.0, 252.0, 207.0, 459.0, 603.0, 612.0, 792.0, 837.0, 1197.0, 1125.0, 900.0, 513.0, 576.0, 297.0, 171.0, 81.0, 126.0, 27.0, 45.0, 18.0, 9.0, 9.0, 0.0, 0.0, 36.0]",0.01977682113647461,-0.019235610961914062,0.038260672241449356,0.9422417283058167,0.37845054268836975,3.7593626976013184,"[27.0, 0.0, 0.0, 0.0, 0.0, 0.0, 0.0, 18.0, 9.0, 45.0, 45.0, 99.0, 252.0, 477.0, 774.0, 1503.0, 1872.0, 1188.0, 801.0, 693.0, 360.0, 333.0, 297.0, 153.0, 81.0, 72.0, 27.0, 18.0, 9.0, 36.0, 18.0, 9.0]",4.395416736602783,-5.023375988006592,0.038902077823877335,0.9433801174163818,0.3910108804702759,3.763540267944336,"[27.0, 0.0, 0.0, 0.0, 0.0, 0.0, 0.0, 18.0, 9.0, 45.0, 45.0, 99.0, 252.0, 468.0, 774.0, 1503.0, 1899.0, 1197.0, 774.0, 711.0, 360.0, 333.0, 279.0, 153.0, 81.0, 72.0, 27.0, 18.0, 9.0, 36.0, 18.0, 9.0]",4.412721633911133,-5.043152809143066
116,/features/features.6/conv/conv.1/conv.1.0/Conv,Conv,True,True,False,onnx::Conv_587,0.0,0.0,0.0,,,"[0.0, 0.0, 0.0, 0.0, 0.0, 0.0, 0.0, 0.0, 0.0, 0.0, 0.0, 0.0, 0.0, 0.0, 0.0, 0.0, 9216.0, 0.0, 0.0, 0.0, 0.0, 0.0, 0.0, 0.0, 0.0, 0.0, 0.0, 0.0, 0.0, 0.0, 0.0, 0.0]",0.0,0.0,0.029874086380004883,0.2726636528968811,0.9719813466072083,4.191580772399902,"[27.0, 0.0, 0.0, 0.0, 45.0, 0.0, 0.0, 0.0, 45.0, 126.0, 63.0, 387.0, 801.0, 387.0, 1566.0, 2646.0, 504.0, 414.0, 558.0, 666.0, 306.0, 297.0, 36.0, 18.0, 0.0, 0.0, 153.0, 63.0, 0.0, 0.0, 63.0, 45.0]",1.2042077779769897,-1.1511492729187012,0.029874086380004883,0.2726636528968811,0.9719813466072083,4.191580772399902,"[27.0, 0.0, 0.0, 0.0, 45.0, 0.0, 0.0, 0.0, 45.0, 126.0, 63.0, 387.0, 801.0, 387.0, 1566.0, 2646.0, 504.0, 414.0, 558.0, 666.0, 306.0, 297.0, 36.0, 18.0, 0.0, 0.0, 153.0, 63.0, 0.0, 0.0, 63.0, 45.0]",1.2042077779769897,-1.1511492729187012
117,/features/features.6/conv/conv.1/conv.1.0/Conv,Conv,False,False,True,/features/features.6/conv/conv.1/conv.1.0/Conv_output_0,0.011424234136939049,-0.0013534516328945756,0.022435177117586136,-0.055460698902606964,2.46846866607666,"[1.0, 0.0, 0.0, 0.0, 0.0, 1.0, 3.0, 4.0, 10.0, 17.0, 38.0, 55.0, 129.0, 256.0, 426.0, 709.0, 1046.0, 1675.0, 2516.0, 999.0, 644.0, 303.0, 184.0, 82.0, 45.0, 28.0, 28.0, 13.0, 2.0, 1.0, 0.0, 1.0]",0.13168936967849731,-0.1694173514842987,-0.03483554348349571,0.20790956914424896,-0.05110756680369377,1.594831943511963,"[2.0, 4.0, 10.0, 16.0, 22.0, 29.0, 43.0, 44.0, 92.0, 159.0, 249.0, 389.0, 682.0, 816.0, 1409.0, 1479.0, 1280.0, 772.0, 525.0, 462.0, 284.0, 150.0, 107.0, 90.0, 51.0, 31.0, 10.0, 3.0, 1.0, 2.0, 1.0, 2.0]",1.0081090927124023,-1.0129486322402954,-0.03348208963871002,0.20760037004947662,-0.026130331680178642,1.583202838897705,"[2.0, 3.0, 10.0, 15.0, 21.0, 40.0, 41.0, 50.0, 103.0, 158.0, 273.0, 464.0, 693.0, 878.0, 1612.0, 1513.0, 1078.0, 704.0, 533.0, 416.0, 211.0, 132.0, 113.0, 75.0, 38.0, 22.0, 12.0, 0.0, 3.0, 0.0, 2.0, 1.0]",1.0390881299972534,-1.009922981262207
118,/features/features.6/conv/conv.1/conv.1.2/Clip,Clip,False,True,False,/features/features.6/conv/conv.1/conv.1.0/Conv_output_0,0.011424234136939049,-0.0013534516328945756,0.022435177117586136,-0.055460698902606964,2.46846866607666,"[1.0, 0.0, 0.0, 0.0, 0.0, 1.0, 3.0, 4.0, 10.0, 17.0, 38.0, 55.0, 129.0, 256.0, 426.0, 709.0, 1046.0, 1675.0, 2516.0, 999.0, 644.0, 303.0, 184.0, 82.0, 45.0, 28.0, 28.0, 13.0, 2.0, 1.0, 0.0, 1.0]",0.13168936967849731,-0.1694173514842987,-0.03483554348349571,0.20790956914424896,-0.05110756680369377,1.594831943511963,"[2.0, 4.0, 10.0, 16.0, 22.0, 29.0, 43.0, 44.0, 92.0, 159.0, 249.0, 389.0, 682.0, 816.0, 1409.0, 1479.0, 1280.0, 772.0, 525.0, 462.0, 284.0, 150.0, 107.0, 90.0, 51.0, 31.0, 10.0, 3.0, 1.0, 2.0, 1.0, 2.0]",1.0081090927124023,-1.0129486322402954,-0.03348208963871002,0.20760037004947662,-0.026130331680178642,1.583202838897705,"[2.0, 3.0, 10.0, 15.0, 21.0, 40.0, 41.0, 50.0, 103.0, 158.0, 273.0, 464.0, 693.0, 878.0, 1612.0, 1513.0, 1078.0, 704.0, 533.0, 416.0, 211.0, 132.0, 113.0, 75.0, 38.0, 22.0, 12.0, 0.0, 3.0, 0.0, 2.0, 1.0]",1.0390881299972534,-1.009922981262207
119,/features/features.6/conv/conv.1/conv.1.2/Clip,Clip,True,True,False,/features/features.6/conv/conv.1/conv.1.2/Constant_output_0,0.0,0.0,0.0,,,"[0.0, 0.0, 0.0, 0.0, 0.0, 0.0, 0.0, 0.0, 0.0, 0.0, 0.0, 0.0, 0.0, 0.0, 0.0, 0.0, 9216.0, 0.0, 0.0, 0.0, 0.0, 0.0, 0.0, 0.0, 0.0, 0.0, 0.0, 0.0, 0.0, 0.0, 0.0, 0.0]",0.0,0.0,0.0,0.0,,,"[0.0, 0.0, 0.0, 0.0, 0.0, 0.0, 0.0, 0.0, 0.0, 0.0, 0.0, 0.0, 0.0, 0.0, 0.0, 0.0, 9216.0, 0.0, 0.0, 0.0, 0.0, 0.0, 0.0, 0.0, 0.0, 0.0, 0.0, 0.0, 0.0, 0.0, 0.0, 0.0]",0.0,0.0,0.0,0.0,,,"[0.0, 0.0, 0.0, 0.0, 0.0, 0.0, 0.0, 0.0, 0.0, 0.0, 0.0, 0.0, 0.0, 0.0, 0.0, 0.0, 9216.0, 0.0, 0.0, 0.0, 0.0, 0.0, 0.0, 0.0, 0.0, 0.0, 0.0, 0.0, 0.0, 0.0, 0.0, 0.0]",0.0,0.0
120,/features/features.6/conv/conv.1/conv.1.2/Clip,Clip,True,True,False,/features/features.6/conv/conv.1/conv.1.2/Constant_1_output_0,0.7284707427024841,-5.121029853820801,0.0,,,"[0.0, 0.0, 0.0, 0.0, 0.0, 0.0, 0.0, 0.0, 0.0, 0.0, 0.0, 0.0, 0.0, 0.0, 0.0, 0.0, 9216.0, 0.0, 0.0, 0.0, 0.0, 0.0, 0.0, 0.0, 0.0, 0.0, 0.0, 0.0, 0.0, 0.0, 0.0, 0.0]",-5.121029853820801,-5.121029853820801,0.878970205783844,1.1921575548967667e-07,0.9998371601104736,-2.0002174377441406,"[0.0, 0.0, 0.0, 0.0, 0.0, 0.0, 0.0, 0.0, 0.0, 0.0, 0.0, 0.0, 0.0, 0.0, 0.0, 0.0, 9216.0, 0.0, 0.0, 0.0, 0.0, 0.0, 0.0, 0.0, 0.0, 0.0, 0.0, 0.0, 0.0, 0.0, 0.0, 0.0]",0.8789703249931335,0.8789703249931335,6.0,0.0,,,"[0.0, 0.0, 0.0, 0.0, 0.0, 0.0, 0.0, 0.0, 0.0, 0.0, 0.0, 0.0, 0.0, 0.0, 0.0, 0.0, 9216.0, 0.0, 0.0, 0.0, 0.0, 0.0, 0.0, 0.0, 0.0, 0.0, 0.0, 0.0, 0.0, 0.0, 0.0, 0.0]",6.0,6.0
121,/features/features.6/conv/conv.1/conv.1.2/Clip,Clip,False,False,True,/features/features.6/conv/conv.1/conv.1.2/Clip_output_0,0.011141393333673477,-0.0005160602740943432,0.013802293688058853,-0.37447869777679443,9.884181022644043,"[1.0, 0.0, 0.0, 0.0, 0.0, 0.0, 1.0, 0.0, 1.0, 4.0, 3.0, 10.0, 14.0, 29.0, 53.0, 93.0, 157.0, 247.0, 327.0, 538.0, 6292.0, 532.0, 334.0, 261.0, 135.0, 82.0, 50.0, 19.0, 10.0, 6.0, 14.0, 3.0]",0.08840017765760422,-0.16011780500411987,0.06057249754667282,0.11481022834777832,2.437347888946533,6.5618181228637695,"[6165.0, 442.0, 338.0, 370.0, 288.0, 205.0, 251.0, 226.0, 181.0, 158.0, 79.0, 108.0, 66.0, 58.0, 48.0, 42.0, 48.0, 37.0, 25.0, 26.0, 12.0, 14.0, 11.0, 5.0, 4.0, 1.0, 2.0, 0.0, 1.0, 1.0, 1.0, 3.0]",0.8789703249931335,0.0,0.06108856201171875,0.1157168298959732,2.4782321453094482,7.021899223327637,"[6284.0, 482.0, 418.0, 349.0, 285.0, 276.0, 247.0, 187.0, 144.0, 123.0, 78.0, 61.0, 51.0, 59.0, 56.0, 31.0, 28.0, 12.0, 17.0, 10.0, 4.0, 7.0, 1.0, 0.0, 2.0, 1.0, 0.0, 0.0, 1.0, 1.0, 0.0, 1.0]",1.0390881299972534,0.0
122,/features/features.6/conv/conv.2/Conv,Conv,False,True,False,/features/features.6/conv/conv.1/conv.1.2/Clip_output_0,0.011141393333673477,-0.0005160602740943432,0.013802293688058853,-0.37447869777679443,9.884181022644043,"[1.0, 0.0, 0.0, 0.0, 0.0, 0.0, 1.0, 0.0, 1.0, 4.0, 3.0, 10.0, 14.0, 29.0, 53.0, 93.0, 157.0, 247.0, 327.0, 538.0, 6292.0, 532.0, 334.0, 261.0, 135.0, 82.0, 50.0, 19.0, 10.0, 6.0, 14.0, 3.0]",0.08840017765760422,-0.16011780500411987,0.06057249754667282,0.11481022834777832,2.437347888946533,6.5618181228637695,"[6165.0, 442.0, 338.0, 370.0, 288.0, 205.0, 251.0, 226.0, 181.0, 158.0, 79.0, 108.0, 66.0, 58.0, 48.0, 42.0, 48.0, 37.0, 25.0, 26.0, 12.0, 14.0, 11.0, 5.0, 4.0, 1.0, 2.0, 0.0, 1.0, 1.0, 1.0, 3.0]",0.8789703249931335,0.0,0.06108856201171875,0.1157168298959732,2.4782321453094482,7.021899223327637,"[6284.0, 482.0, 418.0, 349.0, 285.0, 276.0, 247.0, 187.0, 144.0, 123.0, 78.0, 61.0, 51.0, 59.0, 56.0, 31.0, 28.0, 12.0, 17.0, 10.0, 4.0, 7.0, 1.0, 0.0, 2.0, 1.0, 0.0, 0.0, 1.0, 1.0, 0.0, 1.0]",1.0390881299972534,0.0
123,/features/features.6/conv/conv.2/Conv,Conv,True,True,False,onnx::Conv_589,4.934826210956089e-05,3.83064616471529e-06,0.0014152469811961055,-0.054085440933704376,-0.6724872589111328,"[18.0, 63.0, 54.0, 81.0, 54.0, 171.0, 216.0, 297.0, 324.0, 351.0, 378.0, 504.0, 405.0, 387.0, 630.0, 396.0, 504.0, 450.0, 405.0, 522.0, 522.0, 549.0, 324.0, 387.0, 342.0, 261.0, 234.0, 153.0, 90.0, 54.0, 36.0, 54.0]",0.003420695662498474,-0.0036287158727645874,-0.005023327190428972,0.2014472782611847,0.05742364376783371,0.3217339515686035,"[9.0, 0.0, 9.0, 0.0, 27.0, 54.0, 81.0, 99.0, 153.0, 198.0, 315.0, 405.0, 513.0, 666.0, 972.0, 765.0, 810.0, 909.0, 711.0, 675.0, 522.0, 360.0, 252.0, 234.0, 171.0, 117.0, 99.0, 45.0, 0.0, 27.0, 0.0, 18.0]",0.6978128552436829,-0.751004695892334,-0.0050271558575332165,0.201401486992836,0.05860365927219391,0.31569480895996094,"[9.0, 0.0, 9.0, 9.0, 18.0, 54.0, 81.0, 108.0, 144.0, 207.0, 315.0, 405.0, 504.0, 693.0, 945.0, 747.0, 828.0, 918.0, 657.0, 720.0, 513.0, 360.0, 252.0, 225.0, 180.0, 117.0, 108.0, 45.0, 0.0, 27.0, 0.0, 18.0]",0.694706916809082,-0.7480710744857788
124,/features/features.6/conv/conv.2/Conv,Conv,True,True,False,onnx::Conv_590,0.0,0.0,0.0,,,"[0.0, 0.0, 0.0, 0.0, 0.0, 0.0, 0.0, 0.0, 0.0, 0.0, 0.0, 0.0, 0.0, 0.0, 0.0, 0.0, 9216.0, 0.0, 0.0, 0.0, 0.0, 0.0, 0.0, 0.0, 0.0, 0.0, 0.0, 0.0, 0.0, 0.0, 0.0, 0.0]",0.0,0.0,0.0062006618827581406,0.36963528394699097,-0.10241271555423737,-0.9004647731781006,"[576.0, 288.0, 576.0, 0.0, 0.0, 864.0, 288.0, 288.0, 288.0, 0.0, 0.0, 0.0, 576.0, 288.0, 0.0, 288.0, 288.0, 576.0, 576.0, 1440.0, 576.0, 288.0, 288.0, 0.0, 0.0, 288.0, 0.0, 288.0, 0.0, 0.0, 0.0, 288.0]",0.7937917709350586,-0.6193012595176697,0.0062006618827581406,0.36963528394699097,-0.10241271555423737,-0.9004647731781006,"[576.0, 288.0, 576.0, 0.0, 0.0, 864.0, 288.0, 288.0, 288.0, 0.0, 0.0, 0.0, 576.0, 288.0, 0.0, 288.0, 288.0, 576.0, 576.0, 1440.0, 576.0, 288.0, 288.0, 0.0, 0.0, 288.0, 0.0, 288.0, 0.0, 0.0, 0.0, 288.0]",0.7937917709350586,-0.6193012595176697
125,/features/features.6/conv/conv.2/Conv,Conv,False,False,True,/features/features.6/conv/conv.2/Conv_output_0,0.03195272386074066,-0.00047296471893787384,0.0416598916053772,-0.14384448528289795,0.6894314289093018,"[1.0, 2.0, 5.0, 4.0, 4.0, 15.0, 22.0, 48.0, 91.0, 131.0, 202.0, 383.0, 521.0, 761.0, 970.0, 1174.0, 1195.0, 1107.0, 861.0, 684.0, 451.0, 271.0, 147.0, 79.0, 44.0, 21.0, 13.0, 3.0, 1.0, 4.0, 0.0, 1.0]",0.20028787851333618,-0.20564883947372437,-0.004732847213745117,0.2341689169406891,-0.03620970994234085,0.5239312648773193,"[2.0, 1.0, 3.0, 7.0, 14.0, 25.0, 42.0, 112.0, 120.0, 320.0, 354.0, 509.0, 859.0, 804.0, 1263.0, 925.0, 1020.0, 1108.0, 592.0, 535.0, 221.0, 141.0, 112.0, 52.0, 39.0, 17.0, 6.0, 9.0, 1.0, 1.0, 0.0, 2.0]",1.1446692943572998,-1.0442596673965454,-0.004259882960468531,0.2330341637134552,-0.030847255140542984,0.5802345275878906,"[2.0, 1.0, 4.0, 6.0, 11.0, 22.0, 57.0, 99.0, 165.0, 245.0, 386.0, 568.0, 719.0, 982.0, 1031.0, 1121.0, 1131.0, 931.0, 676.0, 431.0, 253.0, 153.0, 96.0, 53.0, 30.0, 23.0, 10.0, 5.0, 1.0, 2.0, 1.0, 1.0]",1.142266869544983,-1.037058711051941
126,/features/features.6/Add,Add,False,True,False,/features/features.5/Add_output_0,0.014883525669574738,-0.0031885080970823765,0.07068905234336853,0.05186520144343376,0.36038827896118164,"[1.0, 1.0, 0.0, 1.0, 7.0, 12.0, 25.0, 44.0, 93.0, 201.0, 332.0, 470.0, 684.0, 876.0, 1010.0, 1089.0, 1114.0, 989.0, 836.0, 546.0, 407.0, 195.0, 126.0, 68.0, 42.0, 24.0, 8.0, 7.0, 5.0, 1.0, 1.0, 1.0]",0.3412759304046631,-0.3367632031440735,0.0633225366473198,0.5739372372627258,0.5753973722457886,0.33882713317871094,"[3.0, 6.0, 12.0, 21.0, 45.0, 61.0, 130.0, 247.0, 352.0, 694.0, 804.0, 973.0, 1049.0, 990.0, 647.0, 676.0, 570.0, 412.0, 342.0, 288.0, 197.0, 230.0, 158.0, 96.0, 113.0, 49.0, 24.0, 17.0, 3.0, 4.0, 1.0, 2.0]",2.4901576042175293,-1.7872905731201172,0.06651104986667633,0.5761904716491699,0.5736140608787537,0.3642098903656006,"[6.0, 8.0, 17.0, 24.0, 59.0, 84.0, 150.0, 280.0, 490.0, 731.0, 905.0, 1050.0, 948.0, 879.0, 734.0, 573.0, 507.0, 390.0, 309.0, 253.0, 232.0, 172.0, 132.0, 110.0, 83.0, 39.0, 31.0, 11.0, 4.0, 2.0, 2.0, 1.0]",2.5488367080688477,-1.7383489608764648
127,/features/features.6/Add,Add,False,True,False,/features/features.6/conv/conv.2/Conv_output_0,0.03195272386074066,-0.00047296471893787384,0.0416598916053772,-0.14384448528289795,0.6894314289093018,"[1.0, 2.0, 5.0, 4.0, 4.0, 15.0, 22.0, 48.0, 91.0, 131.0, 202.0, 383.0, 521.0, 761.0, 970.0, 1174.0, 1195.0, 1107.0, 861.0, 684.0, 451.0, 271.0, 147.0, 79.0, 44.0, 21.0, 13.0, 3.0, 1.0, 4.0, 0.0, 1.0]",0.20028787851333618,-0.20564883947372437,-0.004732847213745117,0.2341689169406891,-0.03620970994234085,0.5239312648773193,"[2.0, 1.0, 3.0, 7.0, 14.0, 25.0, 42.0, 112.0, 120.0, 320.0, 354.0, 509.0, 859.0, 804.0, 1263.0, 925.0, 1020.0, 1108.0, 592.0, 535.0, 221.0, 141.0, 112.0, 52.0, 39.0, 17.0, 6.0, 9.0, 1.0, 1.0, 0.0, 2.0]",1.1446692943572998,-1.0442596673965454,-0.004259882960468531,0.2330341637134552,-0.030847255140542984,0.5802345275878906,"[2.0, 1.0, 4.0, 6.0, 11.0, 22.0, 57.0, 99.0, 165.0, 245.0, 386.0, 568.0, 719.0, 982.0, 1031.0, 1121.0, 1131.0, 931.0, 676.0, 431.0, 253.0, 153.0, 96.0, 53.0, 30.0, 23.0, 10.0, 5.0, 1.0, 2.0, 1.0, 1.0]",1.142266869544983,-1.037058711051941
128,/features/features.6/Add,Add,False,False,True,/features/features.6/Add_output_0,0.019181212410330772,-0.003802732564508915,0.08564982563257217,-0.010074809193611145,0.4095630645751953,"[2.0, 3.0, 8.0, 11.0, 19.0, 35.0, 64.0, 112.0, 181.0, 310.0, 497.0, 577.0, 767.0, 905.0, 1018.0, 1020.0, 991.0, 848.0, 647.0, 452.0, 316.0, 170.0, 118.0, 70.0, 36.0, 13.0, 10.0, 8.0, 1.0, 4.0, 0.0, 3.0]",0.3935614824295044,-0.35645249485969543,0.0584484338760376,0.6159545183181763,0.44819629192352295,0.20875811576843262,"[8.0, 7.0, 12.0, 38.0, 44.0, 70.0, 179.0, 187.0, 366.0, 546.0, 817.0, 771.0, 1090.0, 784.0, 809.0, 596.0, 579.0, 500.0, 355.0, 418.0, 260.0, 206.0, 171.0, 139.0, 90.0, 80.0, 45.0, 30.0, 11.0, 3.0, 2.0, 3.0]",2.476848602294922,-1.8737897872924805,0.06225116550922394,0.6158979535102844,0.4369841516017914,0.22647738456726074,"[2.0, 8.0, 9.0, 26.0, 27.0, 55.0, 101.0, 164.0, 244.0, 414.0, 601.0, 829.0, 860.0, 922.0, 891.0, 762.0, 624.0, 524.0, 488.0, 398.0, 315.0, 261.0, 185.0, 161.0, 116.0, 92.0, 59.0, 42.0, 17.0, 10.0, 4.0, 5.0]",2.396723985671997,-1.974846363067627
129,/features/features.7/conv/conv.0/conv.0.0/Conv,Conv,False,True,False,/features/features.6/Add_output_0,0.019181212410330772,-0.003802732564508915,0.08564982563257217,-0.010074809193611145,0.4095630645751953,"[2.0, 3.0, 8.0, 11.0, 19.0, 35.0, 64.0, 112.0, 181.0, 310.0, 497.0, 577.0, 767.0, 905.0, 1018.0, 1020.0, 991.0, 848.0, 647.0, 452.0, 316.0, 170.0, 118.0, 70.0, 36.0, 13.0, 10.0, 8.0, 1.0, 4.0, 0.0, 3.0]",0.3935614824295044,-0.35645249485969543,0.0584484338760376,0.6159545183181763,0.44819629192352295,0.20875811576843262,"[8.0, 7.0, 12.0, 38.0, 44.0, 70.0, 179.0, 187.0, 366.0, 546.0, 817.0, 771.0, 1090.0, 784.0, 809.0, 596.0, 579.0, 500.0, 355.0, 418.0, 260.0, 206.0, 171.0, 139.0, 90.0, 80.0, 45.0, 30.0, 11.0, 3.0, 2.0, 3.0]",2.476848602294922,-1.8737897872924805,0.06225116550922394,0.6158979535102844,0.4369841516017914,0.22647738456726074,"[2.0, 8.0, 9.0, 26.0, 27.0, 55.0, 101.0, 164.0, 244.0, 414.0, 601.0, 829.0, 860.0, 922.0, 891.0, 762.0, 624.0, 524.0, 488.0, 398.0, 315.0, 261.0, 185.0, 161.0, 116.0, 92.0, 59.0, 42.0, 17.0, 10.0, 4.0, 5.0]",2.396723985671997,-1.974846363067627
130,/features/features.7/conv/conv.0/conv.0.0/Conv,Conv,True,True,False,onnx::Conv_592,3.430180731811561e-05,-1.0150512025575154e-05,0.00024970577214844525,-0.020284052938222885,-0.5516445636749268,"[45.0, 72.0, 126.0, 180.0, 144.0, 351.0, 369.0, 531.0, 351.0, 441.0, 450.0, 459.0, 486.0, 657.0, 576.0, 684.0, 630.0, 477.0, 441.0, 423.0, 459.0, 243.0, 216.0, 144.0, 117.0, 72.0, 27.0, 18.0, 9.0, 9.0, 0.0, 9.0]",0.0007978230714797974,-0.0006106588989496231,-0.0020432688761502504,0.0426335409283638,0.10484921932220459,0.8332431316375732,"[36.0, 0.0, 9.0, 9.0, 27.0, 18.0, 81.0, 81.0, 117.0, 288.0, 324.0, 477.0, 495.0, 738.0, 738.0, 1044.0, 801.0, 1008.0, 720.0, 567.0, 342.0, 324.0, 252.0, 252.0, 207.0, 54.0, 90.0, 18.0, 36.0, 0.0, 27.0, 36.0]",0.14644192159175873,-0.15622743964195251,-0.00203311862424016,0.042622119188308716,0.10949051380157471,0.83601975440979,"[36.0, 0.0, 9.0, 9.0, 18.0, 27.0, 72.0, 81.0, 126.0, 270.0, 342.0, 486.0, 495.0, 729.0, 720.0, 1062.0, 801.0, 999.0, 720.0, 585.0, 342.0, 315.0, 252.0, 252.0, 207.0, 63.0, 81.0, 18.0, 36.0, 0.0, 27.0, 36.0]",0.1470184624195099,-0.15684249997138977
131,/features/features.7/conv/conv.0/conv.0.0/Conv,Conv,True,True,False,onnx::Conv_593,0.0,0.0,0.0,,,"[0.0, 0.0, 0.0, 0.0, 0.0, 0.0, 0.0, 0.0, 0.0, 0.0, 0.0, 0.0, 0.0, 0.0, 0.0, 0.0, 9216.0, 0.0, 0.0, 0.0, 0.0, 0.0, 0.0, 0.0, 0.0, 0.0, 0.0, 0.0, 0.0, 0.0, 0.0, 0.0]",0.0,0.0,0.046679459512233734,0.12014459073543549,-0.0015927188796922565,-0.9973709583282471,"[18.0, 18.0, 0.0, 45.0, 0.0, 72.0, 270.0, 405.0, 279.0, 360.0, 558.0, 486.0, 396.0, 522.0, 324.0, 396.0, 117.0, 351.0, 450.0, 567.0, 486.0, 594.0, 576.0, 180.0, 162.0, 486.0, 405.0, 333.0, 81.0, 234.0, 0.0, 45.0]",0.311480849981308,-0.26518574357032776,0.046679459512233734,0.12014459073543549,-0.0015927188796922565,-0.9973709583282471,"[18.0, 18.0, 0.0, 45.0, 0.0, 72.0, 270.0, 405.0, 279.0, 360.0, 558.0, 486.0, 396.0, 522.0, 324.0, 396.0, 117.0, 351.0, 450.0, 567.0, 486.0, 594.0, 576.0, 180.0, 162.0, 486.0, 405.0, 333.0, 81.0, 234.0, 0.0, 45.0]",0.311480849981308,-0.26518574357032776
132,/features/features.7/conv/conv.0/conv.0.0/Conv,Conv,False,False,True,/features/features.7/conv/conv.0/conv.0.0/Conv_output_0,0.010153871029615402,-0.0011110244086012244,0.020376306027173996,-0.010211755521595478,1.4062213897705078,"[2.0, 0.0, 0.0, 1.0, 0.0, 2.0, 6.0, 11.0, 28.0, 65.0, 101.0, 178.0, 277.0, 504.0, 801.0, 1113.0, 1574.0, 1642.0, 1090.0, 758.0, 463.0, 269.0, 147.0, 85.0, 41.0, 29.0, 18.0, 4.0, 3.0, 2.0, 1.0, 1.0]",0.1093180924654007,-0.12518751621246338,0.007703510578721762,0.20147646963596344,-0.4740027189254761,0.936366081237793,"[1.0, 1.0, 1.0, 2.0, 2.0, 7.0, 9.0, 8.0, 15.0, 23.0, 33.0, 67.0, 128.0, 218.0, 343.0, 486.0, 643.0, 867.0, 981.0, 1112.0, 1184.0, 1155.0, 761.0, 566.0, 343.0, 142.0, 69.0, 24.0, 14.0, 4.0, 4.0, 3.0]",0.7774273753166199,-1.1821179389953613,0.008814533241093159,0.20232170820236206,-0.49838393926620483,0.9996452331542969,"[3.0, 0.0, 2.0, 1.0, 3.0, 10.0, 11.0, 7.0, 13.0, 29.0, 45.0, 86.0, 147.0, 246.0, 370.0, 501.0, 661.0, 873.0, 998.0, 1079.0, 1203.0, 1089.0, 715.0, 565.0, 309.0, 134.0, 69.0, 22.0, 12.0, 5.0, 4.0, 4.0]",0.7747964262962341,-1.1512314081192017
133,/features/features.7/conv/conv.0/conv.0.2/Clip,Clip,False,True,False,/features/features.7/conv/conv.0/conv.0.0/Conv_output_0,0.010153871029615402,-0.0011110244086012244,0.020376306027173996,-0.010211755521595478,1.4062213897705078,"[2.0, 0.0, 0.0, 1.0, 0.0, 2.0, 6.0, 11.0, 28.0, 65.0, 101.0, 178.0, 277.0, 504.0, 801.0, 1113.0, 1574.0, 1642.0, 1090.0, 758.0, 463.0, 269.0, 147.0, 85.0, 41.0, 29.0, 18.0, 4.0, 3.0, 2.0, 1.0, 1.0]",0.1093180924654007,-0.12518751621246338,0.007703510578721762,0.20147646963596344,-0.4740027189254761,0.936366081237793,"[1.0, 1.0, 1.0, 2.0, 2.0, 7.0, 9.0, 8.0, 15.0, 23.0, 33.0, 67.0, 128.0, 218.0, 343.0, 486.0, 643.0, 867.0, 981.0, 1112.0, 1184.0, 1155.0, 761.0, 566.0, 343.0, 142.0, 69.0, 24.0, 14.0, 4.0, 4.0, 3.0]",0.7774273753166199,-1.1821179389953613,0.008814533241093159,0.20232170820236206,-0.49838393926620483,0.9996452331542969,"[3.0, 0.0, 2.0, 1.0, 3.0, 10.0, 11.0, 7.0, 13.0, 29.0, 45.0, 86.0, 147.0, 246.0, 370.0, 501.0, 661.0, 873.0, 998.0, 1079.0, 1203.0, 1089.0, 715.0, 565.0, 309.0, 134.0, 69.0, 22.0, 12.0, 5.0, 4.0, 4.0]",0.7747964262962341,-1.1512314081192017
134,/features/features.7/conv/conv.0/conv.0.2/Clip,Clip,True,True,False,/features/features.7/conv/conv.0/conv.0.2/Constant_output_0,0.0,0.0,0.0,,,"[0.0, 0.0, 0.0, 0.0, 0.0, 0.0, 0.0, 0.0, 0.0, 0.0, 0.0, 0.0, 0.0, 0.0, 0.0, 0.0, 9216.0, 0.0, 0.0, 0.0, 0.0, 0.0, 0.0, 0.0, 0.0, 0.0, 0.0, 0.0, 0.0, 0.0, 0.0, 0.0]",0.0,0.0,0.0,0.0,,,"[0.0, 0.0, 0.0, 0.0, 0.0, 0.0, 0.0, 0.0, 0.0, 0.0, 0.0, 0.0, 0.0, 0.0, 0.0, 0.0, 9216.0, 0.0, 0.0, 0.0, 0.0, 0.0, 0.0, 0.0, 0.0, 0.0, 0.0, 0.0, 0.0, 0.0, 0.0, 0.0]",0.0,0.0,0.0,0.0,,,"[0.0, 0.0, 0.0, 0.0, 0.0, 0.0, 0.0, 0.0, 0.0, 0.0, 0.0, 0.0, 0.0, 0.0, 0.0, 0.0, 9216.0, 0.0, 0.0, 0.0, 0.0, 0.0, 0.0, 0.0, 0.0, 0.0, 0.0, 0.0, 0.0, 0.0, 0.0, 0.0]",0.0,0.0
135,/features/features.7/conv/conv.0/conv.0.2/Clip,Clip,True,True,False,/features/features.7/conv/conv.0/conv.0.2/Constant_1_output_0,0.7593365907669067,-5.228394031524658,1.4305891227195389e-06,-0.9998371601104736,-2.0002174377441406,"[0.0, 0.0, 0.0, 0.0, 0.0, 0.0, 0.0, 0.0, 0.0, 0.0, 0.0, 0.0, 0.0, 0.0, 0.0, 0.0, 9216.0, 0.0, 0.0, 0.0, 0.0, 0.0, 0.0, 0.0, 0.0, 0.0, 0.0, 0.0, 0.0, 0.0, 0.0, 0.0]",-5.228395462036133,-5.228395462036133,0.7716046571731567,0.0,,,"[0.0, 0.0, 0.0, 0.0, 0.0, 0.0, 0.0, 0.0, 0.0, 0.0, 0.0, 0.0, 0.0, 0.0, 0.0, 0.0, 9216.0, 0.0, 0.0, 0.0, 0.0, 0.0, 0.0, 0.0, 0.0, 0.0, 0.0, 0.0, 0.0, 0.0, 0.0, 0.0]",0.7716046571731567,0.7716046571731567,6.0,0.0,,,"[0.0, 0.0, 0.0, 0.0, 0.0, 0.0, 0.0, 0.0, 0.0, 0.0, 0.0, 0.0, 0.0, 0.0, 0.0, 0.0, 9216.0, 0.0, 0.0, 0.0, 0.0, 0.0, 0.0, 0.0, 0.0, 0.0, 0.0, 0.0, 0.0, 0.0, 0.0, 0.0]",6.0,6.0
136,/features/features.7/conv/conv.0/conv.0.2/Clip,Clip,False,False,True,/features/features.7/conv/conv.0/conv.0.2/Clip_output_0,0.00888511911034584,-0.000765426957514137,0.013087195344269276,-0.20109570026397705,5.100749969482422,"[1.0, 0.0, 0.0, 1.0, 2.0, 4.0, 11.0, 30.0, 34.0, 59.0, 90.0, 154.0, 224.0, 415.0, 613.0, 765.0, 4941.0, 741.0, 425.0, 297.0, 169.0, 96.0, 72.0, 36.0, 14.0, 8.0, 6.0, 3.0, 2.0, 1.0, 1.0, 1.0]",0.09331962466239929,-0.09753134846687317,0.0833401158452034,0.11044459789991379,1.4608439207077026,2.057244300842285,"[4567.0, 440.0, 445.0, 473.0, 494.0, 469.0, 438.0, 348.0, 264.0, 252.0, 237.0, 190.0, 178.0, 110.0, 90.0, 63.0, 40.0, 38.0, 20.0, 16.0, 11.0, 8.0, 9.0, 5.0, 0.0, 3.0, 1.0, 1.0, 2.0, 2.0, 0.0, 2.0]",0.7716046571731567,0.0,0.08410555124282837,0.11076105386018753,1.4593867063522339,2.0911998748779297,"[4557.0, 446.0, 483.0, 452.0, 530.0, 457.0, 403.0, 338.0, 284.0, 259.0, 229.0, 196.0, 162.0, 110.0, 95.0, 56.0, 43.0, 33.0, 27.0, 12.0, 13.0, 5.0, 8.0, 3.0, 5.0, 1.0, 1.0, 1.0, 2.0, 2.0, 1.0, 2.0]",0.7747964262962341,0.0
137,/features/features.7/conv/conv.1/conv.1.0/Conv,Conv,False,True,False,/features/features.7/conv/conv.0/conv.0.2/Clip_output_0,0.00888511911034584,-0.000765426957514137,0.013087195344269276,-0.20109570026397705,5.100749969482422,"[1.0, 0.0, 0.0, 1.0, 2.0, 4.0, 11.0, 30.0, 34.0, 59.0, 90.0, 154.0, 224.0, 415.0, 613.0, 765.0, 4941.0, 741.0, 425.0, 297.0, 169.0, 96.0, 72.0, 36.0, 14.0, 8.0, 6.0, 3.0, 2.0, 1.0, 1.0, 1.0]",0.09331962466239929,-0.09753134846687317,0.0833401158452034,0.11044459789991379,1.4608439207077026,2.057244300842285,"[4567.0, 440.0, 445.0, 473.0, 494.0, 469.0, 438.0, 348.0, 264.0, 252.0, 237.0, 190.0, 178.0, 110.0, 90.0, 63.0, 40.0, 38.0, 20.0, 16.0, 11.0, 8.0, 9.0, 5.0, 0.0, 3.0, 1.0, 1.0, 2.0, 2.0, 0.0, 2.0]",0.7716046571731567,0.0,0.08410555124282837,0.11076105386018753,1.4593867063522339,2.0911998748779297,"[4557.0, 446.0, 483.0, 452.0, 530.0, 457.0, 403.0, 338.0, 284.0, 259.0, 229.0, 196.0, 162.0, 110.0, 95.0, 56.0, 43.0, 33.0, 27.0, 12.0, 13.0, 5.0, 8.0, 3.0, 5.0, 1.0, 1.0, 1.0, 2.0, 2.0, 1.0, 2.0]",0.7747964262962341,0.0
138,/features/features.7/conv/conv.1/conv.1.0/Conv,Conv,True,True,False,onnx::Conv_595,1.7613720046938397e-05,-0.00012108202645322308,0.0019382878672331572,0.010032560676336288,0.8124487400054932,"[9.0, 0.0, 0.0, 0.0, 0.0, 0.0, 18.0, 27.0, 63.0, 36.0, 63.0, 117.0, 333.0, 693.0, 774.0, 1062.0, 792.0, 801.0, 837.0, 864.0, 945.0, 891.0, 441.0, 153.0, 135.0, 18.0, 36.0, 45.0, 18.0, 18.0, 18.0, 9.0]",0.007490575313568115,-0.009610652923583984,0.0148969991132617,0.46244484186172485,-0.14906716346740723,1.0690526962280273,"[9.0, 0.0, 0.0, 0.0, 0.0, 0.0, 9.0, 36.0, 18.0, 0.0, 63.0, 27.0, 36.0, 135.0, 279.0, 612.0, 963.0, 1161.0, 1062.0, 198.0, 648.0, 1341.0, 945.0, 612.0, 513.0, 288.0, 81.0, 45.0, 36.0, 45.0, 9.0, 45.0]",1.5502872467041016,-2.4603374004364014,0.015018082223832607,0.4624978303909302,-0.1433064341545105,1.0565285682678223,"[9.0, 0.0, 0.0, 0.0, 0.0, 0.0, 18.0, 27.0, 18.0, 0.0, 63.0, 27.0, 45.0, 135.0, 306.0, 630.0, 945.0, 1125.0, 1080.0, 180.0, 666.0, 1341.0, 945.0, 666.0, 441.0, 306.0, 63.0, 45.0, 36.0, 45.0, 9.0, 45.0]",1.5517690181732178,-2.4507267475128174
139,/features/features.7/conv/conv.1/conv.1.0/Conv,Conv,True,True,False,onnx::Conv_596,0.0,0.0,0.0,,,"[0.0, 0.0, 0.0, 0.0, 0.0, 0.0, 0.0, 0.0, 0.0, 0.0, 0.0, 0.0, 0.0, 0.0, 0.0, 0.0, 9216.0, 0.0, 0.0, 0.0, 0.0, 0.0, 0.0, 0.0, 0.0, 0.0, 0.0, 0.0, 0.0, 0.0, 0.0, 0.0]",0.0,0.0,0.3285503089427948,0.38181737065315247,0.702966570854187,-0.567601203918457,"[27.0, 0.0, 135.0, 45.0, 2124.0, 2358.0, 0.0, 0.0, 0.0, 99.0, 0.0, 45.0, 351.0, 414.0, 441.0, 801.0, 423.0, 171.0, 180.0, 342.0, 99.0, 333.0, 243.0, 162.0, 63.0, 0.0, 72.0, 0.0, 90.0, 108.0, 63.0, 27.0]",1.4240446090698242,-0.2666018605232239,0.3285503089427948,0.38181737065315247,0.702966570854187,-0.567601203918457,"[27.0, 0.0, 135.0, 45.0, 2124.0, 2358.0, 0.0, 0.0, 0.0, 99.0, 0.0, 45.0, 351.0, 414.0, 441.0, 801.0, 423.0, 171.0, 180.0, 342.0, 99.0, 333.0, 243.0, 162.0, 63.0, 0.0, 72.0, 0.0, 90.0, 108.0, 63.0, 27.0]",1.4240446090698242,-0.2666018605232239
140,/features/features.7/conv/conv.1/conv.1.0/Conv,Conv,False,False,True,/features/features.7/conv/conv.1/conv.1.0/Conv_output_0,0.002984508639201522,-0.0004209776525385678,0.019347289577126503,-0.14372187852859497,3.7459959983825684,"[2.0, 4.0, 5.0, 3.0, 22.0, 11.0, 24.0, 48.0, 69.0, 109.0, 221.0, 375.0, 599.0, 920.0, 1424.0, 3011.0, 924.0, 623.0, 382.0, 177.0, 119.0, 61.0, 30.0, 18.0, 14.0, 8.0, 4.0, 4.0, 4.0, 0.0, 0.0, 1.0]",0.13012731075286865,-0.11499524116516113,0.23832270503044128,0.2630561888217926,0.49822595715522766,-0.21637248992919922,"[2.0, 1.0, 7.0, 5.0, 19.0, 30.0, 56.0, 73.0, 108.0, 185.0, 1110.0, 1848.0, 704.0, 607.0, 597.0, 567.0, 658.0, 712.0, 498.0, 408.0, 267.0, 341.0, 195.0, 107.0, 43.0, 36.0, 25.0, 3.0, 1.0, 1.0, 1.0, 1.0]",1.3821793794631958,-0.7173474431037903,0.23874370753765106,0.26167696714401245,0.4877321422100067,-0.20977330207824707,"[2.0, 2.0, 5.0, 6.0, 11.0, 20.0, 39.0, 57.0, 90.0, 136.0, 211.0, 2083.0, 990.0, 705.0, 590.0, 542.0, 586.0, 620.0, 696.0, 451.0, 378.0, 296.0, 333.0, 167.0, 86.0, 46.0, 36.0, 23.0, 4.0, 1.0, 1.0, 3.0]",1.3040951490402222,-0.7366740703582764
141,/features/features.7/conv/conv.1/conv.1.2/Clip,Clip,False,True,False,/features/features.7/conv/conv.1/conv.1.0/Conv_output_0,0.002984508639201522,-0.0004209776525385678,0.019347289577126503,-0.14372187852859497,3.7459959983825684,"[2.0, 4.0, 5.0, 3.0, 22.0, 11.0, 24.0, 48.0, 69.0, 109.0, 221.0, 375.0, 599.0, 920.0, 1424.0, 3011.0, 924.0, 623.0, 382.0, 177.0, 119.0, 61.0, 30.0, 18.0, 14.0, 8.0, 4.0, 4.0, 4.0, 0.0, 0.0, 1.0]",0.13012731075286865,-0.11499524116516113,0.23832270503044128,0.2630561888217926,0.49822595715522766,-0.21637248992919922,"[2.0, 1.0, 7.0, 5.0, 19.0, 30.0, 56.0, 73.0, 108.0, 185.0, 1110.0, 1848.0, 704.0, 607.0, 597.0, 567.0, 658.0, 712.0, 498.0, 408.0, 267.0, 341.0, 195.0, 107.0, 43.0, 36.0, 25.0, 3.0, 1.0, 1.0, 1.0, 1.0]",1.3821793794631958,-0.7173474431037903,0.23874370753765106,0.26167696714401245,0.4877321422100067,-0.20977330207824707,"[2.0, 2.0, 5.0, 6.0, 11.0, 20.0, 39.0, 57.0, 90.0, 136.0, 211.0, 2083.0, 990.0, 705.0, 590.0, 542.0, 586.0, 620.0, 696.0, 451.0, 378.0, 296.0, 333.0, 167.0, 86.0, 46.0, 36.0, 23.0, 4.0, 1.0, 1.0, 3.0]",1.3040951490402222,-0.7366740703582764
142,/features/features.7/conv/conv.1/conv.1.2/Clip,Clip,True,True,False,/features/features.7/conv/conv.1/conv.1.2/Constant_output_0,0.0,0.0,0.0,,,"[0.0, 0.0, 0.0, 0.0, 0.0, 0.0, 0.0, 0.0, 0.0, 0.0, 0.0, 0.0, 0.0, 0.0, 0.0, 0.0, 9216.0, 0.0, 0.0, 0.0, 0.0, 0.0, 0.0, 0.0, 0.0, 0.0, 0.0, 0.0, 0.0, 0.0, 0.0, 0.0]",0.0,0.0,0.0,0.0,,,"[0.0, 0.0, 0.0, 0.0, 0.0, 0.0, 0.0, 0.0, 0.0, 0.0, 0.0, 0.0, 0.0, 0.0, 0.0, 0.0, 9216.0, 0.0, 0.0, 0.0, 0.0, 0.0, 0.0, 0.0, 0.0, 0.0, 0.0, 0.0, 0.0, 0.0, 0.0, 0.0]",0.0,0.0,0.0,0.0,,,"[0.0, 0.0, 0.0, 0.0, 0.0, 0.0, 0.0, 0.0, 0.0, 0.0, 0.0, 0.0, 0.0, 0.0, 0.0, 0.0, 9216.0, 0.0, 0.0, 0.0, 0.0, 0.0, 0.0, 0.0, 0.0, 0.0, 0.0, 0.0, 0.0, 0.0, 0.0, 0.0]",0.0,0.0
143,/features/features.7/conv/conv.1/conv.1.2/Clip,Clip,True,True,False,/features/features.7/conv/conv.1/conv.1.2/Constant_1_output_0,0.6488884091377258,-4.833217144012451,4.768630219587067e-07,0.9998371601104736,-2.0002174377441406,"[0.0, 0.0, 0.0, 0.0, 0.0, 0.0, 0.0, 0.0, 0.0, 0.0, 0.0, 0.0, 0.0, 0.0, 0.0, 0.0, 9216.0, 0.0, 0.0, 0.0, 0.0, 0.0, 0.0, 0.0, 0.0, 0.0, 0.0, 0.0, 0.0, 0.0, 0.0, 0.0]",-4.833216667175293,-4.833216667175293,1.166783094406128,1.1921575548967667e-07,0.9998371601104736,-2.0002174377441406,"[0.0, 0.0, 0.0, 0.0, 0.0, 0.0, 0.0, 0.0, 0.0, 0.0, 0.0, 0.0, 0.0, 0.0, 0.0, 0.0, 9216.0, 0.0, 0.0, 0.0, 0.0, 0.0, 0.0, 0.0, 0.0, 0.0, 0.0, 0.0, 0.0, 0.0, 0.0, 0.0]",1.1667832136154175,1.1667832136154175,6.0,0.0,,,"[0.0, 0.0, 0.0, 0.0, 0.0, 0.0, 0.0, 0.0, 0.0, 0.0, 0.0, 0.0, 0.0, 0.0, 0.0, 0.0, 9216.0, 0.0, 0.0, 0.0, 0.0, 0.0, 0.0, 0.0, 0.0, 0.0, 0.0, 0.0, 0.0, 0.0, 0.0, 0.0]",6.0,6.0
144,/features/features.7/conv/conv.1/conv.1.2/Clip,Clip,False,False,True,/features/features.7/conv/conv.1/conv.1.2/Clip_output_0,0.002826771466061473,-0.00024476146791130304,0.018629074096679688,-0.27469414472579956,4.902143478393555,"[1.0, 1.0, 2.0, 4.0, 3.0, 5.0, 8.0, 22.0, 26.0, 46.0, 66.0, 142.0, 255.0, 462.0, 748.0, 1415.0, 3642.0, 988.0, 626.0, 374.0, 163.0, 109.0, 44.0, 30.0, 12.0, 10.0, 4.0, 3.0, 3.0, 1.0, 0.0, 1.0]",0.13258421421051025,-0.1373119354248047,0.24983569979667664,0.24648186564445496,0.7765480279922485,-0.3466503620147705,"[2750.0, 678.0, 462.0, 329.0, 342.0, 320.0, 341.0, 315.0, 314.0, 365.0, 381.0, 415.0, 359.0, 290.0, 240.0, 248.0, 177.0, 121.0, 166.0, 211.0, 127.0, 71.0, 53.0, 38.0, 30.0, 23.0, 18.0, 9.0, 16.0, 2.0, 2.0, 3.0]",1.1667832136154175,0.0,0.2500804662704468,0.24544668197631836,0.7756128311157227,-0.32159972190856934,"[2924.0, 596.0, 479.0, 417.0, 375.0, 377.0, 338.0, 347.0, 395.0, 411.0, 512.0, 332.0, 285.0, 304.0, 199.0, 166.0, 170.0, 229.0, 123.0, 67.0, 53.0, 34.0, 28.0, 23.0, 13.0, 11.0, 3.0, 0.0, 1.0, 1.0, 1.0, 2.0]",1.3040951490402222,0.0
145,/features/features.7/conv/conv.2/Conv,Conv,False,True,False,/features/features.7/conv/conv.1/conv.1.2/Clip_output_0,0.002826771466061473,-0.00024476146791130304,0.018629074096679688,-0.27469414472579956,4.902143478393555,"[1.0, 1.0, 2.0, 4.0, 3.0, 5.0, 8.0, 22.0, 26.0, 46.0, 66.0, 142.0, 255.0, 462.0, 748.0, 1415.0, 3642.0, 988.0, 626.0, 374.0, 163.0, 109.0, 44.0, 30.0, 12.0, 10.0, 4.0, 3.0, 3.0, 1.0, 0.0, 1.0]",0.13258421421051025,-0.1373119354248047,0.24983569979667664,0.24648186564445496,0.7765480279922485,-0.3466503620147705,"[2750.0, 678.0, 462.0, 329.0, 342.0, 320.0, 341.0, 315.0, 314.0, 365.0, 381.0, 415.0, 359.0, 290.0, 240.0, 248.0, 177.0, 121.0, 166.0, 211.0, 127.0, 71.0, 53.0, 38.0, 30.0, 23.0, 18.0, 9.0, 16.0, 2.0, 2.0, 3.0]",1.1667832136154175,0.0,0.2500804662704468,0.24544668197631836,0.7756128311157227,-0.32159972190856934,"[2924.0, 596.0, 479.0, 417.0, 375.0, 377.0, 338.0, 347.0, 395.0, 411.0, 512.0, 332.0, 285.0, 304.0, 199.0, 166.0, 170.0, 229.0, 123.0, 67.0, 53.0, 34.0, 28.0, 23.0, 13.0, 11.0, 3.0, 0.0, 1.0, 1.0, 1.0, 2.0]",1.3040951490402222,0.0
146,/features/features.7/conv/conv.2/Conv,Conv,True,True,False,onnx::Conv_598,5.453202174976468e-05,-6.430983376048971e-06,0.0010019674664363265,-0.01547926478087902,-0.947643518447876,"[18.0, 27.0, 9.0, 45.0, 99.0, 144.0, 270.0, 387.0, 450.0, 387.0, 369.0, 405.0, 477.0, 423.0, 495.0, 450.0, 378.0, 495.0, 405.0, 486.0, 342.0, 396.0, 441.0, 396.0, 468.0, 414.0, 306.0, 99.0, 63.0, 36.0, 18.0, 18.0]",0.0024261511862277985,-0.0025702528655529022,0.0010184674756601453,0.1357089728116989,0.008889238350093365,0.7886021137237549,"[9.0, 0.0, 0.0, 0.0, 36.0, 27.0, 45.0, 45.0, 126.0, 207.0, 351.0, 423.0, 648.0, 900.0, 864.0, 1125.0, 1008.0, 1008.0, 846.0, 414.0, 423.0, 243.0, 243.0, 72.0, 63.0, 45.0, 18.0, 9.0, 9.0, 0.0, 0.0, 9.0]",0.5956804156303406,-0.5805173516273499,0.0010248995386064053,0.13568267226219177,0.010969731956720352,0.7876667976379395,"[9.0, 0.0, 0.0, 0.0, 36.0, 36.0, 36.0, 45.0, 153.0, 180.0, 378.0, 450.0, 621.0, 918.0, 864.0, 1116.0, 1026.0, 1044.0, 792.0, 405.0, 414.0, 261.0, 207.0, 81.0, 54.0, 45.0, 18.0, 18.0, 0.0, 0.0, 0.0, 9.0]",0.5980256199836731,-0.5782496929168701
147,/features/features.7/conv/conv.2/Conv,Conv,True,True,False,onnx::Conv_599,0.0,0.0,0.0,,,"[0.0, 0.0, 0.0, 0.0, 0.0, 0.0, 0.0, 0.0, 0.0, 0.0, 0.0, 0.0, 0.0, 0.0, 0.0, 0.0, 9216.0, 0.0, 0.0, 0.0, 0.0, 0.0, 0.0, 0.0, 0.0, 0.0, 0.0, 0.0, 0.0, 0.0, 0.0, 0.0]",0.0,0.0,0.043027620762586594,0.6535762548446655,0.21258261799812317,-0.06072497367858887,"[144.0, 144.0, 144.0, 144.0, 288.0, 576.0, 144.0, 144.0, 288.0, 144.0, 576.0, 864.0, 1008.0, 432.0, 576.0, 720.0, 144.0, 576.0, 432.0, 0.0, 432.0, 144.0, 288.0, 144.0, 432.0, 144.0, 0.0, 0.0, 0.0, 0.0, 0.0, 144.0]",1.8917495012283325,-1.3395566940307617,0.043027620762586594,0.6535762548446655,0.21258261799812317,-0.06072497367858887,"[144.0, 144.0, 144.0, 144.0, 288.0, 576.0, 144.0, 144.0, 288.0, 144.0, 576.0, 864.0, 1008.0, 432.0, 576.0, 720.0, 144.0, 576.0, 432.0, 0.0, 432.0, 144.0, 288.0, 144.0, 432.0, 144.0, 0.0, 0.0, 0.0, 0.0, 0.0, 144.0]",1.8917495012283325,-1.3395566940307617
148,/features/features.7/conv/conv.2/Conv,Conv,False,False,True,/features/features.7/conv/conv.2/Conv_output_0,0.010195211507380009,-2.9673490189452423e-06,0.04553281515836716,-0.13187569379806519,0.16324186325073242,"[2.0, 1.0, 2.0, 4.0, 10.0, 12.0, 25.0, 53.0, 91.0, 110.0, 170.0, 300.0, 439.0, 567.0, 687.0, 845.0, 866.0, 948.0, 928.0, 819.0, 711.0, 545.0, 396.0, 315.0, 164.0, 101.0, 57.0, 21.0, 15.0, 4.0, 5.0, 3.0]",0.1695542335510254,-0.20120853185653687,-0.06138286367058754,0.4484488368034363,0.29056963324546814,-0.3203895092010498,"[3.0, 11.0, 24.0, 94.0, 167.0, 315.0, 421.0, 453.0, 509.0, 547.0, 481.0, 622.0, 596.0, 638.0, 636.0, 679.0, 622.0, 528.0, 432.0, 344.0, 277.0, 184.0, 177.0, 141.0, 99.0, 76.0, 53.0, 48.0, 15.0, 17.0, 6.0, 1.0]",1.492018222808838,-1.2194379568099976,-0.061379894614219666,0.44675061106681824,0.29788994789123535,-0.27396130561828613,"[2.0, 8.0, 27.0, 66.0, 142.0, 248.0, 344.0, 419.0, 463.0, 555.0, 600.0, 639.0, 611.0, 632.0, 617.0, 670.0, 589.0, 569.0, 452.0, 382.0, 285.0, 211.0, 187.0, 144.0, 110.0, 92.0, 51.0, 54.0, 18.0, 18.0, 8.0, 3.0]",1.4708093404769897,-1.249801754951477
149,/features/features.8/conv/conv.0/conv.0.0/Conv,Conv,False,True,False,/features/features.7/conv/conv.2/Conv_output_0,0.010195211507380009,-2.9673490189452423e-06,0.04553281515836716,-0.13187569379806519,0.16324186325073242,"[2.0, 1.0, 2.0, 4.0, 10.0, 12.0, 25.0, 53.0, 91.0, 110.0, 170.0, 300.0, 439.0, 567.0, 687.0, 845.0, 866.0, 948.0, 928.0, 819.0, 711.0, 545.0, 396.0, 315.0, 164.0, 101.0, 57.0, 21.0, 15.0, 4.0, 5.0, 3.0]",0.1695542335510254,-0.20120853185653687,-0.06138286367058754,0.4484488368034363,0.29056963324546814,-0.3203895092010498,"[3.0, 11.0, 24.0, 94.0, 167.0, 315.0, 421.0, 453.0, 509.0, 547.0, 481.0, 622.0, 596.0, 638.0, 636.0, 679.0, 622.0, 528.0, 432.0, 344.0, 277.0, 184.0, 177.0, 141.0, 99.0, 76.0, 53.0, 48.0, 15.0, 17.0, 6.0, 1.0]",1.492018222808838,-1.2194379568099976,-0.061379894614219666,0.44675061106681824,0.29788994789123535,-0.27396130561828613,"[2.0, 8.0, 27.0, 66.0, 142.0, 248.0, 344.0, 419.0, 463.0, 555.0, 600.0, 639.0, 611.0, 632.0, 617.0, 670.0, 589.0, 569.0, 452.0, 382.0, 285.0, 211.0, 187.0, 144.0, 110.0, 92.0, 51.0, 54.0, 18.0, 18.0, 8.0, 3.0]",1.4708093404769897,-1.249801754951477
150,/features/features.8/conv/conv.0/conv.0.0/Conv,Conv,True,True,False,onnx::Conv_601,3.907820791937411e-05,4.015324975625845e-06,0.00015734898624941707,-0.04025000333786011,-0.5243897438049316,"[27.0, 27.0, 81.0, 81.0, 99.0, 126.0, 207.0, 351.0, 378.0, 504.0, 558.0, 441.0, 549.0, 594.0, 576.0, 477.0, 693.0, 504.0, 504.0, 558.0, 423.0, 441.0, 360.0, 225.0, 153.0, 135.0, 81.0, 27.0, 27.0, 0.0, 0.0, 9.0]",0.0004843100905418396,-0.00042016059160232544,5.304006117512472e-05,0.025182150304317474,0.1717858612537384,1.3300366401672363,"[9.0, 9.0, 0.0, 27.0, 45.0, 54.0, 54.0, 72.0, 153.0, 315.0, 351.0, 513.0, 819.0, 945.0, 1116.0, 1044.0, 792.0, 765.0, 630.0, 612.0, 333.0, 189.0, 99.0, 81.0, 72.0, 36.0, 9.0, 18.0, 18.0, 9.0, 9.0, 18.0]",0.10672111064195633,-0.09756489098072052,4.9024663894670084e-05,0.025178929790854454,0.17709214985370636,1.3373332023620605,"[9.0, 9.0, 0.0, 27.0, 45.0, 54.0, 54.0, 90.0, 144.0, 306.0, 387.0, 495.0, 873.0, 945.0, 1089.0, 1053.0, 783.0, 774.0, 630.0, 585.0, 315.0, 198.0, 81.0, 90.0, 63.0, 36.0, 9.0, 18.0, 18.0, 9.0, 9.0, 18.0]",0.10714127123355865,-0.09718377888202667
151,/features/features.8/conv/conv.0/conv.0.0/Conv,Conv,True,True,False,onnx::Conv_602,0.0,0.0,0.0,,,"[0.0, 0.0, 0.0, 0.0, 0.0, 0.0, 0.0, 0.0, 0.0, 0.0, 0.0, 0.0, 0.0, 0.0, 0.0, 0.0, 9216.0, 0.0, 0.0, 0.0, 0.0, 0.0, 0.0, 0.0, 0.0, 0.0, 0.0, 0.0, 0.0, 0.0, 0.0, 0.0]",0.0,0.0,0.09412774443626404,0.08269129693508148,-0.39404726028442383,1.7386822700500488,"[18.0, 0.0, 27.0, 0.0, 36.0, 45.0, 18.0, 144.0, 153.0, 540.0, 207.0, 495.0, 531.0, 576.0, 639.0, 630.0, 1116.0, 1512.0, 1089.0, 792.0, 441.0, 108.0, 18.0, 36.0, 0.0, 0.0, 0.0, 0.0, 0.0, 0.0, 0.0, 45.0]",0.44965502619743347,-0.24530601501464844,0.09412774443626404,0.08269129693508148,-0.39404726028442383,1.7386822700500488,"[18.0, 0.0, 27.0, 0.0, 36.0, 45.0, 18.0, 144.0, 153.0, 540.0, 207.0, 495.0, 531.0, 576.0, 639.0, 630.0, 1116.0, 1512.0, 1089.0, 792.0, 441.0, 108.0, 18.0, 36.0, 0.0, 0.0, 0.0, 0.0, 0.0, 0.0, 0.0, 45.0]",0.44965502619743347,-0.24530601501464844
152,/features/features.8/conv/conv.0/conv.0.0/Conv,Conv,False,False,True,/features/features.8/conv/conv.0/conv.0.0/Conv_output_0,0.0030361798126250505,-0.0004908905830234289,0.008277609013020992,0.08505255728960037,1.431725025177002,"[1.0, 4.0, 5.0, 7.0, 10.0, 36.0, 72.0, 148.0, 304.0, 588.0, 1090.0, 1365.0, 1602.0, 1513.0, 1107.0, 631.0, 361.0, 203.0, 76.0, 56.0, 19.0, 11.0, 2.0, 2.0, 0.0, 0.0, 1.0, 1.0, 0.0, 0.0, 0.0, 1.0]",0.06425582617521286,-0.042622294276952744,0.07744872570037842,0.12903401255607605,-0.20830857753753662,3.6719350814819336,"[1.0, 2.0, 5.0, 2.0, 5.0, 7.0, 2.0, 1.0, 2.0, 5.0, 26.0, 52.0, 88.0, 129.0, 200.0, 507.0, 788.0, 1079.0, 1639.0, 1466.0, 1422.0, 879.0, 438.0, 211.0, 130.0, 22.0, 8.0, 13.0, 35.0, 43.0, 7.0, 2.0]",0.6858999133110046,-0.8124116659164429,0.07793960720300674,0.1287306249141693,-0.21702399849891663,3.6530160903930664,"[1.0, 2.0, 3.0, 3.0, 3.0, 5.0, 7.0, 0.0, 3.0, 4.0, 26.0, 41.0, 68.0, 117.0, 168.0, 353.0, 719.0, 966.0, 1423.0, 1629.0, 1403.0, 1107.0, 577.0, 254.0, 161.0, 56.0, 13.0, 11.0, 28.0, 36.0, 24.0, 5.0]",0.6630288362503052,-0.8184446692466736
153,/features/features.8/conv/conv.0/conv.0.2/Clip,Clip,False,True,False,/features/features.8/conv/conv.0/conv.0.0/Conv_output_0,0.0030361798126250505,-0.0004908905830234289,0.008277609013020992,0.08505255728960037,1.431725025177002,"[1.0, 4.0, 5.0, 7.0, 10.0, 36.0, 72.0, 148.0, 304.0, 588.0, 1090.0, 1365.0, 1602.0, 1513.0, 1107.0, 631.0, 361.0, 203.0, 76.0, 56.0, 19.0, 11.0, 2.0, 2.0, 0.0, 0.0, 1.0, 1.0, 0.0, 0.0, 0.0, 1.0]",0.06425582617521286,-0.042622294276952744,0.07744872570037842,0.12903401255607605,-0.20830857753753662,3.6719350814819336,"[1.0, 2.0, 5.0, 2.0, 5.0, 7.0, 2.0, 1.0, 2.0, 5.0, 26.0, 52.0, 88.0, 129.0, 200.0, 507.0, 788.0, 1079.0, 1639.0, 1466.0, 1422.0, 879.0, 438.0, 211.0, 130.0, 22.0, 8.0, 13.0, 35.0, 43.0, 7.0, 2.0]",0.6858999133110046,-0.8124116659164429,0.07793960720300674,0.1287306249141693,-0.21702399849891663,3.6530160903930664,"[1.0, 2.0, 3.0, 3.0, 3.0, 5.0, 7.0, 0.0, 3.0, 4.0, 26.0, 41.0, 68.0, 117.0, 168.0, 353.0, 719.0, 966.0, 1423.0, 1629.0, 1403.0, 1107.0, 577.0, 254.0, 161.0, 56.0, 13.0, 11.0, 28.0, 36.0, 24.0, 5.0]",0.6630288362503052,-0.8184446692466736
154,/features/features.8/conv/conv.0/conv.0.2/Clip,Clip,True,True,False,/features/features.8/conv/conv.0/conv.0.2/Constant_output_0,0.0,0.0,0.0,,,"[0.0, 0.0, 0.0, 0.0, 0.0, 0.0, 0.0, 0.0, 0.0, 0.0, 0.0, 0.0, 0.0, 0.0, 0.0, 0.0, 9216.0, 0.0, 0.0, 0.0, 0.0, 0.0, 0.0, 0.0, 0.0, 0.0, 0.0, 0.0, 0.0, 0.0, 0.0, 0.0]",0.0,0.0,0.0,0.0,,,"[0.0, 0.0, 0.0, 0.0, 0.0, 0.0, 0.0, 0.0, 0.0, 0.0, 0.0, 0.0, 0.0, 0.0, 0.0, 0.0, 9216.0, 0.0, 0.0, 0.0, 0.0, 0.0, 0.0, 0.0, 0.0, 0.0, 0.0, 0.0, 0.0, 0.0, 0.0, 0.0]",0.0,0.0,0.0,0.0,,,"[0.0, 0.0, 0.0, 0.0, 0.0, 0.0, 0.0, 0.0, 0.0, 0.0, 0.0, 0.0, 0.0, 0.0, 0.0, 0.0, 9216.0, 0.0, 0.0, 0.0, 0.0, 0.0, 0.0, 0.0, 0.0, 0.0, 0.0, 0.0, 0.0, 0.0, 0.0, 0.0]",0.0,0.0
155,/features/features.8/conv/conv.0/conv.0.2/Clip,Clip,True,True,False,/features/features.8/conv/conv.0/conv.0.2/Constant_1_output_0,0.783513605594635,-5.310978412628174,4.768630219587067e-07,-0.9998371601104736,-2.0002174377441406,"[0.0, 0.0, 0.0, 0.0, 0.0, 0.0, 0.0, 0.0, 0.0, 0.0, 0.0, 0.0, 0.0, 0.0, 0.0, 0.0, 9216.0, 0.0, 0.0, 0.0, 0.0, 0.0, 0.0, 0.0, 0.0, 0.0, 0.0, 0.0, 0.0, 0.0, 0.0, 0.0]",-5.310978889465332,-5.310978889465332,0.6890211701393127,0.0,,,"[0.0, 0.0, 0.0, 0.0, 0.0, 0.0, 0.0, 0.0, 0.0, 0.0, 0.0, 0.0, 0.0, 0.0, 0.0, 0.0, 9216.0, 0.0, 0.0, 0.0, 0.0, 0.0, 0.0, 0.0, 0.0, 0.0, 0.0, 0.0, 0.0, 0.0, 0.0, 0.0]",0.6890211701393127,0.6890211701393127,6.0,0.0,,,"[0.0, 0.0, 0.0, 0.0, 0.0, 0.0, 0.0, 0.0, 0.0, 0.0, 0.0, 0.0, 0.0, 0.0, 0.0, 0.0, 9216.0, 0.0, 0.0, 0.0, 0.0, 0.0, 0.0, 0.0, 0.0, 0.0, 0.0, 0.0, 0.0, 0.0, 0.0, 0.0]",6.0,6.0
156,/features/features.8/conv/conv.0/conv.0.2/Clip,Clip,False,False,True,/features/features.8/conv/conv.0/conv.0.2/Clip_output_0,0.002458900213241577,-0.00023804610827937722,0.006826875731348991,0.05109129846096039,1.818209171295166,"[3.0, 2.0, 5.0, 13.0, 25.0, 38.0, 104.0, 153.0, 288.0, 494.0, 755.0, 872.0, 3077.0, 969.0, 816.0, 627.0, 396.0, 276.0, 149.0, 80.0, 32.0, 23.0, 7.0, 6.0, 4.0, 0.0, 1.0, 0.0, 0.0, 0.0, 0.0, 1.0]",0.04948645830154419,-0.033689945936203,0.09746403247117996,0.097205750644207,1.5133326053619385,3.886321544647217,"[2599.0, 651.0, 730.0, 800.0, 732.0, 592.0, 707.0, 617.0, 481.0, 359.0, 254.0, 181.0, 117.0, 100.0, 71.0, 47.0, 49.0, 11.0, 10.0, 4.0, 4.0, 4.0, 6.0, 15.0, 15.0, 16.0, 25.0, 11.0, 3.0, 3.0, 1.0, 1.0]",0.6835957765579224,0.0,0.09770208597183228,0.09711030125617981,1.4988789558410645,3.7979326248168945,"[2629.0, 635.0, 683.0, 783.0, 692.0, 588.0, 667.0, 596.0, 497.0, 383.0, 275.0, 215.0, 123.0, 106.0, 82.0, 72.0, 42.0, 23.0, 12.0, 9.0, 1.0, 3.0, 7.0, 7.0, 17.0, 13.0, 21.0, 19.0, 10.0, 1.0, 4.0, 1.0]",0.6630288362503052,0.0
157,/features/features.8/conv/conv.1/conv.1.0/Conv,Conv,False,True,False,/features/features.8/conv/conv.0/conv.0.2/Clip_output_0,0.002458900213241577,-0.00023804610827937722,0.006826875731348991,0.05109129846096039,1.818209171295166,"[3.0, 2.0, 5.0, 13.0, 25.0, 38.0, 104.0, 153.0, 288.0, 494.0, 755.0, 872.0, 3077.0, 969.0, 816.0, 627.0, 396.0, 276.0, 149.0, 80.0, 32.0, 23.0, 7.0, 6.0, 4.0, 0.0, 1.0, 0.0, 0.0, 0.0, 0.0, 1.0]",0.04948645830154419,-0.033689945936203,0.09746403247117996,0.097205750644207,1.5133326053619385,3.886321544647217,"[2599.0, 651.0, 730.0, 800.0, 732.0, 592.0, 707.0, 617.0, 481.0, 359.0, 254.0, 181.0, 117.0, 100.0, 71.0, 47.0, 49.0, 11.0, 10.0, 4.0, 4.0, 4.0, 6.0, 15.0, 15.0, 16.0, 25.0, 11.0, 3.0, 3.0, 1.0, 1.0]",0.6835957765579224,0.0,0.09770208597183228,0.09711030125617981,1.4988789558410645,3.7979326248168945,"[2629.0, 635.0, 683.0, 783.0, 692.0, 588.0, 667.0, 596.0, 497.0, 383.0, 275.0, 215.0, 123.0, 106.0, 82.0, 72.0, 42.0, 23.0, 12.0, 9.0, 1.0, 3.0, 7.0, 7.0, 17.0, 13.0, 21.0, 19.0, 10.0, 1.0, 4.0, 1.0]",0.6630288362503052,0.0
158,/features/features.8/conv/conv.1/conv.1.0/Conv,Conv,True,True,False,onnx::Conv_604,2.7877687898580916e-05,-0.0005551187205128372,0.004712603986263275,-0.2507859170436859,0.1256399154663086,"[27.0, 9.0, 27.0, 72.0, 36.0, 54.0, 99.0, 144.0, 99.0, 315.0, 297.0, 531.0, 684.0, 513.0, 558.0, 783.0, 765.0, 792.0, 729.0, 549.0, 612.0, 567.0, 324.0, 207.0, 198.0, 135.0, 27.0, 27.0, 18.0, 9.0, 0.0, 9.0]",0.014839380979537964,-0.016429901123046875,-0.015764636918902397,0.8973514437675476,0.7424765825271606,3.611942768096924,"[9.0, 18.0, 18.0, 0.0, 9.0, 45.0, 18.0, 72.0, 63.0, 117.0, 306.0, 414.0, 621.0, 1197.0, 1980.0, 1386.0, 1179.0, 495.0, 216.0, 216.0, 225.0, 171.0, 108.0, 81.0, 63.0, 54.0, 36.0, 18.0, 27.0, 27.0, 0.0, 27.0]",4.173178195953369,-3.8238718509674072,-0.01520952396094799,0.8985929489135742,0.7574607133865356,3.624239921569824,"[9.0, 18.0, 18.0, 0.0, 9.0, 45.0, 18.0, 72.0, 63.0, 171.0, 270.0, 405.0, 657.0, 1278.0, 1971.0, 1359.0, 1134.0, 468.0, 207.0, 216.0, 225.0, 162.0, 117.0, 72.0, 63.0, 54.0, 36.0, 18.0, 27.0, 27.0, 0.0, 27.0]",4.189608097076416,-3.8089349269866943
159,/features/features.8/conv/conv.1/conv.1.0/Conv,Conv,True,True,False,onnx::Conv_605,0.0,0.0,0.0,,,"[0.0, 0.0, 0.0, 0.0, 0.0, 0.0, 0.0, 0.0, 0.0, 0.0, 0.0, 0.0, 0.0, 0.0, 0.0, 0.0, 9216.0, 0.0, 0.0, 0.0, 0.0, 0.0, 0.0, 0.0, 0.0, 0.0, 0.0, 0.0, 0.0, 0.0, 0.0, 0.0]",0.0,0.0,0.04277347773313522,0.18610309064388275,0.35806167125701904,4.595738887786865,"[18.0, 0.0, 0.0, 0.0, 9.0, 0.0, 0.0, 27.0, 0.0, 45.0, 81.0, 126.0, 207.0, 396.0, 432.0, 819.0, 3510.0, 549.0, 333.0, 810.0, 1053.0, 351.0, 153.0, 135.0, 27.0, 27.0, 9.0, 27.0, 9.0, 18.0, 0.0, 45.0]",0.9255449771881104,-0.9966294765472412,0.04277347773313522,0.18610309064388275,0.35806167125701904,4.595738887786865,"[18.0, 0.0, 0.0, 0.0, 9.0, 0.0, 0.0, 27.0, 0.0, 45.0, 81.0, 126.0, 207.0, 396.0, 432.0, 819.0, 3510.0, 549.0, 333.0, 810.0, 1053.0, 351.0, 153.0, 135.0, 27.0, 27.0, 9.0, 27.0, 9.0, 18.0, 0.0, 45.0]",0.9255449771881104,-0.9966294765472412
160,/features/features.8/conv/conv.1/conv.1.0/Conv,Conv,False,False,True,/features/features.8/conv/conv.1/conv.1.0/Conv_output_0,0.0060303350910544395,-0.0007857194286771119,0.014681796543300152,-0.1594732105731964,3.6522536277770996,"[1.0, 0.0, 0.0, 2.0, 3.0, 6.0, 8.0, 19.0, 26.0, 60.0, 138.0, 271.0, 641.0, 1029.0, 1584.0, 3079.0, 1157.0, 648.0, 309.0, 133.0, 52.0, 25.0, 11.0, 6.0, 2.0, 2.0, 3.0, 0.0, 0.0, 0.0, 0.0, 1.0]",0.12441027164459229,-0.11193496733903885,-0.005416144151240587,0.1892695277929306,-2.278479814529419,14.814144134521484,"[10.0, 11.0, 6.0, 0.0, 1.0, 1.0, 6.0, 15.0, 12.0, 18.0, 17.0, 13.0, 9.0, 6.0, 15.0, 63.0, 115.0, 161.0, 418.0, 762.0, 1464.0, 2619.0, 1477.0, 917.0, 707.0, 222.0, 70.0, 40.0, 13.0, 10.0, 5.0, 13.0]",0.7652198672294617,-1.5713800191879272,-0.004630424547940493,0.189277783036232,-2.247145891189575,14.68528938293457,"[9.0, 11.0, 7.0, 0.0, 0.0, 1.0, 6.0, 16.0, 9.0, 19.0, 13.0, 19.0, 9.0, 8.0, 16.0, 55.0, 125.0, 175.0, 445.0, 761.0, 1508.0, 2679.0, 1396.0, 953.0, 633.0, 205.0, 56.0, 43.0, 11.0, 10.0, 5.0, 13.0]",0.7775686383247375,-1.5811879634857178
161,/features/features.8/conv/conv.1/conv.1.2/Clip,Clip,False,True,False,/features/features.8/conv/conv.1/conv.1.0/Conv_output_0,0.0060303350910544395,-0.0007857194286771119,0.014681796543300152,-0.1594732105731964,3.6522536277770996,"[1.0, 0.0, 0.0, 2.0, 3.0, 6.0, 8.0, 19.0, 26.0, 60.0, 138.0, 271.0, 641.0, 1029.0, 1584.0, 3079.0, 1157.0, 648.0, 309.0, 133.0, 52.0, 25.0, 11.0, 6.0, 2.0, 2.0, 3.0, 0.0, 0.0, 0.0, 0.0, 1.0]",0.12441027164459229,-0.11193496733903885,-0.005416144151240587,0.1892695277929306,-2.278479814529419,14.814144134521484,"[10.0, 11.0, 6.0, 0.0, 1.0, 1.0, 6.0, 15.0, 12.0, 18.0, 17.0, 13.0, 9.0, 6.0, 15.0, 63.0, 115.0, 161.0, 418.0, 762.0, 1464.0, 2619.0, 1477.0, 917.0, 707.0, 222.0, 70.0, 40.0, 13.0, 10.0, 5.0, 13.0]",0.7652198672294617,-1.5713800191879272,-0.004630424547940493,0.189277783036232,-2.247145891189575,14.68528938293457,"[9.0, 11.0, 7.0, 0.0, 0.0, 1.0, 6.0, 16.0, 9.0, 19.0, 13.0, 19.0, 9.0, 8.0, 16.0, 55.0, 125.0, 175.0, 445.0, 761.0, 1508.0, 2679.0, 1396.0, 953.0, 633.0, 205.0, 56.0, 43.0, 11.0, 10.0, 5.0, 13.0]",0.7775686383247375,-1.5811879634857178
162,/features/features.8/conv/conv.1/conv.1.2/Clip,Clip,True,True,False,/features/features.8/conv/conv.1/conv.1.2/Constant_output_0,0.0,0.0,0.0,,,"[0.0, 0.0, 0.0, 0.0, 0.0, 0.0, 0.0, 0.0, 0.0, 0.0, 0.0, 0.0, 0.0, 0.0, 0.0, 0.0, 9216.0, 0.0, 0.0, 0.0, 0.0, 0.0, 0.0, 0.0, 0.0, 0.0, 0.0, 0.0, 0.0, 0.0, 0.0, 0.0]",0.0,0.0,0.0,0.0,,,"[0.0, 0.0, 0.0, 0.0, 0.0, 0.0, 0.0, 0.0, 0.0, 0.0, 0.0, 0.0, 0.0, 0.0, 0.0, 0.0, 9216.0, 0.0, 0.0, 0.0, 0.0, 0.0, 0.0, 0.0, 0.0, 0.0, 0.0, 0.0, 0.0, 0.0, 0.0, 0.0]",0.0,0.0,0.0,0.0,,,"[0.0, 0.0, 0.0, 0.0, 0.0, 0.0, 0.0, 0.0, 0.0, 0.0, 0.0, 0.0, 0.0, 0.0, 0.0, 0.0, 9216.0, 0.0, 0.0, 0.0, 0.0, 0.0, 0.0, 0.0, 0.0, 0.0, 0.0, 0.0, 0.0, 0.0, 0.0, 0.0]",0.0,0.0
163,/features/features.8/conv/conv.1/conv.1.2/Clip,Clip,True,True,False,/features/features.8/conv/conv.1/conv.1.2/Constant_1_output_0,0.6915189623832703,-4.989457130432129,4.768630219587067e-07,0.9998371601104736,-2.0002174377441406,"[0.0, 0.0, 0.0, 0.0, 0.0, 0.0, 0.0, 0.0, 0.0, 0.0, 0.0, 0.0, 0.0, 0.0, 0.0, 0.0, 9216.0, 0.0, 0.0, 0.0, 0.0, 0.0, 0.0, 0.0, 0.0, 0.0, 0.0, 0.0, 0.0, 0.0, 0.0, 0.0]",-4.989456653594971,-4.989456653594971,1.010543704032898,3.576472806798847e-07,-0.9998371601104736,-2.0002174377441406,"[0.0, 0.0, 0.0, 0.0, 0.0, 0.0, 0.0, 0.0, 0.0, 0.0, 0.0, 0.0, 0.0, 0.0, 0.0, 0.0, 9216.0, 0.0, 0.0, 0.0, 0.0, 0.0, 0.0, 0.0, 0.0, 0.0, 0.0, 0.0, 0.0, 0.0, 0.0, 0.0]",1.0105433464050293,1.0105433464050293,6.0,0.0,,,"[0.0, 0.0, 0.0, 0.0, 0.0, 0.0, 0.0, 0.0, 0.0, 0.0, 0.0, 0.0, 0.0, 0.0, 0.0, 0.0, 9216.0, 0.0, 0.0, 0.0, 0.0, 0.0, 0.0, 0.0, 0.0, 0.0, 0.0, 0.0, 0.0, 0.0, 0.0, 0.0]",6.0,6.0
164,/features/features.8/conv/conv.1/conv.1.2/Clip,Clip,False,False,True,/features/features.8/conv/conv.1/conv.1.2/Clip_output_0,0.008188119158148766,-0.0003408034681342542,0.009851166978478432,-0.46686089038848877,8.883421897888184,"[2.0, 0.0, 0.0, 1.0, 2.0, 7.0, 14.0, 15.0, 13.0, 36.0, 68.0, 109.0, 220.0, 343.0, 526.0, 1014.0, 5497.0, 575.0, 366.0, 183.0, 106.0, 61.0, 29.0, 14.0, 6.0, 2.0, 3.0, 2.0, 0.0, 0.0, 0.0, 2.0]",0.08641532063484192,-0.08704269677400589,0.057283565402030945,0.09183813631534576,2.312262535095215,7.795652389526367,"[5263.0, 699.0, 578.0, 421.0, 364.0, 269.0, 303.0, 319.0, 367.0, 181.0, 108.0, 125.0, 44.0, 34.0, 22.0, 20.0, 19.0, 17.0, 16.0, 7.0, 3.0, 3.0, 5.0, 5.0, 4.0, 2.0, 4.0, 1.0, 0.0, 2.0, 4.0, 7.0]",0.7638752460479736,0.0,0.057624366134405136,0.09244050830602646,2.350947618484497,8.1421480178833,"[5422.0, 662.0, 532.0, 447.0, 321.0, 305.0, 288.0, 373.0, 275.0, 161.0, 103.0, 128.0, 36.0, 26.0, 19.0, 22.0, 16.0, 21.0, 13.0, 8.0, 2.0, 4.0, 4.0, 6.0, 2.0, 2.0, 5.0, 0.0, 0.0, 4.0, 4.0, 5.0]",0.7775686383247375,0.0
165,/features/features.8/conv/conv.2/Conv,Conv,False,True,False,/features/features.8/conv/conv.1/conv.1.2/Clip_output_0,0.008188119158148766,-0.0003408034681342542,0.009851166978478432,-0.46686089038848877,8.883421897888184,"[2.0, 0.0, 0.0, 1.0, 2.0, 7.0, 14.0, 15.0, 13.0, 36.0, 68.0, 109.0, 220.0, 343.0, 526.0, 1014.0, 5497.0, 575.0, 366.0, 183.0, 106.0, 61.0, 29.0, 14.0, 6.0, 2.0, 3.0, 2.0, 0.0, 0.0, 0.0, 2.0]",0.08641532063484192,-0.08704269677400589,0.057283565402030945,0.09183813631534576,2.312262535095215,7.795652389526367,"[5263.0, 699.0, 578.0, 421.0, 364.0, 269.0, 303.0, 319.0, 367.0, 181.0, 108.0, 125.0, 44.0, 34.0, 22.0, 20.0, 19.0, 17.0, 16.0, 7.0, 3.0, 3.0, 5.0, 5.0, 4.0, 2.0, 4.0, 1.0, 0.0, 2.0, 4.0, 7.0]",0.7638752460479736,0.0,0.057624366134405136,0.09244050830602646,2.350947618484497,8.1421480178833,"[5422.0, 662.0, 532.0, 447.0, 321.0, 305.0, 288.0, 373.0, 275.0, 161.0, 103.0, 128.0, 36.0, 26.0, 19.0, 22.0, 16.0, 21.0, 13.0, 8.0, 2.0, 4.0, 4.0, 6.0, 2.0, 2.0, 5.0, 0.0, 0.0, 4.0, 4.0, 5.0]",0.7775686383247375,0.0
166,/features/features.8/conv/conv.2/Conv,Conv,True,True,False,onnx::Conv_607,6.369189213728532e-05,1.630619772186037e-05,0.0009073075489141047,-0.007458195090293884,-0.6311314105987549,"[9.0, 18.0, 36.0, 54.0, 54.0, 108.0, 162.0, 369.0, 387.0, 441.0, 567.0, 459.0, 477.0, 495.0, 558.0, 585.0, 549.0, 621.0, 531.0, 441.0, 531.0, 450.0, 378.0, 414.0, 234.0, 108.0, 54.0, 63.0, 36.0, 9.0, 9.0, 9.0]",0.0027033239603042603,-0.002554163336753845,0.0027959165163338184,0.11367132514715195,0.1292257159948349,1.0813508033752441,"[45.0, 72.0, 81.0, 99.0, 135.0, 153.0, 261.0, 558.0, 630.0, 801.0, 1116.0, 738.0, 936.0, 927.0, 765.0, 630.0, 423.0, 306.0, 207.0, 117.0, 99.0, 36.0, 27.0, 18.0, 9.0, 9.0, 0.0, 0.0, 0.0, 0.0, 9.0, 9.0]",0.5709660649299622,-0.3335404694080353,0.0027796109206974506,0.11367180943489075,0.13244563341140747,1.0977563858032227,"[54.0, 63.0, 90.0, 99.0, 126.0, 171.0, 261.0, 540.0, 711.0, 801.0, 1080.0, 756.0, 927.0, 936.0, 756.0, 612.0, 405.0, 324.0, 189.0, 108.0, 99.0, 27.0, 27.0, 27.0, 0.0, 9.0, 0.0, 0.0, 0.0, 0.0, 9.0, 9.0]",0.5732139945030212,-0.3317094147205353
167,/features/features.8/conv/conv.2/Conv,Conv,True,True,False,onnx::Conv_608,0.0,0.0,0.0,,,"[0.0, 0.0, 0.0, 0.0, 0.0, 0.0, 0.0, 0.0, 0.0, 0.0, 0.0, 0.0, 0.0, 0.0, 0.0, 0.0, 9216.0, 0.0, 0.0, 0.0, 0.0, 0.0, 0.0, 0.0, 0.0, 0.0, 0.0, 0.0, 0.0, 0.0, 0.0, 0.0]",0.0,0.0,0.05060991644859314,0.3660792410373688,-0.04581344127655029,1.0310683250427246,"[144.0, 0.0, 0.0, 0.0, 0.0, 0.0, 0.0, 0.0, 144.0, 288.0, 144.0, 0.0, 576.0, 720.0, 576.0, 720.0, 432.0, 864.0, 720.0, 1296.0, 144.0, 720.0, 144.0, 432.0, 144.0, 144.0, 144.0, 144.0, 144.0, 288.0, 0.0, 144.0]",0.9699899554252625,-1.144758701324463,0.05060991644859314,0.3660792410373688,-0.04581344127655029,1.0310683250427246,"[144.0, 0.0, 0.0, 0.0, 0.0, 0.0, 0.0, 0.0, 144.0, 288.0, 144.0, 0.0, 576.0, 720.0, 576.0, 720.0, 432.0, 864.0, 720.0, 1296.0, 144.0, 720.0, 144.0, 432.0, 144.0, 144.0, 144.0, 144.0, 144.0, 288.0, 0.0, 144.0]",0.9699899554252625,-1.144758701324463
168,/features/features.8/conv/conv.2/Conv,Conv,False,False,True,/features/features.8/conv/conv.2/Conv_output_0,0.004798217676579952,0.00048281822819262743,0.023195534944534302,0.0977739617228508,0.2485799789428711,"[2.0, 2.0, 1.0, 10.0, 23.0, 33.0, 73.0, 114.0, 167.0, 259.0, 386.0, 509.0, 694.0, 839.0, 925.0, 989.0, 873.0, 787.0, 698.0, 554.0, 451.0, 306.0, 179.0, 130.0, 84.0, 55.0, 31.0, 18.0, 14.0, 2.0, 5.0, 3.0]",0.0948781967163086,-0.090198814868927,0.02161756530404091,0.33473876118659973,-0.029311299324035645,2.003580093383789,"[6.0, 4.0, 1.0, 5.0, 3.0, 8.0, 10.0, 14.0, 23.0, 46.0, 71.0, 139.0, 221.0, 427.0, 679.0, 951.0, 1061.0, 1251.0, 1535.0, 989.0, 653.0, 364.0, 314.0, 175.0, 97.0, 43.0, 29.0, 58.0, 28.0, 3.0, 6.0, 2.0]",1.5063645839691162,-1.8076375722885132,0.021134747192263603,0.3342658579349518,-0.031353697180747986,2.003702163696289,"[5.0, 5.0, 0.0, 6.0, 3.0, 3.0, 14.0, 13.0, 17.0, 36.0, 59.0, 105.0, 184.0, 327.0, 531.0, 822.0, 1029.0, 1189.0, 1329.0, 1212.0, 843.0, 552.0, 307.0, 240.0, 158.0, 74.0, 32.0, 34.0, 51.0, 26.0, 6.0, 4.0]",1.4164308309555054,-1.8124303817749023
169,/features/features.8/Add,Add,False,True,False,/features/features.7/conv/conv.2/Conv_output_0,0.010195211507380009,-2.9673490189452423e-06,0.04553281515836716,-0.13187569379806519,0.16324186325073242,"[2.0, 1.0, 2.0, 4.0, 10.0, 12.0, 25.0, 53.0, 91.0, 110.0, 170.0, 300.0, 439.0, 567.0, 687.0, 845.0, 866.0, 948.0, 928.0, 819.0, 711.0, 545.0, 396.0, 315.0, 164.0, 101.0, 57.0, 21.0, 15.0, 4.0, 5.0, 3.0]",0.1695542335510254,-0.20120853185653687,-0.06138286367058754,0.4484488368034363,0.29056963324546814,-0.3203895092010498,"[3.0, 11.0, 24.0, 94.0, 167.0, 315.0, 421.0, 453.0, 509.0, 547.0, 481.0, 622.0, 596.0, 638.0, 636.0, 679.0, 622.0, 528.0, 432.0, 344.0, 277.0, 184.0, 177.0, 141.0, 99.0, 76.0, 53.0, 48.0, 15.0, 17.0, 6.0, 1.0]",1.492018222808838,-1.2194379568099976,-0.061379894614219666,0.44675061106681824,0.29788994789123535,-0.27396130561828613,"[2.0, 8.0, 27.0, 66.0, 142.0, 248.0, 344.0, 419.0, 463.0, 555.0, 600.0, 639.0, 611.0, 632.0, 617.0, 670.0, 589.0, 569.0, 452.0, 382.0, 285.0, 211.0, 187.0, 144.0, 110.0, 92.0, 51.0, 54.0, 18.0, 18.0, 8.0, 3.0]",1.4708093404769897,-1.249801754951477
170,/features/features.8/Add,Add,False,True,False,/features/features.8/conv/conv.2/Conv_output_0,0.004798217676579952,0.00048281822819262743,0.023195534944534302,0.0977739617228508,0.2485799789428711,"[2.0, 2.0, 1.0, 10.0, 23.0, 33.0, 73.0, 114.0, 167.0, 259.0, 386.0, 509.0, 694.0, 839.0, 925.0, 989.0, 873.0, 787.0, 698.0, 554.0, 451.0, 306.0, 179.0, 130.0, 84.0, 55.0, 31.0, 18.0, 14.0, 2.0, 5.0, 3.0]",0.0948781967163086,-0.090198814868927,0.02161756530404091,0.33473876118659973,-0.029311299324035645,2.003580093383789,"[6.0, 4.0, 1.0, 5.0, 3.0, 8.0, 10.0, 14.0, 23.0, 46.0, 71.0, 139.0, 221.0, 427.0, 679.0, 951.0, 1061.0, 1251.0, 1535.0, 989.0, 653.0, 364.0, 314.0, 175.0, 97.0, 43.0, 29.0, 58.0, 28.0, 3.0, 6.0, 2.0]",1.5063645839691162,-1.8076375722885132,0.021134747192263603,0.3342658579349518,-0.031353697180747986,2.003702163696289,"[5.0, 5.0, 0.0, 6.0, 3.0, 3.0, 14.0, 13.0, 17.0, 36.0, 59.0, 105.0, 184.0, 327.0, 531.0, 822.0, 1029.0, 1189.0, 1329.0, 1212.0, 843.0, 552.0, 307.0, 240.0, 158.0, 74.0, 32.0, 34.0, 51.0, 26.0, 6.0, 4.0]",1.4164308309555054,-1.8124303817749023
171,/features/features.8/Add,Add,False,False,True,/features/features.8/Add_output_0,0.010120171122252941,0.0003991781850345433,0.05203644558787346,-0.05077378451824188,0.12752628326416016,"[1.0, 2.0, 3.0, 7.0, 15.0, 19.0, 28.0, 67.0, 95.0, 176.0, 251.0, 369.0, 522.0, 673.0, 813.0, 853.0, 941.0, 938.0, 844.0, 720.0, 567.0, 469.0, 326.0, 222.0, 133.0, 78.0, 44.0, 21.0, 8.0, 5.0, 4.0, 2.0]",0.20111286640167236,-0.21962350606918335,-0.039845969527959824,0.5155722498893738,-0.03414331004023552,0.04519057273864746,"[6.0, 9.0, 12.0, 16.0, 6.0, 17.0, 26.0, 26.0, 31.0, 60.0, 168.0, 269.0, 524.0, 626.0, 700.0, 868.0, 784.0, 761.0, 753.0, 635.0, 583.0, 537.0, 450.0, 482.0, 334.0, 276.0, 133.0, 72.0, 33.0, 6.0, 11.0, 2.0]",1.6155102252960205,-2.131807327270508,-0.04024514928460121,0.5157128572463989,-0.018031910061836243,0.10137009620666504,"[2.0, 5.0, 4.0, 18.0, 9.0, 10.0, 23.0, 23.0, 24.0, 37.0, 60.0, 175.0, 324.0, 596.0, 691.0, 777.0, 824.0, 872.0, 823.0, 742.0, 619.0, 561.0, 466.0, 455.0, 425.0, 309.0, 179.0, 90.0, 45.0, 17.0, 8.0, 3.0]",1.601921796798706,-2.27388334274292
172,/features/features.9/conv/conv.0/conv.0.0/Conv,Conv,False,True,False,/features/features.8/Add_output_0,0.010120171122252941,0.0003991781850345433,0.05203644558787346,-0.05077378451824188,0.12752628326416016,"[1.0, 2.0, 3.0, 7.0, 15.0, 19.0, 28.0, 67.0, 95.0, 176.0, 251.0, 369.0, 522.0, 673.0, 813.0, 853.0, 941.0, 938.0, 844.0, 720.0, 567.0, 469.0, 326.0, 222.0, 133.0, 78.0, 44.0, 21.0, 8.0, 5.0, 4.0, 2.0]",0.20111286640167236,-0.21962350606918335,-0.039845969527959824,0.5155722498893738,-0.03414331004023552,0.04519057273864746,"[6.0, 9.0, 12.0, 16.0, 6.0, 17.0, 26.0, 26.0, 31.0, 60.0, 168.0, 269.0, 524.0, 626.0, 700.0, 868.0, 784.0, 761.0, 753.0, 635.0, 583.0, 537.0, 450.0, 482.0, 334.0, 276.0, 133.0, 72.0, 33.0, 6.0, 11.0, 2.0]",1.6155102252960205,-2.131807327270508,-0.04024514928460121,0.5157128572463989,-0.018031910061836243,0.10137009620666504,"[2.0, 5.0, 4.0, 18.0, 9.0, 10.0, 23.0, 23.0, 24.0, 37.0, 60.0, 175.0, 324.0, 596.0, 691.0, 777.0, 824.0, 872.0, 823.0, 742.0, 619.0, 561.0, 466.0, 455.0, 425.0, 309.0, 179.0, 90.0, 45.0, 17.0, 8.0, 3.0]",1.601921796798706,-2.27388334274292
173,/features/features.9/conv/conv.0/conv.0.0/Conv,Conv,True,True,False,onnx::Conv_610,3.9775128243491054e-05,-4.606938091455959e-06,0.0001289256033487618,-0.04637330770492554,-0.5629234313964844,"[18.0, 9.0, 45.0, 18.0, 45.0, 45.0, 243.0, 279.0, 243.0, 378.0, 441.0, 459.0, 504.0, 441.0, 504.0, 576.0, 711.0, 549.0, 477.0, 513.0, 468.0, 495.0, 468.0, 360.0, 315.0, 252.0, 117.0, 117.0, 45.0, 54.0, 18.0, 9.0]",0.00034499051980674267,-0.0003764703869819641,0.0009976120200008154,0.02042989432811737,0.09873171895742416,0.8267543315887451,"[9.0, 0.0, 0.0, 9.0, 18.0, 9.0, 45.0, 72.0, 117.0, 225.0, 252.0, 396.0, 540.0, 765.0, 990.0, 1071.0, 1116.0, 918.0, 702.0, 612.0, 441.0, 315.0, 216.0, 126.0, 90.0, 72.0, 54.0, 9.0, 9.0, 0.0, 0.0, 18.0]",0.0850091502070427,-0.0847325548529625,0.0010022191563621163,0.020430950447916985,0.10438103973865509,0.8293652534484863,"[9.0, 0.0, 0.0, 9.0, 18.0, 27.0, 27.0, 90.0, 108.0, 225.0, 279.0, 414.0, 540.0, 765.0, 981.0, 1062.0, 1161.0, 846.0, 711.0, 621.0, 441.0, 306.0, 216.0, 108.0, 90.0, 72.0, 54.0, 9.0, 9.0, 0.0, 0.0, 18.0]",0.08534383028745651,-0.08440157026052475
174,/features/features.9/conv/conv.0/conv.0.0/Conv,Conv,True,True,False,onnx::Conv_611,0.0,0.0,0.0,,,"[0.0, 0.0, 0.0, 0.0, 0.0, 0.0, 0.0, 0.0, 0.0, 0.0, 0.0, 0.0, 0.0, 0.0, 0.0, 0.0, 9216.0, 0.0, 0.0, 0.0, 0.0, 0.0, 0.0, 0.0, 0.0, 0.0, 0.0, 0.0, 0.0, 0.0, 0.0, 0.0]",0.0,0.0,0.05490904673933983,0.0703657940030098,-0.050887007266283035,-0.48912572860717773,"[117.0, 0.0, 108.0, 108.0, 387.0, 180.0, 306.0, 216.0, 288.0, 315.0, 441.0, 684.0, 468.0, 432.0, 603.0, 558.0, 477.0, 432.0, 486.0, 441.0, 594.0, 171.0, 720.0, 243.0, 72.0, 36.0, 72.0, 126.0, 63.0, 9.0, 54.0, 9.0]",0.24747009575366974,-0.11214829236268997,0.05490904673933983,0.0703657940030098,-0.050887007266283035,-0.48912572860717773,"[117.0, 0.0, 108.0, 108.0, 387.0, 180.0, 306.0, 216.0, 288.0, 315.0, 441.0, 684.0, 468.0, 432.0, 603.0, 558.0, 477.0, 432.0, 486.0, 441.0, 594.0, 171.0, 720.0, 243.0, 72.0, 36.0, 72.0, 126.0, 63.0, 9.0, 54.0, 9.0]",0.24747009575366974,-0.11214829236268997
175,/features/features.9/conv/conv.0/conv.0.0/Conv,Conv,False,False,True,/features/features.9/conv/conv.0/conv.0.0/Conv_output_0,0.0035436612088233232,-0.000602412736043334,0.008260690607130527,-0.029016617685556412,0.7462320327758789,"[1.0, 0.0, 4.0, 5.0, 16.0, 19.0, 38.0, 66.0, 124.0, 224.0, 372.0, 584.0, 886.0, 1078.0, 1232.0, 1332.0, 1082.0, 823.0, 552.0, 329.0, 189.0, 130.0, 71.0, 32.0, 12.0, 11.0, 2.0, 0.0, 0.0, 1.0, 0.0, 1.0]",0.04522228240966797,-0.040612831711769104,0.06899648159742355,0.12074758857488632,-0.08481277525424957,0.7419607639312744,"[4.0, 4.0, 1.0, 0.0, 0.0, 0.0, 1.0, 6.0, 30.0, 84.0, 123.0, 183.0, 297.0, 445.0, 597.0, 903.0, 1067.0, 1127.0, 1170.0, 1002.0, 830.0, 526.0, 371.0, 187.0, 88.0, 80.0, 34.0, 34.0, 18.0, 2.0, 1.0, 1.0]",0.5864119529724121,-0.571447491645813,0.06959889084100723,0.12047625333070755,-0.08601796627044678,0.7721879482269287,"[4.0, 4.0, 1.0, 0.0, 0.0, 0.0, 2.0, 6.0, 41.0, 89.0, 130.0, 188.0, 322.0, 473.0, 644.0, 925.0, 1067.0, 1173.0, 1132.0, 997.0, 799.0, 496.0, 318.0, 160.0, 85.0, 72.0, 44.0, 27.0, 11.0, 3.0, 2.0, 1.0]",0.5928437113761902,-0.5650571584701538
176,/features/features.9/conv/conv.0/conv.0.2/Clip,Clip,False,True,False,/features/features.9/conv/conv.0/conv.0.0/Conv_output_0,0.0035436612088233232,-0.000602412736043334,0.008260690607130527,-0.029016617685556412,0.7462320327758789,"[1.0, 0.0, 4.0, 5.0, 16.0, 19.0, 38.0, 66.0, 124.0, 224.0, 372.0, 584.0, 886.0, 1078.0, 1232.0, 1332.0, 1082.0, 823.0, 552.0, 329.0, 189.0, 130.0, 71.0, 32.0, 12.0, 11.0, 2.0, 0.0, 0.0, 1.0, 0.0, 1.0]",0.04522228240966797,-0.040612831711769104,0.06899648159742355,0.12074758857488632,-0.08481277525424957,0.7419607639312744,"[4.0, 4.0, 1.0, 0.0, 0.0, 0.0, 1.0, 6.0, 30.0, 84.0, 123.0, 183.0, 297.0, 445.0, 597.0, 903.0, 1067.0, 1127.0, 1170.0, 1002.0, 830.0, 526.0, 371.0, 187.0, 88.0, 80.0, 34.0, 34.0, 18.0, 2.0, 1.0, 1.0]",0.5864119529724121,-0.571447491645813,0.06959889084100723,0.12047625333070755,-0.08601796627044678,0.7721879482269287,"[4.0, 4.0, 1.0, 0.0, 0.0, 0.0, 2.0, 6.0, 41.0, 89.0, 130.0, 188.0, 322.0, 473.0, 644.0, 925.0, 1067.0, 1173.0, 1132.0, 997.0, 799.0, 496.0, 318.0, 160.0, 85.0, 72.0, 44.0, 27.0, 11.0, 3.0, 2.0, 1.0]",0.5928437113761902,-0.5650571584701538
177,/features/features.9/conv/conv.0/conv.0.2/Clip,Clip,True,True,False,/features/features.9/conv/conv.0/conv.0.2/Constant_output_0,0.0,0.0,0.0,,,"[0.0, 0.0, 0.0, 0.0, 0.0, 0.0, 0.0, 0.0, 0.0, 0.0, 0.0, 0.0, 0.0, 0.0, 0.0, 0.0, 9216.0, 0.0, 0.0, 0.0, 0.0, 0.0, 0.0, 0.0, 0.0, 0.0, 0.0, 0.0, 0.0, 0.0, 0.0, 0.0]",0.0,0.0,0.0,0.0,,,"[0.0, 0.0, 0.0, 0.0, 0.0, 0.0, 0.0, 0.0, 0.0, 0.0, 0.0, 0.0, 0.0, 0.0, 0.0, 0.0, 9216.0, 0.0, 0.0, 0.0, 0.0, 0.0, 0.0, 0.0, 0.0, 0.0, 0.0, 0.0, 0.0, 0.0, 0.0, 0.0]",0.0,0.0,0.0,0.0,,,"[0.0, 0.0, 0.0, 0.0, 0.0, 0.0, 0.0, 0.0, 0.0, 0.0, 0.0, 0.0, 0.0, 0.0, 0.0, 0.0, 9216.0, 0.0, 0.0, 0.0, 0.0, 0.0, 0.0, 0.0, 0.0, 0.0, 0.0, 0.0, 0.0, 0.0, 0.0, 0.0]",0.0,0.0
178,/features/features.9/conv/conv.0/conv.0.2/Clip,Clip,True,True,False,/features/features.9/conv/conv.0/conv.0.2/Constant_1_output_0,0.8276529312133789,-5.458526611328125,0.0,,,"[0.0, 0.0, 0.0, 0.0, 0.0, 0.0, 0.0, 0.0, 0.0, 0.0, 0.0, 0.0, 0.0, 0.0, 0.0, 0.0, 9216.0, 0.0, 0.0, 0.0, 0.0, 0.0, 0.0, 0.0, 0.0, 0.0, 0.0, 0.0, 0.0, 0.0, 0.0, 0.0]",-5.458526611328125,-5.458526611328125,0.5414733290672302,1.7882364033994236e-07,-0.9998371601104736,-2.0002174377441406,"[0.0, 0.0, 0.0, 0.0, 0.0, 0.0, 0.0, 0.0, 0.0, 0.0, 0.0, 0.0, 0.0, 0.0, 0.0, 0.0, 9216.0, 0.0, 0.0, 0.0, 0.0, 0.0, 0.0, 0.0, 0.0, 0.0, 0.0, 0.0, 0.0, 0.0, 0.0, 0.0]",0.5414731502532959,0.5414731502532959,6.0,0.0,,,"[0.0, 0.0, 0.0, 0.0, 0.0, 0.0, 0.0, 0.0, 0.0, 0.0, 0.0, 0.0, 0.0, 0.0, 0.0, 0.0, 9216.0, 0.0, 0.0, 0.0, 0.0, 0.0, 0.0, 0.0, 0.0, 0.0, 0.0, 0.0, 0.0, 0.0, 0.0, 0.0]",6.0,6.0
179,/features/features.9/conv/conv.0/conv.0.2/Clip,Clip,False,False,True,/features/features.9/conv/conv.0/conv.0.2/Clip_output_0,0.0029577724635601044,-0.000398220494389534,0.006967533845454454,-0.1683398336172104,2.4546632766723633,"[1.0, 0.0, 0.0, 0.0, 1.0, 1.0, 6.0, 11.0, 21.0, 31.0, 64.0, 146.0, 279.0, 464.0, 702.0, 978.0, 3507.0, 1012.0, 845.0, 563.0, 279.0, 148.0, 83.0, 44.0, 17.0, 6.0, 5.0, 0.0, 1.0, 0.0, 0.0, 1.0]",0.046597301959991455,-0.05137056112289429,0.09001976996660233,0.09112300723791122,1.0598387718200684,0.9426448345184326,"[2877.0, 505.0, 545.0, 522.0, 544.0, 564.0, 523.0, 459.0, 480.0, 442.0, 357.0, 279.0, 233.0, 216.0, 173.0, 106.0, 97.0, 56.0, 44.0, 44.0, 34.0, 28.0, 12.0, 23.0, 20.0, 10.0, 12.0, 6.0, 2.0, 1.0, 1.0, 1.0]",0.5414731502532959,0.0,0.09041798114776611,0.09105232357978821,1.065474033355713,1.0281953811645508,"[2966.0, 545.0, 571.0, 572.0, 626.0, 602.0, 533.0, 530.0, 473.0, 402.0, 310.0, 239.0, 227.0, 168.0, 108.0, 80.0, 51.0, 42.0, 48.0, 31.0, 14.0, 28.0, 17.0, 10.0, 13.0, 4.0, 2.0, 1.0, 1.0, 1.0, 0.0, 1.0]",0.5928437113761902,0.0
180,/features/features.9/conv/conv.1/conv.1.0/Conv,Conv,False,True,False,/features/features.9/conv/conv.0/conv.0.2/Clip_output_0,0.0029577724635601044,-0.000398220494389534,0.006967533845454454,-0.1683398336172104,2.4546632766723633,"[1.0, 0.0, 0.0, 0.0, 1.0, 1.0, 6.0, 11.0, 21.0, 31.0, 64.0, 146.0, 279.0, 464.0, 702.0, 978.0, 3507.0, 1012.0, 845.0, 563.0, 279.0, 148.0, 83.0, 44.0, 17.0, 6.0, 5.0, 0.0, 1.0, 0.0, 0.0, 1.0]",0.046597301959991455,-0.05137056112289429,0.09001976996660233,0.09112300723791122,1.0598387718200684,0.9426448345184326,"[2877.0, 505.0, 545.0, 522.0, 544.0, 564.0, 523.0, 459.0, 480.0, 442.0, 357.0, 279.0, 233.0, 216.0, 173.0, 106.0, 97.0, 56.0, 44.0, 44.0, 34.0, 28.0, 12.0, 23.0, 20.0, 10.0, 12.0, 6.0, 2.0, 1.0, 1.0, 1.0]",0.5414731502532959,0.0,0.09041798114776611,0.09105232357978821,1.065474033355713,1.0281953811645508,"[2966.0, 545.0, 571.0, 572.0, 626.0, 602.0, 533.0, 530.0, 473.0, 402.0, 310.0, 239.0, 227.0, 168.0, 108.0, 80.0, 51.0, 42.0, 48.0, 31.0, 14.0, 28.0, 17.0, 10.0, 13.0, 4.0, 2.0, 1.0, 1.0, 1.0, 0.0, 1.0]",0.5928437113761902,0.0
181,/features/features.9/conv/conv.1/conv.1.0/Conv,Conv,True,True,False,onnx::Conv_613,2.7043550289818086e-05,-0.0009176998282782733,0.004939766135066748,-0.3430383801460266,1.978808879852295,"[9.0, 0.0, 18.0, 27.0, 9.0, 18.0, 9.0, 27.0, 72.0, 90.0, 126.0, 252.0, 387.0, 711.0, 792.0, 909.0, 1107.0, 1116.0, 1179.0, 792.0, 621.0, 450.0, 216.0, 99.0, 54.0, 54.0, 54.0, 0.0, 0.0, 0.0, 0.0, 18.0]",0.020217806100845337,-0.02449178695678711,-0.020329928025603294,0.9647794365882874,0.1464609056711197,10.367423057556152,"[9.0, 0.0, 9.0, 0.0, 0.0, 0.0, 0.0, 0.0, 0.0, 0.0, 36.0, 9.0, 27.0, 99.0, 351.0, 522.0, 1746.0, 2817.0, 1845.0, 684.0, 360.0, 351.0, 144.0, 81.0, 36.0, 54.0, 0.0, 9.0, 0.0, 18.0, 0.0, 9.0]",6.22097635269165,-7.887425899505615,-0.019412225112318993,0.9659523367881775,0.15838320553302765,10.405877113342285,"[9.0, 0.0, 9.0, 0.0, 0.0, 0.0, 0.0, 0.0, 0.0, 0.0, 36.0, 9.0, 27.0, 99.0, 351.0, 540.0, 1818.0, 2790.0, 1818.0, 657.0, 351.0, 351.0, 144.0, 81.0, 36.0, 54.0, 0.0, 9.0, 0.0, 18.0, 0.0, 9.0]",6.2454681396484375,-7.89918851852417
182,/features/features.9/conv/conv.1/conv.1.0/Conv,Conv,True,True,False,onnx::Conv_614,0.0,0.0,0.0,,,"[0.0, 0.0, 0.0, 0.0, 0.0, 0.0, 0.0, 0.0, 0.0, 0.0, 0.0, 0.0, 0.0, 0.0, 0.0, 0.0, 9216.0, 0.0, 0.0, 0.0, 0.0, 0.0, 0.0, 0.0, 0.0, 0.0, 0.0, 0.0, 0.0, 0.0, 0.0, 0.0]",0.0,0.0,0.030054539442062378,0.19630874693393707,-0.8429710865020752,7.528383255004883,"[9.0, 0.0, 0.0, 0.0, 0.0, 0.0, 0.0, 0.0, 0.0, 0.0, 0.0, 0.0, 9.0, 0.0, 0.0, 0.0, 0.0, 225.0, 0.0, 81.0, 315.0, 801.0, 1404.0, 2457.0, 720.0, 531.0, 1548.0, 711.0, 216.0, 72.0, 81.0, 36.0]",0.632221519947052,-1.8096387386322021,0.030054539442062378,0.19630874693393707,-0.8429710865020752,7.528383255004883,"[9.0, 0.0, 0.0, 0.0, 0.0, 0.0, 0.0, 0.0, 0.0, 0.0, 0.0, 0.0, 9.0, 0.0, 0.0, 0.0, 0.0, 225.0, 0.0, 81.0, 315.0, 801.0, 1404.0, 2457.0, 720.0, 531.0, 1548.0, 711.0, 216.0, 72.0, 81.0, 36.0]",0.632221519947052,-1.8096387386322021
183,/features/features.9/conv/conv.1/conv.1.0/Conv,Conv,False,False,True,/features/features.9/conv/conv.1/conv.1.0/Conv_output_0,0.007579906843602657,-0.0014604642055928707,0.016139158979058266,-0.40724706649780273,4.5187859535217285,"[2.0, 1.0, 0.0, 2.0, 3.0, 6.0, 5.0, 12.0, 15.0, 25.0, 26.0, 66.0, 112.0, 229.0, 491.0, 850.0, 1245.0, 2974.0, 1317.0, 878.0, 474.0, 240.0, 96.0, 81.0, 28.0, 20.0, 5.0, 6.0, 3.0, 1.0, 1.0, 2.0]",0.1000710129737854,-0.12415647506713867,0.022195667028427124,0.18398599326610565,0.2706715762615204,3.3064327239990234,"[6.0, 3.0, 9.0, 0.0, 0.0, 0.0, 5.0, 26.0, 86.0, 53.0, 97.0, 190.0, 316.0, 690.0, 882.0, 1461.0, 1497.0, 1089.0, 1057.0, 793.0, 447.0, 221.0, 103.0, 45.0, 21.0, 20.0, 11.0, 11.0, 23.0, 37.0, 10.0, 7.0]",0.939873456954956,-0.9720377326011658,0.02365613356232643,0.18462204933166504,0.3014877736568451,3.423337936401367,"[6.0, 2.0, 10.0, 0.0, 0.0, 1.0, 11.0, 29.0, 109.0, 82.0, 143.0, 280.0, 564.0, 940.0, 1394.0, 1664.0, 1167.0, 1135.0, 765.0, 446.0, 226.0, 71.0, 41.0, 22.0, 15.0, 13.0, 12.0, 38.0, 17.0, 10.0, 2.0, 1.0]",1.0548189878463745,-0.9739055037498474
184,/features/features.9/conv/conv.1/conv.1.2/Clip,Clip,False,True,False,/features/features.9/conv/conv.1/conv.1.0/Conv_output_0,0.007579906843602657,-0.0014604642055928707,0.016139158979058266,-0.40724706649780273,4.5187859535217285,"[2.0, 1.0, 0.0, 2.0, 3.0, 6.0, 5.0, 12.0, 15.0, 25.0, 26.0, 66.0, 112.0, 229.0, 491.0, 850.0, 1245.0, 2974.0, 1317.0, 878.0, 474.0, 240.0, 96.0, 81.0, 28.0, 20.0, 5.0, 6.0, 3.0, 1.0, 1.0, 2.0]",0.1000710129737854,-0.12415647506713867,0.022195667028427124,0.18398599326610565,0.2706715762615204,3.3064327239990234,"[6.0, 3.0, 9.0, 0.0, 0.0, 0.0, 5.0, 26.0, 86.0, 53.0, 97.0, 190.0, 316.0, 690.0, 882.0, 1461.0, 1497.0, 1089.0, 1057.0, 793.0, 447.0, 221.0, 103.0, 45.0, 21.0, 20.0, 11.0, 11.0, 23.0, 37.0, 10.0, 7.0]",0.939873456954956,-0.9720377326011658,0.02365613356232643,0.18462204933166504,0.3014877736568451,3.423337936401367,"[6.0, 2.0, 10.0, 0.0, 0.0, 1.0, 11.0, 29.0, 109.0, 82.0, 143.0, 280.0, 564.0, 940.0, 1394.0, 1664.0, 1167.0, 1135.0, 765.0, 446.0, 226.0, 71.0, 41.0, 22.0, 15.0, 13.0, 12.0, 38.0, 17.0, 10.0, 2.0, 1.0]",1.0548189878463745,-0.9739055037498474
185,/features/features.9/conv/conv.1/conv.1.2/Clip,Clip,True,True,False,/features/features.9/conv/conv.1/conv.1.2/Constant_output_0,0.0,0.0,0.0,,,"[0.0, 0.0, 0.0, 0.0, 0.0, 0.0, 0.0, 0.0, 0.0, 0.0, 0.0, 0.0, 0.0, 0.0, 0.0, 0.0, 9216.0, 0.0, 0.0, 0.0, 0.0, 0.0, 0.0, 0.0, 0.0, 0.0, 0.0, 0.0, 0.0, 0.0, 0.0, 0.0]",0.0,0.0,0.0,0.0,,,"[0.0, 0.0, 0.0, 0.0, 0.0, 0.0, 0.0, 0.0, 0.0, 0.0, 0.0, 0.0, 0.0, 0.0, 0.0, 0.0, 9216.0, 0.0, 0.0, 0.0, 0.0, 0.0, 0.0, 0.0, 0.0, 0.0, 0.0, 0.0, 0.0, 0.0, 0.0, 0.0]",0.0,0.0,0.0,0.0,,,"[0.0, 0.0, 0.0, 0.0, 0.0, 0.0, 0.0, 0.0, 0.0, 0.0, 0.0, 0.0, 0.0, 0.0, 0.0, 0.0, 9216.0, 0.0, 0.0, 0.0, 0.0, 0.0, 0.0, 0.0, 0.0, 0.0, 0.0, 0.0, 0.0, 0.0, 0.0, 0.0]",0.0,0.0
186,/features/features.9/conv/conv.1/conv.1.2/Clip,Clip,True,True,False,/features/features.9/conv/conv.1/conv.1.2/Constant_1_output_0,0.7081934809684753,-5.049254894256592,9.537260439174133e-07,0.9998371601104736,-2.0002174377441406,"[0.0, 0.0, 0.0, 0.0, 0.0, 0.0, 0.0, 0.0, 0.0, 0.0, 0.0, 0.0, 0.0, 0.0, 0.0, 0.0, 9216.0, 0.0, 0.0, 0.0, 0.0, 0.0, 0.0, 0.0, 0.0, 0.0, 0.0, 0.0, 0.0, 0.0, 0.0, 0.0]",-5.049253940582275,-5.049253940582275,0.9507455825805664,3.576472806798847e-07,0.9998371601104736,-2.0002174377441406,"[0.0, 0.0, 0.0, 0.0, 0.0, 0.0, 0.0, 0.0, 0.0, 0.0, 0.0, 0.0, 0.0, 0.0, 0.0, 0.0, 9216.0, 0.0, 0.0, 0.0, 0.0, 0.0, 0.0, 0.0, 0.0, 0.0, 0.0, 0.0, 0.0, 0.0, 0.0, 0.0]",0.9507459402084351,0.9507459402084351,6.0,0.0,,,"[0.0, 0.0, 0.0, 0.0, 0.0, 0.0, 0.0, 0.0, 0.0, 0.0, 0.0, 0.0, 0.0, 0.0, 0.0, 0.0, 9216.0, 0.0, 0.0, 0.0, 0.0, 0.0, 0.0, 0.0, 0.0, 0.0, 0.0, 0.0, 0.0, 0.0, 0.0, 0.0]",6.0,6.0
187,/features/features.9/conv/conv.1/conv.1.2/Clip,Clip,False,False,True,/features/features.9/conv/conv.1/conv.1.2/Clip_output_0,0.00761658838018775,-0.0008657193975523114,0.012769542634487152,-0.9082592725753784,12.445673942565918,"[2.0, 1.0, 0.0, 3.0, 2.0, 8.0, 4.0, 12.0, 13.0, 12.0, 22.0, 36.0, 67.0, 141.0, 268.0, 552.0, 729.0, 5643.0, 766.0, 464.0, 234.0, 96.0, 60.0, 34.0, 22.0, 14.0, 2.0, 3.0, 2.0, 1.0, 1.0, 2.0]",0.10190916061401367,-0.12399303913116455,0.07860660552978516,0.12200978398323059,2.6372876167297363,10.212668418884277,"[4930.0, 641.0, 541.0, 560.0, 462.0, 530.0, 391.0, 302.0, 267.0, 149.0, 83.0, 128.0, 34.0, 29.0, 19.0, 14.0, 10.0, 9.0, 9.0, 11.0, 6.0, 8.0, 3.0, 3.0, 10.0, 16.0, 27.0, 7.0, 6.0, 6.0, 3.0, 2.0]",0.9432597160339355,0.0,0.07947233319282532,0.12325002253055573,2.6659388542175293,10.53337287902832,"[5079.0, 667.0, 567.0, 601.0, 590.0, 472.0, 326.0, 287.0, 173.0, 84.0, 138.0, 37.0, 33.0, 20.0, 14.0, 16.0, 6.0, 7.0, 10.0, 6.0, 4.0, 8.0, 14.0, 22.0, 13.0, 7.0, 5.0, 6.0, 3.0, 0.0, 0.0, 1.0]",1.0548189878463745,0.0
188,/features/features.9/conv/conv.2/Conv,Conv,False,True,False,/features/features.9/conv/conv.1/conv.1.2/Clip_output_0,0.00761658838018775,-0.0008657193975523114,0.012769542634487152,-0.9082592725753784,12.445673942565918,"[2.0, 1.0, 0.0, 3.0, 2.0, 8.0, 4.0, 12.0, 13.0, 12.0, 22.0, 36.0, 67.0, 141.0, 268.0, 552.0, 729.0, 5643.0, 766.0, 464.0, 234.0, 96.0, 60.0, 34.0, 22.0, 14.0, 2.0, 3.0, 2.0, 1.0, 1.0, 2.0]",0.10190916061401367,-0.12399303913116455,0.07860660552978516,0.12200978398323059,2.6372876167297363,10.212668418884277,"[4930.0, 641.0, 541.0, 560.0, 462.0, 530.0, 391.0, 302.0, 267.0, 149.0, 83.0, 128.0, 34.0, 29.0, 19.0, 14.0, 10.0, 9.0, 9.0, 11.0, 6.0, 8.0, 3.0, 3.0, 10.0, 16.0, 27.0, 7.0, 6.0, 6.0, 3.0, 2.0]",0.9432597160339355,0.0,0.07947233319282532,0.12325002253055573,2.6659388542175293,10.53337287902832,"[5079.0, 667.0, 567.0, 601.0, 590.0, 472.0, 326.0, 287.0, 173.0, 84.0, 138.0, 37.0, 33.0, 20.0, 14.0, 16.0, 6.0, 7.0, 10.0, 6.0, 4.0, 8.0, 14.0, 22.0, 13.0, 7.0, 5.0, 6.0, 3.0, 0.0, 0.0, 1.0]",1.0548189878463745,0.0
189,/features/features.9/conv/conv.2/Conv,Conv,True,True,False,onnx::Conv_616,5.865978164365515e-05,-2.0754718207172118e-05,0.0008945754962041974,-0.029180536046624184,-0.8144271373748779,"[18.0, 45.0, 81.0, 54.0, 126.0, 216.0, 351.0, 324.0, 531.0, 495.0, 378.0, 495.0, 567.0, 342.0, 468.0, 522.0, 495.0, 378.0, 549.0, 567.0, 459.0, 459.0, 405.0, 324.0, 243.0, 117.0, 117.0, 45.0, 27.0, 9.0, 0.0, 9.0]",0.0024960245937108994,-0.0022668689489364624,0.0009340521646663547,0.11683373898267746,-0.045556120574474335,1.3392810821533203,"[9.0, 0.0, 0.0, 9.0, 0.0, 0.0, 9.0, 63.0, 81.0, 90.0, 225.0, 333.0, 450.0, 684.0, 1026.0, 1161.0, 1341.0, 1017.0, 945.0, 675.0, 378.0, 351.0, 207.0, 81.0, 27.0, 27.0, 9.0, 0.0, 0.0, 0.0, 9.0, 9.0]",0.558307409286499,-0.5819644927978516,0.000954807095695287,0.11682859063148499,-0.04470696672797203,1.353449821472168,"[9.0, 0.0, 0.0, 9.0, 0.0, 0.0, 9.0, 54.0, 90.0, 81.0, 207.0, 351.0, 423.0, 702.0, 1008.0, 1161.0, 1332.0, 1053.0, 936.0, 666.0, 414.0, 342.0, 207.0, 81.0, 18.0, 36.0, 9.0, 0.0, 0.0, 0.0, 9.0, 9.0]",0.5581895709037781,-0.5832561254501343
190,/features/features.9/conv/conv.2/Conv,Conv,True,True,False,onnx::Conv_617,0.0,0.0,0.0,,,"[0.0, 0.0, 0.0, 0.0, 0.0, 0.0, 0.0, 0.0, 0.0, 0.0, 0.0, 0.0, 0.0, 0.0, 0.0, 0.0, 9216.0, 0.0, 0.0, 0.0, 0.0, 0.0, 0.0, 0.0, 0.0, 0.0, 0.0, 0.0, 0.0, 0.0, 0.0, 0.0]",0.0,0.0,0.010357224382460117,0.25462213158607483,0.5719077587127686,1.149874210357666,"[432.0, 144.0, 144.0, 720.0, 576.0, 576.0, 288.0, 288.0, 432.0, 576.0, 864.0, 720.0, 144.0, 864.0, 576.0, 288.0, 576.0, 432.0, 288.0, 0.0, 144.0, 0.0, 0.0, 0.0, 0.0, 0.0, 0.0, 0.0, 0.0, 0.0, 0.0, 144.0]",0.943293035030365,-0.4380757510662079,0.010357224382460117,0.25462213158607483,0.5719077587127686,1.149874210357666,"[432.0, 144.0, 144.0, 720.0, 576.0, 576.0, 288.0, 288.0, 432.0, 576.0, 864.0, 720.0, 144.0, 864.0, 576.0, 288.0, 576.0, 432.0, 288.0, 0.0, 144.0, 0.0, 0.0, 0.0, 0.0, 0.0, 0.0, 0.0, 0.0, 0.0, 0.0, 144.0]",0.943293035030365,-0.4380757510662079
191,/features/features.9/conv/conv.2/Conv,Conv,False,False,True,/features/features.9/conv/conv.2/Conv_output_0,0.010723250918090343,0.0007033562869764864,0.02874351479113102,0.20882093906402588,1.1385183334350586,"[9.0, 9.0, 17.0, 47.0, 72.0, 175.0, 336.0, 549.0, 839.0, 1049.0, 1294.0, 1286.0, 1266.0, 849.0, 578.0, 376.0, 219.0, 97.0, 59.0, 38.0, 24.0, 12.0, 7.0, 2.0, 2.0, 2.0, 1.0, 0.0, 1.0, 0.0, 0.0, 1.0]",0.20222097635269165,-0.10759265720844269,-0.01732158474624157,0.27650102972984314,-0.30855581164360046,0.34514331817626953,"[8.0, 9.0, 4.0, 7.0, 4.0, 12.0, 57.0, 67.0, 126.0, 159.0, 183.0, 244.0, 391.0, 583.0, 777.0, 724.0, 934.0, 848.0, 787.0, 856.0, 829.0, 652.0, 444.0, 264.0, 99.0, 49.0, 38.0, 15.0, 22.0, 13.0, 8.0, 3.0]",0.9826299548149109,-1.182486891746521,-0.01802494190633297,0.27706998586654663,-0.32176586985588074,0.4424726963043213,"[3.0, 9.0, 5.0, 6.0, 7.0, 10.0, 20.0, 57.0, 113.0, 127.0, 167.0, 227.0, 335.0, 531.0, 748.0, 782.0, 737.0, 881.0, 911.0, 857.0, 893.0, 693.0, 502.0, 302.0, 140.0, 51.0, 37.0, 23.0, 14.0, 15.0, 11.0, 2.0]",0.9905818104743958,-1.2451889514923096
192,/features/features.9/Add,Add,False,True,False,/features/features.8/Add_output_0,0.010120171122252941,0.0003991781850345433,0.05203644558787346,-0.05077378451824188,0.12752628326416016,"[1.0, 2.0, 3.0, 7.0, 15.0, 19.0, 28.0, 67.0, 95.0, 176.0, 251.0, 369.0, 522.0, 673.0, 813.0, 853.0, 941.0, 938.0, 844.0, 720.0, 567.0, 469.0, 326.0, 222.0, 133.0, 78.0, 44.0, 21.0, 8.0, 5.0, 4.0, 2.0]",0.20111286640167236,-0.21962350606918335,-0.039845969527959824,0.5155722498893738,-0.03414331004023552,0.04519057273864746,"[6.0, 9.0, 12.0, 16.0, 6.0, 17.0, 26.0, 26.0, 31.0, 60.0, 168.0, 269.0, 524.0, 626.0, 700.0, 868.0, 784.0, 761.0, 753.0, 635.0, 583.0, 537.0, 450.0, 482.0, 334.0, 276.0, 133.0, 72.0, 33.0, 6.0, 11.0, 2.0]",1.6155102252960205,-2.131807327270508,-0.04024514928460121,0.5157128572463989,-0.018031910061836243,0.10137009620666504,"[2.0, 5.0, 4.0, 18.0, 9.0, 10.0, 23.0, 23.0, 24.0, 37.0, 60.0, 175.0, 324.0, 596.0, 691.0, 777.0, 824.0, 872.0, 823.0, 742.0, 619.0, 561.0, 466.0, 455.0, 425.0, 309.0, 179.0, 90.0, 45.0, 17.0, 8.0, 3.0]",1.601921796798706,-2.27388334274292
193,/features/features.9/Add,Add,False,True,False,/features/features.9/conv/conv.2/Conv_output_0,0.010723250918090343,0.0007033562869764864,0.02874351479113102,0.20882093906402588,1.1385183334350586,"[9.0, 9.0, 17.0, 47.0, 72.0, 175.0, 336.0, 549.0, 839.0, 1049.0, 1294.0, 1286.0, 1266.0, 849.0, 578.0, 376.0, 219.0, 97.0, 59.0, 38.0, 24.0, 12.0, 7.0, 2.0, 2.0, 2.0, 1.0, 0.0, 1.0, 0.0, 0.0, 1.0]",0.20222097635269165,-0.10759265720844269,-0.01732158474624157,0.27650102972984314,-0.30855581164360046,0.34514331817626953,"[8.0, 9.0, 4.0, 7.0, 4.0, 12.0, 57.0, 67.0, 126.0, 159.0, 183.0, 244.0, 391.0, 583.0, 777.0, 724.0, 934.0, 848.0, 787.0, 856.0, 829.0, 652.0, 444.0, 264.0, 99.0, 49.0, 38.0, 15.0, 22.0, 13.0, 8.0, 3.0]",0.9826299548149109,-1.182486891746521,-0.01802494190633297,0.27706998586654663,-0.32176586985588074,0.4424726963043213,"[3.0, 9.0, 5.0, 6.0, 7.0, 10.0, 20.0, 57.0, 113.0, 127.0, 167.0, 227.0, 335.0, 531.0, 748.0, 782.0, 737.0, 881.0, 911.0, 857.0, 893.0, 693.0, 502.0, 302.0, 140.0, 51.0, 37.0, 23.0, 14.0, 15.0, 11.0, 2.0]",0.9905818104743958,-1.2451889514923096
194,/features/features.9/Add,Add,False,False,True,/features/features.9/Add_output_0,0.017444351688027382,0.001261756755411625,0.05880526825785637,0.030698338523507118,0.22719860076904297,"[1.0, 1.0, 3.0, 11.0, 19.0, 22.0, 40.0, 85.0, 150.0, 257.0, 368.0, 541.0, 669.0, 854.0, 925.0, 966.0, 959.0, 873.0, 770.0, 577.0, 396.0, 298.0, 174.0, 114.0, 76.0, 28.0, 14.0, 12.0, 9.0, 1.0, 0.0, 3.0]",0.25509434938430786,-0.2430107593536377,-0.05700833350419998,0.4398774802684784,-0.2668144404888153,1.006608009338379,"[2.0, 2.0, 2.0, 2.0, 1.0, 0.0, 0.0, 0.0, 2.0, 7.0, 20.0, 41.0, 47.0, 58.0, 139.0, 240.0, 515.0, 712.0, 1037.0, 921.0, 1257.0, 1123.0, 874.0, 761.0, 659.0, 362.0, 248.0, 117.0, 34.0, 20.0, 10.0, 3.0]",1.483608365058899,-2.871500015258789,-0.05827008932828903,0.4415079355239868,-0.27304062247276306,1.1447086334228516,"[2.0, 2.0, 1.0, 3.0, 1.0, 0.0, 0.0, 0.0, 2.0, 13.0, 13.0, 37.0, 55.0, 70.0, 126.0, 334.0, 548.0, 839.0, 1047.0, 1186.0, 1246.0, 1040.0, 871.0, 703.0, 534.0, 305.0, 146.0, 50.0, 27.0, 11.0, 2.0, 2.0]",1.623953938484192,-2.9703783988952637
195,/features/features.10/conv/conv.0/conv.0.0/Conv,Conv,False,True,False,/features/features.9/Add_output_0,0.017444351688027382,0.001261756755411625,0.05880526825785637,0.030698338523507118,0.22719860076904297,"[1.0, 1.0, 3.0, 11.0, 19.0, 22.0, 40.0, 85.0, 150.0, 257.0, 368.0, 541.0, 669.0, 854.0, 925.0, 966.0, 959.0, 873.0, 770.0, 577.0, 396.0, 298.0, 174.0, 114.0, 76.0, 28.0, 14.0, 12.0, 9.0, 1.0, 0.0, 3.0]",0.25509434938430786,-0.2430107593536377,-0.05700833350419998,0.4398774802684784,-0.2668144404888153,1.006608009338379,"[2.0, 2.0, 2.0, 2.0, 1.0, 0.0, 0.0, 0.0, 2.0, 7.0, 20.0, 41.0, 47.0, 58.0, 139.0, 240.0, 515.0, 712.0, 1037.0, 921.0, 1257.0, 1123.0, 874.0, 761.0, 659.0, 362.0, 248.0, 117.0, 34.0, 20.0, 10.0, 3.0]",1.483608365058899,-2.871500015258789,-0.05827008932828903,0.4415079355239868,-0.27304062247276306,1.1447086334228516,"[2.0, 2.0, 1.0, 3.0, 1.0, 0.0, 0.0, 0.0, 2.0, 13.0, 13.0, 37.0, 55.0, 70.0, 126.0, 334.0, 548.0, 839.0, 1047.0, 1186.0, 1246.0, 1040.0, 871.0, 703.0, 534.0, 305.0, 146.0, 50.0, 27.0, 11.0, 2.0, 2.0]",1.623953938484192,-2.9703783988952637
196,/features/features.10/conv/conv.0/conv.0.0/Conv,Conv,True,True,False,onnx::Conv_619,3.7231380701996386e-05,-8.23936534288805e-06,0.00013234748621471226,-0.014768393710255623,-0.6534194946289062,"[9.0, 18.0, 0.0, 36.0, 99.0, 144.0, 135.0, 261.0, 270.0, 441.0, 405.0, 639.0, 450.0, 468.0, 378.0, 540.0, 684.0, 576.0, 531.0, 432.0, 459.0, 513.0, 432.0, 459.0, 270.0, 234.0, 99.0, 117.0, 63.0, 18.0, 18.0, 18.0]",0.00035093724727630615,-0.00038270000368356705,-5.655876884702593e-05,0.021733330562710762,-0.04912733659148216,0.5755789279937744,"[9.0, 18.0, 0.0, 0.0, 9.0, 90.0, 72.0, 108.0, 90.0, 234.0, 324.0, 423.0, 441.0, 495.0, 864.0, 783.0, 1026.0, 891.0, 747.0, 621.0, 603.0, 486.0, 243.0, 243.0, 162.0, 72.0, 54.0, 27.0, 9.0, 27.0, 27.0, 18.0]",0.07550942897796631,-0.08131293952465057,-4.8319569032173604e-05,0.021732021123170853,-0.04490957036614418,0.5794246196746826,"[9.0, 18.0, 0.0, 0.0, 9.0, 90.0, 72.0, 108.0, 90.0, 234.0, 324.0, 396.0, 468.0, 495.0, 855.0, 792.0, 1035.0, 900.0, 729.0, 621.0, 612.0, 486.0, 243.0, 243.0, 153.0, 72.0, 54.0, 27.0, 9.0, 27.0, 27.0, 18.0]",0.07580671459436417,-0.08152595162391663
197,/features/features.10/conv/conv.0/conv.0.0/Conv,Conv,True,True,False,onnx::Conv_620,0.0,0.0,0.0,,,"[0.0, 0.0, 0.0, 0.0, 0.0, 0.0, 0.0, 0.0, 0.0, 0.0, 0.0, 0.0, 0.0, 0.0, 0.0, 0.0, 9216.0, 0.0, 0.0, 0.0, 0.0, 0.0, 0.0, 0.0, 0.0, 0.0, 0.0, 0.0, 0.0, 0.0, 0.0, 0.0]",0.0,0.0,0.023556282743811607,0.07679188251495361,-0.06789623200893402,1.5817689895629883,"[27.0, 0.0, 0.0, 0.0, 0.0, 0.0, 0.0, 0.0, 0.0, 0.0, 0.0, 0.0, 36.0, 117.0, 243.0, 252.0, 495.0, 792.0, 801.0, 882.0, 747.0, 1251.0, 765.0, 648.0, 450.0, 369.0, 657.0, 234.0, 90.0, 153.0, 99.0, 108.0]",0.22702383995056152,-0.3799527585506439,0.023556282743811607,0.07679188251495361,-0.06789623200893402,1.5817689895629883,"[27.0, 0.0, 0.0, 0.0, 0.0, 0.0, 0.0, 0.0, 0.0, 0.0, 0.0, 0.0, 36.0, 117.0, 243.0, 252.0, 495.0, 792.0, 801.0, 882.0, 747.0, 1251.0, 765.0, 648.0, 450.0, 369.0, 657.0, 234.0, 90.0, 153.0, 99.0, 108.0]",0.22702383995056152,-0.3799527585506439
198,/features/features.10/conv/conv.0/conv.0.0/Conv,Conv,False,False,True,/features/features.10/conv/conv.0/conv.0.0/Conv_output_0,0.007485751528292894,-5.722562127630226e-05,0.009558518417179585,0.04983474686741829,0.9384438991546631,"[5.0, 8.0, 6.0, 17.0, 18.0, 37.0, 75.0, 100.0, 222.0, 337.0, 500.0, 675.0, 908.0, 1069.0, 1257.0, 1078.0, 882.0, 696.0, 500.0, 310.0, 212.0, 137.0, 69.0, 37.0, 27.0, 13.0, 7.0, 5.0, 2.0, 1.0, 4.0, 2.0]",0.04810795187950134,-0.04003581404685974,0.03890492394566536,0.10331449657678604,-0.1482507884502411,0.3649003505706787,"[1.0, 3.0, 6.0, 11.0, 12.0, 20.0, 26.0, 41.0, 67.0, 104.0, 184.0, 268.0, 376.0, 530.0, 600.0, 747.0, 840.0, 940.0, 932.0, 883.0, 721.0, 575.0, 456.0, 344.0, 220.0, 130.0, 84.0, 36.0, 26.0, 14.0, 12.0, 7.0]",0.3983580470085144,-0.40699219703674316,0.038962144404649734,0.10338010638952255,-0.14705871045589447,0.4030275344848633,"[1.0, 4.0, 4.0, 10.0, 8.0, 20.0, 22.0, 41.0, 62.0, 106.0, 165.0, 250.0, 371.0, 532.0, 579.0, 755.0, 850.0, 946.0, 940.0, 870.0, 785.0, 557.0, 480.0, 345.0, 211.0, 122.0, 86.0, 36.0, 28.0, 9.0, 13.0, 8.0]",0.4019128680229187,-0.414747029542923
199,/features/features.10/conv/conv.0/conv.0.2/Clip,Clip,False,True,False,/features/features.10/conv/conv.0/conv.0.0/Conv_output_0,0.007485751528292894,-5.722562127630226e-05,0.009558518417179585,0.04983474686741829,0.9384438991546631,"[5.0, 8.0, 6.0, 17.0, 18.0, 37.0, 75.0, 100.0, 222.0, 337.0, 500.0, 675.0, 908.0, 1069.0, 1257.0, 1078.0, 882.0, 696.0, 500.0, 310.0, 212.0, 137.0, 69.0, 37.0, 27.0, 13.0, 7.0, 5.0, 2.0, 1.0, 4.0, 2.0]",0.04810795187950134,-0.04003581404685974,0.03890492394566536,0.10331449657678604,-0.1482507884502411,0.3649003505706787,"[1.0, 3.0, 6.0, 11.0, 12.0, 20.0, 26.0, 41.0, 67.0, 104.0, 184.0, 268.0, 376.0, 530.0, 600.0, 747.0, 840.0, 940.0, 932.0, 883.0, 721.0, 575.0, 456.0, 344.0, 220.0, 130.0, 84.0, 36.0, 26.0, 14.0, 12.0, 7.0]",0.3983580470085144,-0.40699219703674316,0.038962144404649734,0.10338010638952255,-0.14705871045589447,0.4030275344848633,"[1.0, 4.0, 4.0, 10.0, 8.0, 20.0, 22.0, 41.0, 62.0, 106.0, 165.0, 250.0, 371.0, 532.0, 579.0, 755.0, 850.0, 946.0, 940.0, 870.0, 785.0, 557.0, 480.0, 345.0, 211.0, 122.0, 86.0, 36.0, 28.0, 9.0, 13.0, 8.0]",0.4019128680229187,-0.414747029542923
200,/features/features.10/conv/conv.0/conv.0.2/Clip,Clip,True,True,False,/features/features.10/conv/conv.0/conv.0.2/Constant_output_0,0.0,0.0,0.0,,,"[0.0, 0.0, 0.0, 0.0, 0.0, 0.0, 0.0, 0.0, 0.0, 0.0, 0.0, 0.0, 0.0, 0.0, 0.0, 0.0, 9216.0, 0.0, 0.0, 0.0, 0.0, 0.0, 0.0, 0.0, 0.0, 0.0, 0.0, 0.0, 0.0, 0.0, 0.0, 0.0]",0.0,0.0,0.0,0.0,,,"[0.0, 0.0, 0.0, 0.0, 0.0, 0.0, 0.0, 0.0, 0.0, 0.0, 0.0, 0.0, 0.0, 0.0, 0.0, 0.0, 9216.0, 0.0, 0.0, 0.0, 0.0, 0.0, 0.0, 0.0, 0.0, 0.0, 0.0, 0.0, 0.0, 0.0, 0.0, 0.0]",0.0,0.0,0.0,0.0,,,"[0.0, 0.0, 0.0, 0.0, 0.0, 0.0, 0.0, 0.0, 0.0, 0.0, 0.0, 0.0, 0.0, 0.0, 0.0, 0.0, 9216.0, 0.0, 0.0, 0.0, 0.0, 0.0, 0.0, 0.0, 0.0, 0.0, 0.0, 0.0, 0.0, 0.0, 0.0, 0.0]",0.0,0.0
201,/features/features.10/conv/conv.0/conv.0.2/Clip,Clip,True,True,False,/features/features.10/conv/conv.0/conv.0.2/Constant_1_output_0,0.8499917984008789,-5.531700611114502,4.768630219587067e-07,0.9998371601104736,-2.0002174377441406,"[0.0, 0.0, 0.0, 0.0, 0.0, 0.0, 0.0, 0.0, 0.0, 0.0, 0.0, 0.0, 0.0, 0.0, 0.0, 0.0, 9216.0, 0.0, 0.0, 0.0, 0.0, 0.0, 0.0, 0.0, 0.0, 0.0, 0.0, 0.0, 0.0, 0.0, 0.0, 0.0]",-5.531700134277344,-5.531700134277344,0.4682998061180115,5.960787774483833e-08,-0.9998371601104736,-2.0002174377441406,"[0.0, 0.0, 0.0, 0.0, 0.0, 0.0, 0.0, 0.0, 0.0, 0.0, 0.0, 0.0, 0.0, 0.0, 0.0, 0.0, 9216.0, 0.0, 0.0, 0.0, 0.0, 0.0, 0.0, 0.0, 0.0, 0.0, 0.0, 0.0, 0.0, 0.0, 0.0, 0.0]",0.4682997465133667,0.4682997465133667,6.0,0.0,,,"[0.0, 0.0, 0.0, 0.0, 0.0, 0.0, 0.0, 0.0, 0.0, 0.0, 0.0, 0.0, 0.0, 0.0, 0.0, 0.0, 9216.0, 0.0, 0.0, 0.0, 0.0, 0.0, 0.0, 0.0, 0.0, 0.0, 0.0, 0.0, 0.0, 0.0, 0.0, 0.0]",6.0,6.0
202,/features/features.10/conv/conv.0/conv.0.2/Clip,Clip,False,False,True,/features/features.10/conv/conv.0/conv.0.2/Clip_output_0,0.00603491673246026,-1.827703817980364e-05,0.0074378373101353645,-0.06434694677591324,2.4572196006774902,"[3.0, 4.0, 1.0, 8.0, 6.0, 14.0, 18.0, 27.0, 55.0, 91.0, 139.0, 190.0, 329.0, 388.0, 501.0, 611.0, 685.0, 3700.0, 616.0, 491.0, 455.0, 307.0, 196.0, 147.0, 98.0, 53.0, 36.0, 15.0, 16.0, 8.0, 1.0, 7.0]",0.03468844294548035,-0.03954557701945305,0.06351041793823242,0.07155173271894455,1.1494927406311035,0.9071969985961914,"[3561.0, 383.0, 562.0, 421.0, 393.0, 545.0, 401.0, 369.0, 434.0, 294.0, 352.0, 222.0, 237.0, 242.0, 144.0, 136.0, 128.0, 87.0, 95.0, 42.0, 33.0, 44.0, 17.0, 13.0, 21.0, 7.0, 7.0, 7.0, 5.0, 8.0, 4.0, 2.0]",0.3982391655445099,0.0,0.06352869421243668,0.07162830978631973,1.1621463298797607,0.9786539077758789,"[3541.0, 446.0, 496.0, 432.0, 501.0, 458.0, 431.0, 410.0, 374.0, 330.0, 282.0, 267.0, 254.0, 201.0, 182.0, 129.0, 108.0, 84.0, 75.0, 45.0, 46.0, 34.0, 18.0, 15.0, 13.0, 15.0, 3.0, 5.0, 10.0, 3.0, 5.0, 3.0]",0.4019128680229187,0.0
203,/features/features.10/conv/conv.1/conv.1.0/Conv,Conv,False,True,False,/features/features.10/conv/conv.0/conv.0.2/Clip_output_0,0.00603491673246026,-1.827703817980364e-05,0.0074378373101353645,-0.06434694677591324,2.4572196006774902,"[3.0, 4.0, 1.0, 8.0, 6.0, 14.0, 18.0, 27.0, 55.0, 91.0, 139.0, 190.0, 329.0, 388.0, 501.0, 611.0, 685.0, 3700.0, 616.0, 491.0, 455.0, 307.0, 196.0, 147.0, 98.0, 53.0, 36.0, 15.0, 16.0, 8.0, 1.0, 7.0]",0.03468844294548035,-0.03954557701945305,0.06351041793823242,0.07155173271894455,1.1494927406311035,0.9071969985961914,"[3561.0, 383.0, 562.0, 421.0, 393.0, 545.0, 401.0, 369.0, 434.0, 294.0, 352.0, 222.0, 237.0, 242.0, 144.0, 136.0, 128.0, 87.0, 95.0, 42.0, 33.0, 44.0, 17.0, 13.0, 21.0, 7.0, 7.0, 7.0, 5.0, 8.0, 4.0, 2.0]",0.3982391655445099,0.0,0.06352869421243668,0.07162830978631973,1.1621463298797607,0.9786539077758789,"[3541.0, 446.0, 496.0, 432.0, 501.0, 458.0, 431.0, 410.0, 374.0, 330.0, 282.0, 267.0, 254.0, 201.0, 182.0, 129.0, 108.0, 84.0, 75.0, 45.0, 46.0, 34.0, 18.0, 15.0, 13.0, 15.0, 3.0, 5.0, 10.0, 3.0, 5.0, 3.0]",0.4019128680229187,0.0
204,/features/features.10/conv/conv.1/conv.1.0/Conv,Conv,True,True,False,onnx::Conv_622,2.9880997317377478e-05,-0.0004944525426253676,0.004604683723300695,0.05621487647294998,0.8852627277374268,"[18.0, 36.0, 18.0, 27.0, 18.0, 72.0, 171.0, 306.0, 441.0, 513.0, 549.0, 666.0, 873.0, 900.0, 801.0, 1044.0, 747.0, 648.0, 432.0, 513.0, 180.0, 72.0, 45.0, 54.0, 18.0, 9.0, 9.0, 0.0, 9.0, 9.0, 0.0, 18.0]",0.019909381866455078,-0.016196250915527344,0.06388494372367859,0.8435078263282776,0.30923891067504883,4.823482036590576,"[18.0, 0.0, 0.0, 9.0, 0.0, 0.0, 0.0, 0.0, 9.0, 0.0, 36.0, 81.0, 135.0, 189.0, 423.0, 981.0, 1746.0, 1773.0, 1359.0, 846.0, 495.0, 378.0, 198.0, 189.0, 153.0, 72.0, 63.0, 0.0, 18.0, 18.0, 18.0, 9.0]",4.1139373779296875,-5.057046413421631,0.06437940150499344,0.8447619676589966,0.3168448805809021,4.862772464752197,"[18.0, 0.0, 0.0, 9.0, 0.0, 0.0, 0.0, 0.0, 9.0, 0.0, 36.0, 81.0, 135.0, 189.0, 414.0, 981.0, 1773.0, 1755.0, 1341.0, 873.0, 486.0, 378.0, 207.0, 189.0, 144.0, 72.0, 63.0, 0.0, 18.0, 18.0, 18.0, 9.0]",4.130133628845215,-5.076955795288086
205,/features/features.10/conv/conv.1/conv.1.0/Conv,Conv,True,True,False,onnx::Conv_623,0.0,0.0,0.0,,,"[0.0, 0.0, 0.0, 0.0, 0.0, 0.0, 0.0, 0.0, 0.0, 0.0, 0.0, 0.0, 0.0, 0.0, 0.0, 0.0, 9216.0, 0.0, 0.0, 0.0, 0.0, 0.0, 0.0, 0.0, 0.0, 0.0, 0.0, 0.0, 0.0, 0.0, 0.0, 0.0]",0.0,0.0,0.02222147025167942,0.23072166740894318,-0.07786661386489868,1.2028608322143555,"[27.0, 0.0, 0.0, 0.0, 0.0, 0.0, 0.0, 27.0, 0.0, 0.0, 54.0, 81.0, 171.0, 54.0, 333.0, 702.0, 927.0, 1053.0, 1503.0, 666.0, 297.0, 441.0, 702.0, 855.0, 603.0, 270.0, 189.0, 72.0, 108.0, 27.0, 36.0, 18.0]",0.7368570566177368,-1.10277259349823,0.02222147025167942,0.23072166740894318,-0.07786661386489868,1.2028608322143555,"[27.0, 0.0, 0.0, 0.0, 0.0, 0.0, 0.0, 27.0, 0.0, 0.0, 54.0, 81.0, 171.0, 54.0, 333.0, 702.0, 927.0, 1053.0, 1503.0, 666.0, 297.0, 441.0, 702.0, 855.0, 603.0, 270.0, 189.0, 72.0, 108.0, 27.0, 36.0, 18.0]",0.7368570566177368,-1.10277259349823
206,/features/features.10/conv/conv.1/conv.1.0/Conv,Conv,False,False,True,/features/features.10/conv/conv.1/conv.1.0/Conv_output_0,0.010295596905052662,-0.0004432403075043112,0.0178089402616024,0.5002567172050476,6.194266319274902,"[1.0, 1.0, 0.0, 1.0, 2.0, 3.0, 7.0, 21.0, 60.0, 138.0, 271.0, 584.0, 1152.0, 3706.0, 1652.0, 845.0, 387.0, 191.0, 81.0, 48.0, 27.0, 16.0, 6.0, 8.0, 3.0, 0.0, 1.0, 3.0, 0.0, 0.0, 0.0, 1.0]",0.1779285967350006,-0.1358654797077179,0.018482837826013565,0.1742536872625351,0.0771995261311531,0.2868330478668213,"[2.0, 2.0, 9.0, 22.0, 19.0, 81.0, 81.0, 150.0, 134.0, 411.0, 672.0, 800.0, 861.0, 1074.0, 996.0, 746.0, 692.0, 777.0, 702.0, 407.0, 264.0, 111.0, 85.0, 49.0, 29.0, 17.0, 6.0, 7.0, 5.0, 4.0, 0.0, 1.0]",0.838855504989624,-0.6588847041130066,0.01892607845366001,0.17454537749290466,0.07954341173171997,0.33013319969177246,"[2.0, 3.0, 10.0, 23.0, 32.0, 81.0, 82.0, 154.0, 159.0, 478.0, 788.0, 710.0, 946.0, 1189.0, 847.0, 706.0, 737.0, 885.0, 561.0, 389.0, 165.0, 91.0, 81.0, 26.0, 39.0, 10.0, 7.0, 7.0, 3.0, 4.0, 0.0, 1.0]",0.860929012298584,-0.6546284556388855
207,/features/features.10/conv/conv.1/conv.1.2/Clip,Clip,False,True,False,/features/features.10/conv/conv.1/conv.1.0/Conv_output_0,0.010295596905052662,-0.0004432403075043112,0.0178089402616024,0.5002567172050476,6.194266319274902,"[1.0, 1.0, 0.0, 1.0, 2.0, 3.0, 7.0, 21.0, 60.0, 138.0, 271.0, 584.0, 1152.0, 3706.0, 1652.0, 845.0, 387.0, 191.0, 81.0, 48.0, 27.0, 16.0, 6.0, 8.0, 3.0, 0.0, 1.0, 3.0, 0.0, 0.0, 0.0, 1.0]",0.1779285967350006,-0.1358654797077179,0.018482837826013565,0.1742536872625351,0.0771995261311531,0.2868330478668213,"[2.0, 2.0, 9.0, 22.0, 19.0, 81.0, 81.0, 150.0, 134.0, 411.0, 672.0, 800.0, 861.0, 1074.0, 996.0, 746.0, 692.0, 777.0, 702.0, 407.0, 264.0, 111.0, 85.0, 49.0, 29.0, 17.0, 6.0, 7.0, 5.0, 4.0, 0.0, 1.0]",0.838855504989624,-0.6588847041130066,0.01892607845366001,0.17454537749290466,0.07954341173171997,0.33013319969177246,"[2.0, 3.0, 10.0, 23.0, 32.0, 81.0, 82.0, 154.0, 159.0, 478.0, 788.0, 710.0, 946.0, 1189.0, 847.0, 706.0, 737.0, 885.0, 561.0, 389.0, 165.0, 91.0, 81.0, 26.0, 39.0, 10.0, 7.0, 7.0, 3.0, 4.0, 0.0, 1.0]",0.860929012298584,-0.6546284556388855
208,/features/features.10/conv/conv.1/conv.1.2/Clip,Clip,True,True,False,/features/features.10/conv/conv.1/conv.1.2/Constant_output_0,0.0,0.0,0.0,,,"[0.0, 0.0, 0.0, 0.0, 0.0, 0.0, 0.0, 0.0, 0.0, 0.0, 0.0, 0.0, 0.0, 0.0, 0.0, 0.0, 9216.0, 0.0, 0.0, 0.0, 0.0, 0.0, 0.0, 0.0, 0.0, 0.0, 0.0, 0.0, 0.0, 0.0, 0.0, 0.0]",0.0,0.0,0.0,0.0,,,"[0.0, 0.0, 0.0, 0.0, 0.0, 0.0, 0.0, 0.0, 0.0, 0.0, 0.0, 0.0, 0.0, 0.0, 0.0, 0.0, 9216.0, 0.0, 0.0, 0.0, 0.0, 0.0, 0.0, 0.0, 0.0, 0.0, 0.0, 0.0, 0.0, 0.0, 0.0, 0.0]",0.0,0.0,0.0,0.0,,,"[0.0, 0.0, 0.0, 0.0, 0.0, 0.0, 0.0, 0.0, 0.0, 0.0, 0.0, 0.0, 0.0, 0.0, 0.0, 0.0, 9216.0, 0.0, 0.0, 0.0, 0.0, 0.0, 0.0, 0.0, 0.0, 0.0, 0.0, 0.0, 0.0, 0.0, 0.0, 0.0]",0.0,0.0
209,/features/features.10/conv/conv.1/conv.1.2/Clip,Clip,True,True,False,/features/features.10/conv/conv.1/conv.1.2/Constant_1_output_0,0.4977297782897949,-4.232997894287109,0.0,,,"[0.0, 0.0, 0.0, 0.0, 0.0, 0.0, 0.0, 0.0, 0.0, 0.0, 0.0, 0.0, 0.0, 0.0, 0.0, 0.0, 9216.0, 0.0, 0.0, 0.0, 0.0, 0.0, 0.0, 0.0, 0.0, 0.0, 0.0, 0.0, 0.0, 0.0, 0.0, 0.0]",-4.232997894287109,-4.232997894287109,1.7670018672943115,1.1921575548967667e-07,0.9998371601104736,-2.0002174377441406,"[0.0, 0.0, 0.0, 0.0, 0.0, 0.0, 0.0, 0.0, 0.0, 0.0, 0.0, 0.0, 0.0, 0.0, 0.0, 0.0, 9216.0, 0.0, 0.0, 0.0, 0.0, 0.0, 0.0, 0.0, 0.0, 0.0, 0.0, 0.0, 0.0, 0.0, 0.0, 0.0]",1.767001986503601,1.767001986503601,6.0,0.0,,,"[0.0, 0.0, 0.0, 0.0, 0.0, 0.0, 0.0, 0.0, 0.0, 0.0, 0.0, 0.0, 0.0, 0.0, 0.0, 0.0, 9216.0, 0.0, 0.0, 0.0, 0.0, 0.0, 0.0, 0.0, 0.0, 0.0, 0.0, 0.0, 0.0, 0.0, 0.0, 0.0]",6.0,6.0
210,/features/features.10/conv/conv.1/conv.1.2/Clip,Clip,False,False,True,/features/features.10/conv/conv.1/conv.1.2/Clip_output_0,0.010829738341271877,-0.0003061582683585584,0.014127805829048157,0.7768011093139648,11.234573364257812,"[1.0, 0.0, 0.0, 3.0, 3.0, 11.0, 15.0, 30.0, 62.0, 106.0, 179.0, 322.0, 559.0, 962.0, 5467.0, 667.0, 368.0, 185.0, 108.0, 58.0, 36.0, 21.0, 20.0, 9.0, 6.0, 1.0, 10.0, 1.0, 2.0, 0.0, 2.0, 2.0]",0.13403233885765076,-0.10754862427711487,0.0787595734000206,0.1103210523724556,1.5817253589630127,2.7342700958251953,"[4919.0, 484.0, 453.0, 402.0, 436.0, 400.0, 510.0, 277.0, 345.0, 244.0, 255.0, 148.0, 75.0, 65.0, 41.0, 32.0, 35.0, 27.0, 16.0, 22.0, 6.0, 5.0, 2.0, 2.0, 3.0, 3.0, 5.0, 2.0, 1.0, 0.0, 0.0, 1.0]",0.8348040580749512,0.0,0.0790657252073288,0.11039406061172485,1.6047236919403076,2.9484763145446777,"[5010.0, 463.0, 431.0, 365.0, 433.0, 429.0, 492.0, 449.0, 292.0, 204.0, 232.0, 101.0, 69.0, 52.0, 48.0, 46.0, 15.0, 18.0, 25.0, 11.0, 7.0, 4.0, 4.0, 6.0, 2.0, 2.0, 1.0, 4.0, 0.0, 0.0, 0.0, 1.0]",0.860929012298584,0.0
211,/features/features.10/conv/conv.2/Conv,Conv,False,True,False,/features/features.10/conv/conv.1/conv.1.2/Clip_output_0,0.010829738341271877,-0.0003061582683585584,0.014127805829048157,0.7768011093139648,11.234573364257812,"[1.0, 0.0, 0.0, 3.0, 3.0, 11.0, 15.0, 30.0, 62.0, 106.0, 179.0, 322.0, 559.0, 962.0, 5467.0, 667.0, 368.0, 185.0, 108.0, 58.0, 36.0, 21.0, 20.0, 9.0, 6.0, 1.0, 10.0, 1.0, 2.0, 0.0, 2.0, 2.0]",0.13403233885765076,-0.10754862427711487,0.0787595734000206,0.1103210523724556,1.5817253589630127,2.7342700958251953,"[4919.0, 484.0, 453.0, 402.0, 436.0, 400.0, 510.0, 277.0, 345.0, 244.0, 255.0, 148.0, 75.0, 65.0, 41.0, 32.0, 35.0, 27.0, 16.0, 22.0, 6.0, 5.0, 2.0, 2.0, 3.0, 3.0, 5.0, 2.0, 1.0, 0.0, 0.0, 1.0]",0.8348040580749512,0.0,0.0790657252073288,0.11039406061172485,1.6047236919403076,2.9484763145446777,"[5010.0, 463.0, 431.0, 365.0, 433.0, 429.0, 492.0, 449.0, 292.0, 204.0, 232.0, 101.0, 69.0, 52.0, 48.0, 46.0, 15.0, 18.0, 25.0, 11.0, 7.0, 4.0, 4.0, 6.0, 2.0, 2.0, 1.0, 4.0, 0.0, 0.0, 0.0, 1.0]",0.860929012298584,0.0
212,/features/features.10/conv/conv.2/Conv,Conv,True,True,False,onnx::Conv_625,7.604892016388476e-05,-1.1202105270058382e-05,0.0009776187362149358,0.017625650390982628,-0.4979548454284668,"[27.0, 9.0, 18.0, 72.0, 36.0, 45.0, 108.0, 207.0, 288.0, 549.0, 486.0, 612.0, 558.0, 549.0, 675.0, 522.0, 549.0, 513.0, 405.0, 639.0, 450.0, 531.0, 522.0, 252.0, 225.0, 135.0, 63.0, 72.0, 54.0, 36.0, 0.0, 9.0]",0.0028942450881004333,-0.0028944946825504303,0.0032750803511589766,0.11208352446556091,0.181302011013031,0.41948652267456055,"[9.0, 0.0, 9.0, 18.0, 45.0, 90.0, 144.0, 234.0, 261.0, 396.0, 558.0, 531.0, 729.0, 837.0, 1026.0, 882.0, 783.0, 720.0, 522.0, 450.0, 234.0, 297.0, 153.0, 72.0, 63.0, 54.0, 27.0, 45.0, 9.0, 9.0, 0.0, 9.0]",0.44934505224227905,-0.37953513860702515,0.003286281367763877,0.11206366121768951,0.18315079808235168,0.4217977523803711,"[9.0, 9.0, 0.0, 18.0, 45.0, 90.0, 144.0, 234.0, 288.0, 396.0, 594.0, 540.0, 684.0, 900.0, 963.0, 900.0, 792.0, 702.0, 531.0, 414.0, 279.0, 243.0, 162.0, 63.0, 72.0, 45.0, 36.0, 36.0, 9.0, 9.0, 0.0, 9.0]",0.45111414790153503,-0.37810078263282776
213,/features/features.10/conv/conv.2/Conv,Conv,True,True,False,onnx::Conv_626,0.0,0.0,0.0,,,"[0.0, 0.0, 0.0, 0.0, 0.0, 0.0, 0.0, 0.0, 0.0, 0.0, 0.0, 0.0, 0.0, 0.0, 0.0, 0.0, 9216.0, 0.0, 0.0, 0.0, 0.0, 0.0, 0.0, 0.0, 0.0, 0.0, 0.0, 0.0, 0.0, 0.0, 0.0, 0.0]",0.0,0.0,-0.08120807260274887,0.30205249786376953,-0.2610184848308563,-0.24979567527770996,"[144.0, 0.0, 288.0, 0.0, 144.0, 144.0, 144.0, 288.0, 144.0, 144.0, 288.0, 576.0, 288.0, 288.0, 0.0, 1152.0, 288.0, 576.0, 720.0, 288.0, 432.0, 432.0, 432.0, 576.0, 432.0, 576.0, 0.0, 0.0, 0.0, 144.0, 0.0, 288.0]",0.5731115341186523,-0.8192007541656494,-0.08120807260274887,0.30205249786376953,-0.2610184848308563,-0.24979567527770996,"[144.0, 0.0, 288.0, 0.0, 144.0, 144.0, 144.0, 288.0, 144.0, 144.0, 288.0, 576.0, 288.0, 288.0, 0.0, 1152.0, 288.0, 576.0, 720.0, 288.0, 432.0, 432.0, 432.0, 576.0, 432.0, 576.0, 0.0, 0.0, 0.0, 144.0, 0.0, 288.0]",0.5731115341186523,-0.8192007541656494
214,/features/features.10/conv/conv.2/Conv,Conv,False,False,True,/features/features.10/conv/conv.2/Conv_output_0,0.05058453604578972,0.0009024215396493673,0.06607108563184738,3.961597442626953,69.24702453613281,"[2.0, 3.0, 2.0, 4.0, 10.0, 13.0, 19.0, 20.0, 88.0, 1237.0, 4972.0, 2402.0, 307.0, 54.0, 29.0, 12.0, 8.0, 10.0, 4.0, 3.0, 5.0, 1.0, 3.0, 0.0, 0.0, 1.0, 2.0, 1.0, 1.0, 1.0, 1.0, 1.0]",1.2264033555984497,-0.6161338686943054,0.014799942262470722,0.2692669630050659,0.14637476205825806,1.7055883407592773,"[3.0, 0.0, 2.0, 6.0, 7.0, 10.0, 25.0, 34.0, 65.0, 43.0, 66.0, 170.0, 256.0, 414.0, 740.0, 1399.0, 1194.0, 1132.0, 974.0, 808.0, 689.0, 370.0, 285.0, 205.0, 102.0, 63.0, 50.0, 47.0, 23.0, 16.0, 8.0, 10.0]",1.1486001014709473,-1.3400334119796753,0.013897518627345562,0.29346516728401184,0.020274076610803604,3.52822208404541,"[3.0, 3.0, 2.0, 4.0, 7.0, 10.0, 8.0, 13.0, 29.0, 48.0, 61.0, 73.0, 165.0, 347.0, 818.0, 1384.0, 1761.0, 1573.0, 1124.0, 702.0, 445.0, 278.0, 128.0, 92.0, 54.0, 30.0, 17.0, 17.0, 5.0, 7.0, 6.0, 2.0]",1.6010860204696655,-1.8007034063339233
215,/features/features.10/Add,Add,False,True,False,/features/features.9/Add_output_0,0.017444351688027382,0.001261756755411625,0.05880526825785637,0.030698338523507118,0.22719860076904297,"[1.0, 1.0, 3.0, 11.0, 19.0, 22.0, 40.0, 85.0, 150.0, 257.0, 368.0, 541.0, 669.0, 854.0, 925.0, 966.0, 959.0, 873.0, 770.0, 577.0, 396.0, 298.0, 174.0, 114.0, 76.0, 28.0, 14.0, 12.0, 9.0, 1.0, 0.0, 3.0]",0.25509434938430786,-0.2430107593536377,-0.05700833350419998,0.4398774802684784,-0.2668144404888153,1.006608009338379,"[2.0, 2.0, 2.0, 2.0, 1.0, 0.0, 0.0, 0.0, 2.0, 7.0, 20.0, 41.0, 47.0, 58.0, 139.0, 240.0, 515.0, 712.0, 1037.0, 921.0, 1257.0, 1123.0, 874.0, 761.0, 659.0, 362.0, 248.0, 117.0, 34.0, 20.0, 10.0, 3.0]",1.483608365058899,-2.871500015258789,-0.05827008932828903,0.4415079355239868,-0.27304062247276306,1.1447086334228516,"[2.0, 2.0, 1.0, 3.0, 1.0, 0.0, 0.0, 0.0, 2.0, 13.0, 13.0, 37.0, 55.0, 70.0, 126.0, 334.0, 548.0, 839.0, 1047.0, 1186.0, 1246.0, 1040.0, 871.0, 703.0, 534.0, 305.0, 146.0, 50.0, 27.0, 11.0, 2.0, 2.0]",1.623953938484192,-2.9703783988952637
216,/features/features.10/Add,Add,False,True,False,/features/features.10/conv/conv.2/Conv_output_0,0.05058453604578972,0.0009024215396493673,0.06607108563184738,3.961597442626953,69.24702453613281,"[2.0, 3.0, 2.0, 4.0, 10.0, 13.0, 19.0, 20.0, 88.0, 1237.0, 4972.0, 2402.0, 307.0, 54.0, 29.0, 12.0, 8.0, 10.0, 4.0, 3.0, 5.0, 1.0, 3.0, 0.0, 0.0, 1.0, 2.0, 1.0, 1.0, 1.0, 1.0, 1.0]",1.2264033555984497,-0.6161338686943054,0.014799942262470722,0.2692669630050659,0.14637476205825806,1.7055883407592773,"[3.0, 0.0, 2.0, 6.0, 7.0, 10.0, 25.0, 34.0, 65.0, 43.0, 66.0, 170.0, 256.0, 414.0, 740.0, 1399.0, 1194.0, 1132.0, 974.0, 808.0, 689.0, 370.0, 285.0, 205.0, 102.0, 63.0, 50.0, 47.0, 23.0, 16.0, 8.0, 10.0]",1.1486001014709473,-1.3400334119796753,0.013897518627345562,0.29346516728401184,0.020274076610803604,3.52822208404541,"[3.0, 3.0, 2.0, 4.0, 7.0, 10.0, 8.0, 13.0, 29.0, 48.0, 61.0, 73.0, 165.0, 347.0, 818.0, 1384.0, 1761.0, 1573.0, 1124.0, 702.0, 445.0, 278.0, 128.0, 92.0, 54.0, 30.0, 17.0, 17.0, 5.0, 7.0, 6.0, 2.0]",1.6010860204696655,-1.8007034063339233
217,/features/features.10/Add,Add,False,False,True,/features/features.10/Add_output_0,0.03436897695064545,0.0020692378748208284,0.09060516953468323,2.208054304122925,28.28675651550293,"[6.0, 0.0, 9.0, 9.0, 17.0, 55.0, 312.0, 1285.0, 2834.0, 2786.0, 1351.0, 405.0, 78.0, 25.0, 14.0, 7.0, 3.0, 1.0, 2.0, 4.0, 1.0, 3.0, 1.0, 0.0, 2.0, 2.0, 1.0, 0.0, 1.0, 0.0, 1.0, 1.0]",1.4208006858825684,-0.5599114298820496,-0.042303331196308136,0.4709218740463257,-0.18747353553771973,1.4701251983642578,"[3.0, 3.0, 1.0, 7.0, 3.0, 9.0, 6.0, 13.0, 24.0, 40.0, 82.0, 114.0, 296.0, 606.0, 752.0, 1108.0, 1440.0, 1228.0, 1126.0, 893.0, 599.0, 448.0, 227.0, 88.0, 49.0, 27.0, 12.0, 5.0, 2.0, 1.0, 3.0, 1.0]",2.3366029262542725,-2.787992238998413,-0.04437257722020149,0.48684003949165344,-0.29866987466812134,2.1582250595092773,"[3.0, 4.0, 8.0, 6.0, 7.0, 13.0, 11.0, 11.0, 22.0, 41.0, 97.0, 159.0, 315.0, 636.0, 896.0, 1241.0, 1433.0, 1285.0, 1018.0, 854.0, 559.0, 310.0, 149.0, 61.0, 34.0, 25.0, 7.0, 2.0, 2.0, 3.0, 1.0, 3.0]",2.4880001544952393,-2.850616931915283
218,/features/features.11/conv/conv.0/conv.0.0/Conv,Conv,False,True,False,/features/features.10/Add_output_0,0.03436897695064545,0.0020692378748208284,0.09060516953468323,2.208054304122925,28.28675651550293,"[6.0, 0.0, 9.0, 9.0, 17.0, 55.0, 312.0, 1285.0, 2834.0, 2786.0, 1351.0, 405.0, 78.0, 25.0, 14.0, 7.0, 3.0, 1.0, 2.0, 4.0, 1.0, 3.0, 1.0, 0.0, 2.0, 2.0, 1.0, 0.0, 1.0, 0.0, 1.0, 1.0]",1.4208006858825684,-0.5599114298820496,-0.042303331196308136,0.4709218740463257,-0.18747353553771973,1.4701251983642578,"[3.0, 3.0, 1.0, 7.0, 3.0, 9.0, 6.0, 13.0, 24.0, 40.0, 82.0, 114.0, 296.0, 606.0, 752.0, 1108.0, 1440.0, 1228.0, 1126.0, 893.0, 599.0, 448.0, 227.0, 88.0, 49.0, 27.0, 12.0, 5.0, 2.0, 1.0, 3.0, 1.0]",2.3366029262542725,-2.787992238998413,-0.04437257722020149,0.48684003949165344,-0.29866987466812134,2.1582250595092773,"[3.0, 4.0, 8.0, 6.0, 7.0, 13.0, 11.0, 11.0, 22.0, 41.0, 97.0, 159.0, 315.0, 636.0, 896.0, 1241.0, 1433.0, 1285.0, 1018.0, 854.0, 559.0, 310.0, 149.0, 61.0, 34.0, 25.0, 7.0, 2.0, 2.0, 3.0, 1.0, 3.0]",2.4880001544952393,-2.850616931915283
219,/features/features.11/conv/conv.0/conv.0.0/Conv,Conv,True,True,False,onnx::Conv_628,3.925927740056068e-05,-1.0954110621241853e-05,0.00016655332001391798,0.048193082213401794,-0.6013178825378418,"[9.0, 27.0, 18.0, 54.0, 63.0, 117.0, 207.0, 306.0, 342.0, 360.0, 603.0, 387.0, 486.0, 603.0, 585.0, 486.0, 567.0, 459.0, 612.0, 486.0, 423.0, 468.0, 297.0, 360.0, 324.0, 261.0, 117.0, 72.0, 45.0, 27.0, 9.0, 36.0]",0.0004474148154258728,-0.00046871043741703033,-0.001215777243487537,0.026605265215039253,-0.010689271613955498,0.7023756504058838,"[18.0, 27.0, 27.0, 18.0, 45.0, 108.0, 135.0, 252.0, 288.0, 306.0, 405.0, 711.0, 729.0, 927.0, 882.0, 1107.0, 657.0, 666.0, 531.0, 486.0, 324.0, 216.0, 108.0, 63.0, 81.0, 18.0, 45.0, 0.0, 9.0, 9.0, 9.0, 9.0]",0.1055077463388443,-0.0910872220993042,-0.0012048232601955533,0.02661183476448059,-0.007558954879641533,0.7113232612609863,"[27.0, 18.0, 27.0, 18.0, 45.0, 108.0, 144.0, 261.0, 288.0, 315.0, 414.0, 729.0, 720.0, 909.0, 936.0, 1053.0, 639.0, 675.0, 567.0, 486.0, 279.0, 216.0, 99.0, 63.0, 81.0, 18.0, 45.0, 0.0, 9.0, 9.0, 9.0, 9.0]",0.105923131108284,-0.0907314121723175
220,/features/features.11/conv/conv.0/conv.0.0/Conv,Conv,True,True,False,onnx::Conv_629,0.0,0.0,0.0,,,"[0.0, 0.0, 0.0, 0.0, 0.0, 0.0, 0.0, 0.0, 0.0, 0.0, 0.0, 0.0, 0.0, 0.0, 0.0, 0.0, 9216.0, 0.0, 0.0, 0.0, 0.0, 0.0, 0.0, 0.0, 0.0, 0.0, 0.0, 0.0, 0.0, 0.0, 0.0, 0.0]",0.0,0.0,0.06502164155244827,0.0850047767162323,0.3846408426761627,-0.42661166191101074,"[9.0, 0.0, 0.0, 36.0, 63.0, 126.0, 117.0, 198.0, 423.0, 549.0, 603.0, 486.0, 756.0, 801.0, 549.0, 513.0, 468.0, 432.0, 378.0, 468.0, 477.0, 432.0, 171.0, 243.0, 270.0, 216.0, 171.0, 63.0, 108.0, 27.0, 36.0, 27.0]",0.3077908754348755,-0.1686798483133316,0.06502164155244827,0.0850047767162323,0.3846408426761627,-0.42661166191101074,"[9.0, 0.0, 0.0, 36.0, 63.0, 126.0, 117.0, 198.0, 423.0, 549.0, 603.0, 486.0, 756.0, 801.0, 549.0, 513.0, 468.0, 432.0, 378.0, 468.0, 477.0, 432.0, 171.0, 243.0, 270.0, 216.0, 171.0, 63.0, 108.0, 27.0, 36.0, 27.0]",0.3077908754348755,-0.1686798483133316
221,/features/features.11/conv/conv.0/conv.0.0/Conv,Conv,False,False,True,/features/features.11/conv/conv.0/conv.0.0/Conv_output_0,0.019818546250462532,-0.001711518969386816,0.021252237260341644,-0.3456033766269684,29.254261016845703,"[3.0, 2.0, 2.0, 3.0, 2.0, 4.0, 6.0, 6.0, 6.0, 18.0, 24.0, 37.0, 176.0, 899.0, 3286.0, 3503.0, 927.0, 182.0, 54.0, 46.0, 16.0, 4.0, 1.0, 0.0, 0.0, 0.0, 1.0, 0.0, 4.0, 2.0, 0.0, 2.0]",0.26988857984542847,-0.24201273918151855,0.03514410927891731,0.14269261062145233,-0.10181523859500885,0.26851820945739746,"[2.0, 3.0, 6.0, 4.0, 3.0, 7.0, 20.0, 40.0, 50.0, 107.0, 154.0, 258.0, 377.0, 562.0, 742.0, 857.0, 921.0, 929.0, 857.0, 817.0, 718.0, 617.0, 509.0, 316.0, 162.0, 75.0, 30.0, 31.0, 20.0, 11.0, 7.0, 4.0]",0.570259690284729,-0.6148018836975098,0.036855630576610565,0.14689785242080688,-0.12760014832019806,1.1422252655029297,"[1.0, 2.0, 4.0, 2.0, 0.0, 0.0, 2.0, 4.0, 7.0, 11.0, 43.0, 68.0, 175.0, 273.0, 514.0, 727.0, 1106.0, 1199.0, 1174.0, 1129.0, 995.0, 816.0, 530.0, 232.0, 90.0, 50.0, 30.0, 8.0, 6.0, 6.0, 7.0, 5.0]",0.7079843282699585,-0.8702338933944702
222,/features/features.11/conv/conv.0/conv.0.2/Clip,Clip,False,True,False,/features/features.11/conv/conv.0/conv.0.0/Conv_output_0,0.019818546250462532,-0.001711518969386816,0.021252237260341644,-0.3456033766269684,29.254261016845703,"[3.0, 2.0, 2.0, 3.0, 2.0, 4.0, 6.0, 6.0, 6.0, 18.0, 24.0, 37.0, 176.0, 899.0, 3286.0, 3503.0, 927.0, 182.0, 54.0, 46.0, 16.0, 4.0, 1.0, 0.0, 0.0, 0.0, 1.0, 0.0, 4.0, 2.0, 0.0, 2.0]",0.26988857984542847,-0.24201273918151855,0.03514410927891731,0.14269261062145233,-0.10181523859500885,0.26851820945739746,"[2.0, 3.0, 6.0, 4.0, 3.0, 7.0, 20.0, 40.0, 50.0, 107.0, 154.0, 258.0, 377.0, 562.0, 742.0, 857.0, 921.0, 929.0, 857.0, 817.0, 718.0, 617.0, 509.0, 316.0, 162.0, 75.0, 30.0, 31.0, 20.0, 11.0, 7.0, 4.0]",0.570259690284729,-0.6148018836975098,0.036855630576610565,0.14689785242080688,-0.12760014832019806,1.1422252655029297,"[1.0, 2.0, 4.0, 2.0, 0.0, 0.0, 2.0, 4.0, 7.0, 11.0, 43.0, 68.0, 175.0, 273.0, 514.0, 727.0, 1106.0, 1199.0, 1174.0, 1129.0, 995.0, 816.0, 530.0, 232.0, 90.0, 50.0, 30.0, 8.0, 6.0, 6.0, 7.0, 5.0]",0.7079843282699585,-0.8702338933944702
223,/features/features.11/conv/conv.0/conv.0.2/Clip,Clip,True,True,False,/features/features.11/conv/conv.0/conv.0.2/Constant_output_0,0.0,0.0,0.0,,,"[0.0, 0.0, 0.0, 0.0, 0.0, 0.0, 0.0, 0.0, 0.0, 0.0, 0.0, 0.0, 0.0, 0.0, 0.0, 0.0, 9216.0, 0.0, 0.0, 0.0, 0.0, 0.0, 0.0, 0.0, 0.0, 0.0, 0.0, 0.0, 0.0, 0.0, 0.0, 0.0]",0.0,0.0,0.0,0.0,,,"[0.0, 0.0, 0.0, 0.0, 0.0, 0.0, 0.0, 0.0, 0.0, 0.0, 0.0, 0.0, 0.0, 0.0, 0.0, 0.0, 9216.0, 0.0, 0.0, 0.0, 0.0, 0.0, 0.0, 0.0, 0.0, 0.0, 0.0, 0.0, 0.0, 0.0, 0.0, 0.0]",0.0,0.0,0.0,0.0,,,"[0.0, 0.0, 0.0, 0.0, 0.0, 0.0, 0.0, 0.0, 0.0, 0.0, 0.0, 0.0, 0.0, 0.0, 0.0, 0.0, 9216.0, 0.0, 0.0, 0.0, 0.0, 0.0, 0.0, 0.0, 0.0, 0.0, 0.0, 0.0, 0.0, 0.0, 0.0, 0.0]",0.0,0.0
224,/features/features.11/conv/conv.0/conv.0.2/Clip,Clip,True,True,False,/features/features.11/conv/conv.0/conv.0.2/Constant_1_output_0,0.7371716499328613,-5.151522636413574,0.0,,,"[0.0, 0.0, 0.0, 0.0, 0.0, 0.0, 0.0, 0.0, 0.0, 0.0, 0.0, 0.0, 0.0, 0.0, 0.0, 0.0, 9216.0, 0.0, 0.0, 0.0, 0.0, 0.0, 0.0, 0.0, 0.0, 0.0, 0.0, 0.0, 0.0, 0.0, 0.0, 0.0]",-5.151522636413574,-5.151522636413574,0.8484773635864258,1.7882364033994236e-07,0.9998371601104736,-2.0002174377441406,"[0.0, 0.0, 0.0, 0.0, 0.0, 0.0, 0.0, 0.0, 0.0, 0.0, 0.0, 0.0, 0.0, 0.0, 0.0, 0.0, 9216.0, 0.0, 0.0, 0.0, 0.0, 0.0, 0.0, 0.0, 0.0, 0.0, 0.0, 0.0, 0.0, 0.0, 0.0, 0.0]",0.8484775424003601,0.8484775424003601,6.0,0.0,,,"[0.0, 0.0, 0.0, 0.0, 0.0, 0.0, 0.0, 0.0, 0.0, 0.0, 0.0, 0.0, 0.0, 0.0, 0.0, 0.0, 9216.0, 0.0, 0.0, 0.0, 0.0, 0.0, 0.0, 0.0, 0.0, 0.0, 0.0, 0.0, 0.0, 0.0, 0.0, 0.0]",6.0,6.0
225,/features/features.11/conv/conv.0/conv.0.2/Clip,Clip,False,False,True,/features/features.11/conv/conv.0/conv.0.2/Clip_output_0,0.015107059851288795,-0.0020153457298874855,0.015194139443337917,-4.217975616455078,45.192161560058594,"[2.0, 0.0, 3.0, 0.0, 2.0, 1.0, 0.0, 0.0, 2.0, 6.0, 2.0, 6.0, 2.0, 7.0, 11.0, 7.0, 17.0, 15.0, 36.0, 63.0, 162.0, 495.0, 1218.0, 5379.0, 1209.0, 410.0, 114.0, 22.0, 9.0, 7.0, 7.0, 2.0]",0.08433489501476288,-0.23626938462257385,0.07621808350086212,0.09399119019508362,1.259600281715393,1.2479815483093262,"[4161.0, 511.0, 330.0, 457.0, 483.0, 308.0, 424.0, 389.0, 251.0, 341.0, 346.0, 205.0, 280.0, 216.0, 110.0, 124.0, 88.0, 32.0, 35.0, 29.0, 12.0, 19.0, 16.0, 7.0, 12.0, 11.0, 4.0, 5.0, 4.0, 2.0, 2.0, 2.0]",0.5678786635398865,0.0,0.07823342829942703,0.0971054807305336,1.4260480403900146,2.5386714935302734,"[4253.0, 552.0, 500.0, 520.0, 492.0, 491.0, 442.0, 388.0, 359.0, 332.0, 273.0, 196.0, 125.0, 85.0, 48.0, 39.0, 30.0, 21.0, 17.0, 11.0, 10.0, 7.0, 1.0, 4.0, 2.0, 3.0, 3.0, 0.0, 6.0, 2.0, 2.0, 2.0]",0.7079843282699585,0.0
226,/features/features.11/conv/conv.1/conv.1.0/Conv,Conv,False,True,False,/features/features.11/conv/conv.0/conv.0.2/Clip_output_0,0.015107059851288795,-0.0020153457298874855,0.015194139443337917,-4.217975616455078,45.192161560058594,"[2.0, 0.0, 3.0, 0.0, 2.0, 1.0, 0.0, 0.0, 2.0, 6.0, 2.0, 6.0, 2.0, 7.0, 11.0, 7.0, 17.0, 15.0, 36.0, 63.0, 162.0, 495.0, 1218.0, 5379.0, 1209.0, 410.0, 114.0, 22.0, 9.0, 7.0, 7.0, 2.0]",0.08433489501476288,-0.23626938462257385,0.07621808350086212,0.09399119019508362,1.259600281715393,1.2479815483093262,"[4161.0, 511.0, 330.0, 457.0, 483.0, 308.0, 424.0, 389.0, 251.0, 341.0, 346.0, 205.0, 280.0, 216.0, 110.0, 124.0, 88.0, 32.0, 35.0, 29.0, 12.0, 19.0, 16.0, 7.0, 12.0, 11.0, 4.0, 5.0, 4.0, 2.0, 2.0, 2.0]",0.5678786635398865,0.0,0.07823342829942703,0.0971054807305336,1.4260480403900146,2.5386714935302734,"[4253.0, 552.0, 500.0, 520.0, 492.0, 491.0, 442.0, 388.0, 359.0, 332.0, 273.0, 196.0, 125.0, 85.0, 48.0, 39.0, 30.0, 21.0, 17.0, 11.0, 10.0, 7.0, 1.0, 4.0, 2.0, 3.0, 3.0, 0.0, 6.0, 2.0, 2.0, 2.0]",0.7079843282699585,0.0
227,/features/features.11/conv/conv.1/conv.1.0/Conv,Conv,True,True,False,onnx::Conv_631,3.805488086072728e-05,-0.000872676377184689,0.004780369345098734,-0.22302860021591187,0.4505925178527832,"[9.0, 0.0, 18.0, 9.0, 45.0, 18.0, 9.0, 45.0, 36.0, 162.0, 225.0, 333.0, 351.0, 522.0, 567.0, 648.0, 855.0, 945.0, 756.0, 837.0, 855.0, 450.0, 414.0, 504.0, 216.0, 162.0, 90.0, 72.0, 27.0, 0.0, 27.0, 9.0]",0.014650881290435791,-0.020181655883789062,0.05403407663106918,0.7846531867980957,0.6393988132476807,7.97288703918457,"[9.0, 0.0, 18.0, 0.0, 0.0, 0.0, 0.0, 0.0, 9.0, 18.0, 18.0, 54.0, 18.0, 81.0, 117.0, 387.0, 1368.0, 2376.0, 2502.0, 1026.0, 306.0, 198.0, 81.0, 81.0, 198.0, 144.0, 90.0, 45.0, 27.0, 0.0, 0.0, 45.0]",3.9335131645202637,-5.166507720947266,0.05490674823522568,0.7858108282089233,0.6643529534339905,7.9260101318359375,"[9.0, 0.0, 18.0, 0.0, 0.0, 0.0, 0.0, 0.0, 9.0, 18.0, 27.0, 45.0, 18.0, 81.0, 117.0, 441.0, 1413.0, 2394.0, 2466.0, 954.0, 297.0, 198.0, 90.0, 81.0, 189.0, 162.0, 72.0, 45.0, 27.0, 0.0, 0.0, 45.0]",3.9489994049072266,-5.146326065063477
228,/features/features.11/conv/conv.1/conv.1.0/Conv,Conv,True,True,False,onnx::Conv_632,0.0,0.0,0.0,,,"[0.0, 0.0, 0.0, 0.0, 0.0, 0.0, 0.0, 0.0, 0.0, 0.0, 0.0, 0.0, 0.0, 0.0, 0.0, 0.0, 9216.0, 0.0, 0.0, 0.0, 0.0, 0.0, 0.0, 0.0, 0.0, 0.0, 0.0, 0.0, 0.0, 0.0, 0.0, 0.0]",0.0,0.0,0.10512490570545197,0.3566631078720093,0.24980756640434265,1.3717708587646484,"[9.0, 27.0, 18.0, 27.0, 0.0, 0.0, 27.0, 72.0, 45.0, 72.0, 153.0, 459.0, 522.0, 1071.0, 1602.0, 1107.0, 306.0, 297.0, 702.0, 1143.0, 585.0, 279.0, 234.0, 117.0, 117.0, 90.0, 27.0, 0.0, 18.0, 45.0, 36.0, 9.0]",1.456101894378662,-1.3120837211608887,0.10512490570545197,0.3566631078720093,0.24980756640434265,1.3717708587646484,"[9.0, 27.0, 18.0, 27.0, 0.0, 0.0, 27.0, 72.0, 45.0, 72.0, 153.0, 459.0, 522.0, 1071.0, 1602.0, 1107.0, 306.0, 297.0, 702.0, 1143.0, 585.0, 279.0, 234.0, 117.0, 117.0, 90.0, 27.0, 0.0, 18.0, 45.0, 36.0, 9.0]",1.456101894378662,-1.3120837211608887
229,/features/features.11/conv/conv.1/conv.1.0/Conv,Conv,False,False,True,/features/features.11/conv/conv.1/conv.1.0/Conv_output_0,0.017962457612156868,-0.0013841302134096622,0.03179226443171501,-1.5725315809249878,25.955623626708984,"[2.0, 1.0, 1.0, 0.0, 1.0, 4.0, 4.0, 2.0, 2.0, 6.0, 4.0, 11.0, 16.0, 22.0, 22.0, 45.0, 113.0, 331.0, 1004.0, 4625.0, 1944.0, 700.0, 201.0, 81.0, 28.0, 10.0, 4.0, 6.0, 8.0, 7.0, 7.0, 4.0]",0.2458898425102234,-0.4018266201019287,0.07682029902935028,0.2215418666601181,0.2813203036785126,-0.1666407585144043,"[7.0, 13.0, 19.0, 27.0, 61.0, 74.0, 168.0, 151.0, 470.0, 531.0, 787.0, 905.0, 1208.0, 672.0, 483.0, 519.0, 537.0, 527.0, 581.0, 465.0, 317.0, 288.0, 178.0, 85.0, 58.0, 34.0, 21.0, 11.0, 11.0, 4.0, 3.0, 1.0]",0.9602516293525696,-0.6218349933624268,0.0782044306397438,0.22418764233589172,0.3654688596725464,0.2174239158630371,"[8.0, 15.0, 24.0, 63.0, 83.0, 187.0, 266.0, 551.0, 820.0, 1081.0, 1342.0, 759.0, 617.0, 637.0, 599.0, 703.0, 523.0, 393.0, 266.0, 111.0, 76.0, 33.0, 24.0, 14.0, 10.0, 2.0, 0.0, 0.0, 1.0, 4.0, 2.0, 2.0]",1.2621922492980957,-0.6243672966957092
230,/features/features.11/conv/conv.1/conv.1.2/Clip,Clip,False,True,False,/features/features.11/conv/conv.1/conv.1.0/Conv_output_0,0.017962457612156868,-0.0013841302134096622,0.03179226443171501,-1.5725315809249878,25.955623626708984,"[2.0, 1.0, 1.0, 0.0, 1.0, 4.0, 4.0, 2.0, 2.0, 6.0, 4.0, 11.0, 16.0, 22.0, 22.0, 45.0, 113.0, 331.0, 1004.0, 4625.0, 1944.0, 700.0, 201.0, 81.0, 28.0, 10.0, 4.0, 6.0, 8.0, 7.0, 7.0, 4.0]",0.2458898425102234,-0.4018266201019287,0.07682029902935028,0.2215418666601181,0.2813203036785126,-0.1666407585144043,"[7.0, 13.0, 19.0, 27.0, 61.0, 74.0, 168.0, 151.0, 470.0, 531.0, 787.0, 905.0, 1208.0, 672.0, 483.0, 519.0, 537.0, 527.0, 581.0, 465.0, 317.0, 288.0, 178.0, 85.0, 58.0, 34.0, 21.0, 11.0, 11.0, 4.0, 3.0, 1.0]",0.9602516293525696,-0.6218349933624268,0.0782044306397438,0.22418764233589172,0.3654688596725464,0.2174239158630371,"[8.0, 15.0, 24.0, 63.0, 83.0, 187.0, 266.0, 551.0, 820.0, 1081.0, 1342.0, 759.0, 617.0, 637.0, 599.0, 703.0, 523.0, 393.0, 266.0, 111.0, 76.0, 33.0, 24.0, 14.0, 10.0, 2.0, 0.0, 0.0, 1.0, 4.0, 2.0, 2.0]",1.2621922492980957,-0.6243672966957092
231,/features/features.11/conv/conv.1/conv.1.2/Clip,Clip,True,True,False,/features/features.11/conv/conv.1/conv.1.2/Constant_output_0,0.0,0.0,0.0,,,"[0.0, 0.0, 0.0, 0.0, 0.0, 0.0, 0.0, 0.0, 0.0, 0.0, 0.0, 0.0, 0.0, 0.0, 0.0, 0.0, 9216.0, 0.0, 0.0, 0.0, 0.0, 0.0, 0.0, 0.0, 0.0, 0.0, 0.0, 0.0, 0.0, 0.0, 0.0, 0.0]",0.0,0.0,0.0,0.0,,,"[0.0, 0.0, 0.0, 0.0, 0.0, 0.0, 0.0, 0.0, 0.0, 0.0, 0.0, 0.0, 0.0, 0.0, 0.0, 0.0, 9216.0, 0.0, 0.0, 0.0, 0.0, 0.0, 0.0, 0.0, 0.0, 0.0, 0.0, 0.0, 0.0, 0.0, 0.0, 0.0]",0.0,0.0,0.0,0.0,,,"[0.0, 0.0, 0.0, 0.0, 0.0, 0.0, 0.0, 0.0, 0.0, 0.0, 0.0, 0.0, 0.0, 0.0, 0.0, 0.0, 9216.0, 0.0, 0.0, 0.0, 0.0, 0.0, 0.0, 0.0, 0.0, 0.0, 0.0, 0.0, 0.0, 0.0, 0.0, 0.0]",0.0,0.0
232,/features/features.11/conv/conv.1/conv.1.2/Clip,Clip,True,True,False,/features/features.11/conv/conv.1/conv.1.2/Constant_1_output_0,0.5196545124053955,-4.325225353240967,1.4305891227195389e-06,0.9998371601104736,-2.0002174377441406,"[0.0, 0.0, 0.0, 0.0, 0.0, 0.0, 0.0, 0.0, 0.0, 0.0, 0.0, 0.0, 0.0, 0.0, 0.0, 0.0, 9216.0, 0.0, 0.0, 0.0, 0.0, 0.0, 0.0, 0.0, 0.0, 0.0, 0.0, 0.0, 0.0, 0.0, 0.0, 0.0]",-4.325223922729492,-4.325223922729492,1.6747759580612183,0.0,,,"[0.0, 0.0, 0.0, 0.0, 0.0, 0.0, 0.0, 0.0, 0.0, 0.0, 0.0, 0.0, 0.0, 0.0, 0.0, 0.0, 9216.0, 0.0, 0.0, 0.0, 0.0, 0.0, 0.0, 0.0, 0.0, 0.0, 0.0, 0.0, 0.0, 0.0, 0.0, 0.0]",1.6747759580612183,1.6747759580612183,6.0,0.0,,,"[0.0, 0.0, 0.0, 0.0, 0.0, 0.0, 0.0, 0.0, 0.0, 0.0, 0.0, 0.0, 0.0, 0.0, 0.0, 0.0, 9216.0, 0.0, 0.0, 0.0, 0.0, 0.0, 0.0, 0.0, 0.0, 0.0, 0.0, 0.0, 0.0, 0.0, 0.0, 0.0]",6.0,6.0
233,/features/features.11/conv/conv.1/conv.1.2/Clip,Clip,False,False,True,/features/features.11/conv/conv.1/conv.1.2/Clip_output_0,0.013725780881941319,-0.0014164837775751948,0.024898990988731384,-3.953077554702759,51.39044189453125,"[2.0, 1.0, 1.0, 0.0, 0.0, 2.0, 3.0, 4.0, 0.0, 0.0, 3.0, 4.0, 5.0, 4.0, 12.0, 11.0, 11.0, 25.0, 50.0, 134.0, 385.0, 920.0, 6172.0, 980.0, 316.0, 91.0, 40.0, 23.0, 4.0, 4.0, 2.0, 7.0]",0.17143376171588898,-0.40535980463027954,0.12920206785202026,0.1649937480688095,1.176006555557251,0.6594531536102295,"[4558.0, 385.0, 292.0, 401.0, 285.0, 245.0, 331.0, 378.0, 306.0, 311.0, 419.0, 264.0, 202.0, 142.0, 256.0, 105.0, 95.0, 76.0, 35.0, 28.0, 29.0, 23.0, 12.0, 8.0, 9.0, 7.0, 5.0, 3.0, 3.0, 2.0, 0.0, 1.0]",0.9626664519309998,0.0,0.13061854243278503,0.1680794060230255,1.3132030963897705,1.71980619430542,"[4622.0, 520.0, 433.0, 381.0, 471.0, 362.0, 455.0, 476.0, 367.0, 311.0, 258.0, 176.0, 137.0, 75.0, 52.0, 41.0, 18.0, 20.0, 12.0, 8.0, 8.0, 2.0, 1.0, 1.0, 0.0, 0.0, 1.0, 1.0, 3.0, 0.0, 2.0, 2.0]",1.2621922492980957,0.0
234,/features/features.11/conv/conv.2/Conv,Conv,False,True,False,/features/features.11/conv/conv.1/conv.1.2/Clip_output_0,0.013725780881941319,-0.0014164837775751948,0.024898990988731384,-3.953077554702759,51.39044189453125,"[2.0, 1.0, 1.0, 0.0, 0.0, 2.0, 3.0, 4.0, 0.0, 0.0, 3.0, 4.0, 5.0, 4.0, 12.0, 11.0, 11.0, 25.0, 50.0, 134.0, 385.0, 920.0, 6172.0, 980.0, 316.0, 91.0, 40.0, 23.0, 4.0, 4.0, 2.0, 7.0]",0.17143376171588898,-0.40535980463027954,0.12920206785202026,0.1649937480688095,1.176006555557251,0.6594531536102295,"[4558.0, 385.0, 292.0, 401.0, 285.0, 245.0, 331.0, 378.0, 306.0, 311.0, 419.0, 264.0, 202.0, 142.0, 256.0, 105.0, 95.0, 76.0, 35.0, 28.0, 29.0, 23.0, 12.0, 8.0, 9.0, 7.0, 5.0, 3.0, 3.0, 2.0, 0.0, 1.0]",0.9626664519309998,0.0,0.13061854243278503,0.1680794060230255,1.3132030963897705,1.71980619430542,"[4622.0, 520.0, 433.0, 381.0, 471.0, 362.0, 455.0, 476.0, 367.0, 311.0, 258.0, 176.0, 137.0, 75.0, 52.0, 41.0, 18.0, 20.0, 12.0, 8.0, 8.0, 2.0, 1.0, 1.0, 0.0, 0.0, 1.0, 1.0, 3.0, 0.0, 2.0, 2.0]",1.2621922492980957,0.0
235,/features/features.11/conv/conv.2/Conv,Conv,True,True,False,onnx::Conv_634,7.028622349025682e-05,1.9700269149325322e-06,0.0007046809187158942,0.01752612739801407,-0.9592294692993164,"[9.0, 0.0, 45.0, 72.0, 108.0, 288.0, 450.0, 495.0, 477.0, 477.0, 468.0, 567.0, 504.0, 495.0, 396.0, 369.0, 531.0, 459.0, 558.0, 531.0, 513.0, 531.0, 324.0, 297.0, 99.0, 99.0, 18.0, 9.0, 9.0, 9.0, 0.0, 9.0]",0.0021710065193474293,-0.001793794333934784,-0.0026534453500062227,0.08401425927877426,0.11269590258598328,0.35793590545654297,"[27.0, 0.0, 0.0, 36.0, 90.0, 207.0, 180.0, 252.0, 270.0, 432.0, 603.0, 783.0, 927.0, 828.0, 936.0, 846.0, 729.0, 540.0, 441.0, 351.0, 234.0, 135.0, 144.0, 72.0, 63.0, 54.0, 18.0, 9.0, 0.0, 0.0, 0.0, 9.0]",0.3459184467792511,-0.2737969160079956,-0.002655415330082178,0.08401218056678772,0.11347942799329758,0.3646414279937744,"[27.0, 0.0, 0.0, 36.0, 81.0, 225.0, 180.0, 225.0, 288.0, 441.0, 585.0, 801.0, 909.0, 855.0, 927.0, 855.0, 729.0, 549.0, 441.0, 333.0, 225.0, 144.0, 135.0, 72.0, 63.0, 54.0, 18.0, 9.0, 0.0, 0.0, 0.0, 9.0]",0.3472803235054016,-0.2744080424308777
236,/features/features.11/conv/conv.2/Conv,Conv,True,True,False,onnx::Conv_635,0.0,0.0,0.0,,,"[0.0, 0.0, 0.0, 0.0, 0.0, 0.0, 0.0, 0.0, 0.0, 0.0, 0.0, 0.0, 0.0, 0.0, 0.0, 0.0, 9216.0, 0.0, 0.0, 0.0, 0.0, 0.0, 0.0, 0.0, 0.0, 0.0, 0.0, 0.0, 0.0, 0.0, 0.0, 0.0]",0.0,0.0,-0.05741417407989502,0.31653615832328796,0.20045700669288635,-0.23949933052062988,"[216.0, 180.0, 117.0, 234.0, 270.0, 198.0, 207.0, 351.0, 396.0, 585.0, 396.0, 477.0, 531.0, 648.0, 549.0, 333.0, 531.0, 639.0, 333.0, 180.0, 585.0, 90.0, 369.0, 216.0, 153.0, 63.0, 0.0, 126.0, 72.0, 0.0, 72.0, 99.0]",0.7849583029747009,-0.7074743509292603,-0.05741417407989502,0.31653615832328796,0.20045700669288635,-0.23949933052062988,"[216.0, 180.0, 117.0, 234.0, 270.0, 198.0, 207.0, 351.0, 396.0, 585.0, 396.0, 477.0, 531.0, 648.0, 549.0, 333.0, 531.0, 639.0, 333.0, 180.0, 585.0, 90.0, 369.0, 216.0, 153.0, 63.0, 0.0, 126.0, 72.0, 0.0, 72.0, 99.0]",0.7849583029747009,-0.7074743509292603
237,/features/features.11/conv/conv.2/Conv,Conv,False,False,True,/features/features.11/conv/conv.2/Conv_output_0,0.03481128066778183,-0.001830997527576983,0.046830303966999054,-1.3279980421066284,12.705982208251953,"[3.0, 2.0, 2.0, 1.0, 6.0, 1.0, 7.0, 3.0, 2.0, 3.0, 7.0, 5.0, 13.0, 29.0, 62.0, 187.0, 560.0, 1432.0, 2334.0, 2235.0, 1416.0, 583.0, 215.0, 65.0, 17.0, 7.0, 8.0, 4.0, 6.0, 0.0, 0.0, 1.0]",0.3265169560909271,-0.4794449806213379,0.044362202286720276,0.23411302268505096,0.22826817631721497,0.7165336608886719,"[1.0, 1.0, 7.0, 14.0, 17.0, 23.0, 45.0, 85.0, 215.0, 431.0, 667.0, 946.0, 1096.0, 1068.0, 1042.0, 1005.0, 858.0, 650.0, 414.0, 270.0, 155.0, 90.0, 55.0, 27.0, 15.0, 7.0, 4.0, 1.0, 0.0, 2.0, 3.0, 2.0]",1.3304747343063354,-0.9728202819824219,0.0461931936442852,0.2469034641981125,0.42271196842193604,1.8220601081848145,"[2.0, 5.0, 14.0, 17.0, 28.0, 37.0, 95.0, 281.0, 644.0, 984.0, 1223.0, 1265.0, 1250.0, 1144.0, 900.0, 581.0, 340.0, 194.0, 99.0, 41.0, 22.0, 16.0, 7.0, 11.0, 5.0, 2.0, 1.0, 2.0, 3.0, 1.0, 0.0, 2.0]",1.764383316040039,-1.002744197845459
238,/features/features.12/conv/conv.0/conv.0.0/Conv,Conv,False,True,False,/features/features.11/conv/conv.2/Conv_output_0,0.03481128066778183,-0.001830997527576983,0.046830303966999054,-1.3279980421066284,12.705982208251953,"[3.0, 2.0, 2.0, 1.0, 6.0, 1.0, 7.0, 3.0, 2.0, 3.0, 7.0, 5.0, 13.0, 29.0, 62.0, 187.0, 560.0, 1432.0, 2334.0, 2235.0, 1416.0, 583.0, 215.0, 65.0, 17.0, 7.0, 8.0, 4.0, 6.0, 0.0, 0.0, 1.0]",0.3265169560909271,-0.4794449806213379,0.044362202286720276,0.23411302268505096,0.22826817631721497,0.7165336608886719,"[1.0, 1.0, 7.0, 14.0, 17.0, 23.0, 45.0, 85.0, 215.0, 431.0, 667.0, 946.0, 1096.0, 1068.0, 1042.0, 1005.0, 858.0, 650.0, 414.0, 270.0, 155.0, 90.0, 55.0, 27.0, 15.0, 7.0, 4.0, 1.0, 0.0, 2.0, 3.0, 2.0]",1.3304747343063354,-0.9728202819824219,0.0461931936442852,0.2469034641981125,0.42271196842193604,1.8220601081848145,"[2.0, 5.0, 14.0, 17.0, 28.0, 37.0, 95.0, 281.0, 644.0, 984.0, 1223.0, 1265.0, 1250.0, 1144.0, 900.0, 581.0, 340.0, 194.0, 99.0, 41.0, 22.0, 16.0, 7.0, 11.0, 5.0, 2.0, 1.0, 2.0, 3.0, 1.0, 0.0, 2.0]",1.764383316040039,-1.002744197845459
239,/features/features.12/conv/conv.0/conv.0.0/Conv,Conv,True,True,False,onnx::Conv_637,3.985850707977079e-05,5.9907283684879076e-06,0.0001874710724223405,-0.10117755830287933,-0.8210647106170654,"[9.0, 9.0, 27.0, 54.0, 126.0, 99.0, 180.0, 225.0, 396.0, 378.0, 369.0, 414.0, 423.0, 387.0, 513.0, 414.0, 567.0, 423.0, 369.0, 450.0, 567.0, 513.0, 504.0, 360.0, 432.0, 360.0, 207.0, 234.0, 108.0, 63.0, 18.0, 18.0]",0.0004516318440437317,-0.0004992187023162842,-5.246983710094355e-05,0.029717441648244858,-0.022144343703985214,0.7697458267211914,"[9.0, 27.0, 18.0, 9.0, 9.0, 36.0, 144.0, 81.0, 216.0, 396.0, 432.0, 648.0, 819.0, 720.0, 954.0, 1026.0, 891.0, 882.0, 576.0, 459.0, 297.0, 261.0, 117.0, 63.0, 36.0, 45.0, 0.0, 27.0, 0.0, 9.0, 0.0, 9.0]",0.12680141627788544,-0.11157240718603134,-5.8460733271203935e-05,0.02970944717526436,-0.01809476502239704,0.7746119499206543,"[9.0, 27.0, 9.0, 18.0, 9.0, 36.0, 144.0, 81.0, 207.0, 405.0, 441.0, 648.0, 819.0, 720.0, 945.0, 1035.0, 909.0, 864.0, 576.0, 459.0, 297.0, 252.0, 126.0, 54.0, 36.0, 45.0, 9.0, 18.0, 0.0, 9.0, 0.0, 9.0]",0.12730063498020172,-0.11189170926809311
240,/features/features.12/conv/conv.0/conv.0.0/Conv,Conv,True,True,False,onnx::Conv_638,0.0,0.0,0.0,,,"[0.0, 0.0, 0.0, 0.0, 0.0, 0.0, 0.0, 0.0, 0.0, 0.0, 0.0, 0.0, 0.0, 0.0, 0.0, 0.0, 9216.0, 0.0, 0.0, 0.0, 0.0, 0.0, 0.0, 0.0, 0.0, 0.0, 0.0, 0.0, 0.0, 0.0, 0.0, 0.0]",0.0,0.0,0.009775730781257153,0.08702779561281204,-0.6891828179359436,7.034778594970703,"[18.0, 0.0, 0.0, 0.0, 0.0, 0.0, 0.0, 0.0, 0.0, 0.0, 0.0, 0.0, 0.0, 0.0, 18.0, 9.0, 27.0, 90.0, 162.0, 288.0, 909.0, 1224.0, 1656.0, 1242.0, 909.0, 774.0, 675.0, 504.0, 441.0, 171.0, 45.0, 54.0]",0.2574358880519867,-0.6794772744178772,0.009775730781257153,0.08702779561281204,-0.6891828179359436,7.034778594970703,"[18.0, 0.0, 0.0, 0.0, 0.0, 0.0, 0.0, 0.0, 0.0, 0.0, 0.0, 0.0, 0.0, 0.0, 18.0, 9.0, 27.0, 90.0, 162.0, 288.0, 909.0, 1224.0, 1656.0, 1242.0, 909.0, 774.0, 675.0, 504.0, 441.0, 171.0, 45.0, 54.0]",0.2574358880519867,-0.6794772744178772
241,/features/features.12/conv/conv.0/conv.0.0/Conv,Conv,False,False,True,/features/features.12/conv/conv.0/conv.0.0/Conv_output_0,0.017606675624847412,-0.0014357607578858733,0.015781959518790245,-3.407594919204712,36.7162971496582,"[1.0, 0.0, 0.0, 0.0, 3.0, 1.0, 2.0, 0.0, 0.0, 3.0, 1.0, 6.0, 1.0, 2.0, 4.0, 3.0, 11.0, 11.0, 13.0, 21.0, 38.0, 111.0, 321.0, 1248.0, 3175.0, 2914.0, 984.0, 244.0, 62.0, 25.0, 9.0, 2.0]",0.07268893718719482,-0.2577897310256958,0.021712439134716988,0.11393482983112335,-0.6040868759155273,7.308753967285156,"[1.0, 4.0, 3.0, 1.0, 5.0, 3.0, 1.0, 0.0, 0.0, 0.0, 0.0, 0.0, 2.0, 17.0, 41.0, 160.0, 586.0, 1003.0, 1660.0, 1916.0, 1550.0, 1155.0, 745.0, 238.0, 55.0, 25.0, 27.0, 6.0, 3.0, 3.0, 3.0, 3.0]",0.6893783807754517,-1.037824034690857,0.023148201406002045,0.11716461181640625,-0.4167858362197876,7.244908332824707,"[1.0, 2.0, 5.0, 0.0, 5.0, 4.0, 1.0, 0.0, 0.0, 0.0, 0.0, 1.0, 2.0, 34.0, 75.0, 280.0, 782.0, 1303.0, 1959.0, 1822.0, 1354.0, 1005.0, 381.0, 94.0, 27.0, 28.0, 24.0, 13.0, 4.0, 6.0, 3.0, 1.0]",0.746252179145813,-1.0528874397277832
242,/features/features.12/conv/conv.0/conv.0.2/Clip,Clip,False,True,False,/features/features.12/conv/conv.0/conv.0.0/Conv_output_0,0.017606675624847412,-0.0014357607578858733,0.015781959518790245,-3.407594919204712,36.7162971496582,"[1.0, 0.0, 0.0, 0.0, 3.0, 1.0, 2.0, 0.0, 0.0, 3.0, 1.0, 6.0, 1.0, 2.0, 4.0, 3.0, 11.0, 11.0, 13.0, 21.0, 38.0, 111.0, 321.0, 1248.0, 3175.0, 2914.0, 984.0, 244.0, 62.0, 25.0, 9.0, 2.0]",0.07268893718719482,-0.2577897310256958,0.021712439134716988,0.11393482983112335,-0.6040868759155273,7.308753967285156,"[1.0, 4.0, 3.0, 1.0, 5.0, 3.0, 1.0, 0.0, 0.0, 0.0, 0.0, 0.0, 2.0, 17.0, 41.0, 160.0, 586.0, 1003.0, 1660.0, 1916.0, 1550.0, 1155.0, 745.0, 238.0, 55.0, 25.0, 27.0, 6.0, 3.0, 3.0, 3.0, 3.0]",0.6893783807754517,-1.037824034690857,0.023148201406002045,0.11716461181640625,-0.4167858362197876,7.244908332824707,"[1.0, 2.0, 5.0, 0.0, 5.0, 4.0, 1.0, 0.0, 0.0, 0.0, 0.0, 1.0, 2.0, 34.0, 75.0, 280.0, 782.0, 1303.0, 1959.0, 1822.0, 1354.0, 1005.0, 381.0, 94.0, 27.0, 28.0, 24.0, 13.0, 4.0, 6.0, 3.0, 1.0]",0.746252179145813,-1.0528874397277832
243,/features/features.12/conv/conv.0/conv.0.2/Clip,Clip,True,True,False,/features/features.12/conv/conv.0/conv.0.2/Constant_output_0,0.0,0.0,0.0,,,"[0.0, 0.0, 0.0, 0.0, 0.0, 0.0, 0.0, 0.0, 0.0, 0.0, 0.0, 0.0, 0.0, 0.0, 0.0, 0.0, 9216.0, 0.0, 0.0, 0.0, 0.0, 0.0, 0.0, 0.0, 0.0, 0.0, 0.0, 0.0, 0.0, 0.0, 0.0, 0.0]",0.0,0.0,0.0,0.0,,,"[0.0, 0.0, 0.0, 0.0, 0.0, 0.0, 0.0, 0.0, 0.0, 0.0, 0.0, 0.0, 0.0, 0.0, 0.0, 0.0, 9216.0, 0.0, 0.0, 0.0, 0.0, 0.0, 0.0, 0.0, 0.0, 0.0, 0.0, 0.0, 0.0, 0.0, 0.0, 0.0]",0.0,0.0,0.0,0.0,,,"[0.0, 0.0, 0.0, 0.0, 0.0, 0.0, 0.0, 0.0, 0.0, 0.0, 0.0, 0.0, 0.0, 0.0, 0.0, 0.0, 9216.0, 0.0, 0.0, 0.0, 0.0, 0.0, 0.0, 0.0, 0.0, 0.0, 0.0, 0.0, 0.0, 0.0, 0.0, 0.0]",0.0,0.0
244,/features/features.12/conv/conv.0/conv.0.2/Clip,Clip,True,True,False,/features/features.12/conv/conv.0/conv.0.2/Constant_1_output_0,0.7449061274528503,-5.178476810455322,0.0,,,"[0.0, 0.0, 0.0, 0.0, 0.0, 0.0, 0.0, 0.0, 0.0, 0.0, 0.0, 0.0, 0.0, 0.0, 0.0, 0.0, 9216.0, 0.0, 0.0, 0.0, 0.0, 0.0, 0.0, 0.0, 0.0, 0.0, 0.0, 0.0, 0.0, 0.0, 0.0, 0.0]",-5.178476810455322,-5.178476810455322,0.8215229511260986,1.1921575548967667e-07,0.9998371601104736,-2.0002174377441406,"[0.0, 0.0, 0.0, 0.0, 0.0, 0.0, 0.0, 0.0, 0.0, 0.0, 0.0, 0.0, 0.0, 0.0, 0.0, 0.0, 9216.0, 0.0, 0.0, 0.0, 0.0, 0.0, 0.0, 0.0, 0.0, 0.0, 0.0, 0.0, 0.0, 0.0, 0.0, 0.0]",0.8215230703353882,0.8215230703353882,6.0,0.0,,,"[0.0, 0.0, 0.0, 0.0, 0.0, 0.0, 0.0, 0.0, 0.0, 0.0, 0.0, 0.0, 0.0, 0.0, 0.0, 0.0, 9216.0, 0.0, 0.0, 0.0, 0.0, 0.0, 0.0, 0.0, 0.0, 0.0, 0.0, 0.0, 0.0, 0.0, 0.0, 0.0]",6.0,6.0
245,/features/features.12/conv/conv.0/conv.0.2/Clip,Clip,False,False,True,/features/features.12/conv/conv.0/conv.0.2/Clip_output_0,0.020035410299897194,-0.0014880148228257895,0.013401043601334095,-5.776432037353516,70.88875579833984,"[1.0, 0.0, 0.0, 0.0, 3.0, 2.0, 1.0, 0.0, 0.0, 2.0, 2.0, 3.0, 4.0, 1.0, 2.0, 5.0, 6.0, 9.0, 10.0, 11.0, 26.0, 49.0, 86.0, 254.0, 914.0, 5796.0, 1466.0, 438.0, 93.0, 21.0, 7.0, 4.0]",0.0617406964302063,-0.25551268458366394,0.05452057719230652,0.07319719344377518,1.8400540351867676,5.541987419128418,"[4736.0, 675.0, 778.0, 548.0, 495.0, 543.0, 375.0, 341.0, 313.0, 127.0, 96.0, 71.0, 27.0, 15.0, 11.0, 13.0, 7.0, 15.0, 11.0, 3.0, 3.0, 1.0, 1.0, 2.0, 0.0, 2.0, 1.0, 2.0, 0.0, 1.0, 2.0, 1.0]",0.6921494007110596,0.0,0.05600859224796295,0.07705031335353851,2.098374366760254,7.286504745483398,"[4722.0, 810.0, 692.0, 625.0, 558.0, 497.0, 414.0, 347.0, 195.0, 127.0, 75.0, 41.0, 10.0, 16.0, 7.0, 9.0, 11.0, 15.0, 9.0, 9.0, 5.0, 7.0, 1.0, 2.0, 2.0, 4.0, 2.0, 2.0, 1.0, 0.0, 0.0, 1.0]",0.746252179145813,0.0
246,/features/features.12/conv/conv.1/conv.1.0/Conv,Conv,False,True,False,/features/features.12/conv/conv.0/conv.0.2/Clip_output_0,0.020035410299897194,-0.0014880148228257895,0.013401043601334095,-5.776432037353516,70.88875579833984,"[1.0, 0.0, 0.0, 0.0, 3.0, 2.0, 1.0, 0.0, 0.0, 2.0, 2.0, 3.0, 4.0, 1.0, 2.0, 5.0, 6.0, 9.0, 10.0, 11.0, 26.0, 49.0, 86.0, 254.0, 914.0, 5796.0, 1466.0, 438.0, 93.0, 21.0, 7.0, 4.0]",0.0617406964302063,-0.25551268458366394,0.05452057719230652,0.07319719344377518,1.8400540351867676,5.541987419128418,"[4736.0, 675.0, 778.0, 548.0, 495.0, 543.0, 375.0, 341.0, 313.0, 127.0, 96.0, 71.0, 27.0, 15.0, 11.0, 13.0, 7.0, 15.0, 11.0, 3.0, 3.0, 1.0, 1.0, 2.0, 0.0, 2.0, 1.0, 2.0, 0.0, 1.0, 2.0, 1.0]",0.6921494007110596,0.0,0.05600859224796295,0.07705031335353851,2.098374366760254,7.286504745483398,"[4722.0, 810.0, 692.0, 625.0, 558.0, 497.0, 414.0, 347.0, 195.0, 127.0, 75.0, 41.0, 10.0, 16.0, 7.0, 9.0, 11.0, 15.0, 9.0, 9.0, 5.0, 7.0, 1.0, 2.0, 2.0, 4.0, 2.0, 2.0, 1.0, 0.0, 0.0, 1.0]",0.746252179145813,0.0
247,/features/features.12/conv/conv.1/conv.1.0/Conv,Conv,True,True,False,onnx::Conv_640,2.555179707997013e-05,-0.0008598362328484654,0.0054252007976174355,-0.8136681318283081,4.750278949737549,"[18.0, 0.0, 0.0, 0.0, 0.0, 0.0, 0.0, 0.0, 9.0, 9.0, 0.0, 0.0, 9.0, 36.0, 54.0, 99.0, 288.0, 333.0, 639.0, 684.0, 873.0, 1251.0, 1521.0, 1305.0, 792.0, 423.0, 486.0, 198.0, 90.0, 36.0, 36.0, 27.0]",0.01638355851173401,-0.038733482360839844,0.07841631025075912,1.083005428314209,-0.5964677333831787,16.235307693481445,"[18.0, 0.0, 0.0, 0.0, 0.0, 0.0, 0.0, 0.0, 0.0, 0.0, 0.0, 0.0, 9.0, 9.0, 63.0, 81.0, 207.0, 333.0, 2340.0, 2763.0, 1584.0, 765.0, 405.0, 207.0, 234.0, 99.0, 45.0, 27.0, 9.0, 0.0, 9.0, 9.0]",6.21272611618042,-9.915803909301758,0.07927612960338593,1.0837618112564087,-0.5637435913085938,16.023412704467773,"[18.0, 0.0, 0.0, 0.0, 0.0, 0.0, 0.0, 0.0, 0.0, 0.0, 0.0, 0.0, 9.0, 9.0, 63.0, 90.0, 198.0, 405.0, 2601.0, 2547.0, 1521.0, 720.0, 423.0, 189.0, 234.0, 99.0, 36.0, 27.0, 9.0, 0.0, 9.0, 9.0]",6.237185955047607,-9.877070426940918
248,/features/features.12/conv/conv.1/conv.1.0/Conv,Conv,True,True,False,onnx::Conv_641,0.0,0.0,0.0,,,"[0.0, 0.0, 0.0, 0.0, 0.0, 0.0, 0.0, 0.0, 0.0, 0.0, 0.0, 0.0, 0.0, 0.0, 0.0, 0.0, 9216.0, 0.0, 0.0, 0.0, 0.0, 0.0, 0.0, 0.0, 0.0, 0.0, 0.0, 0.0, 0.0, 0.0, 0.0, 0.0]",0.0,0.0,0.01811729371547699,0.24321217834949493,0.3290732800960541,1.760378360748291,"[9.0, 0.0, 0.0, 0.0, 0.0, 0.0, 0.0, 0.0, 36.0, 18.0, 45.0, 180.0, 297.0, 783.0, 657.0, 1431.0, 1926.0, 486.0, 342.0, 1098.0, 1134.0, 297.0, 207.0, 117.0, 45.0, 36.0, 18.0, 9.0, 27.0, 0.0, 0.0, 18.0]",1.1788777112960815,-1.328704833984375,0.01811729371547699,0.24321217834949493,0.3290732800960541,1.760378360748291,"[9.0, 0.0, 0.0, 0.0, 0.0, 0.0, 0.0, 0.0, 36.0, 18.0, 45.0, 180.0, 297.0, 783.0, 657.0, 1431.0, 1926.0, 486.0, 342.0, 1098.0, 1134.0, 297.0, 207.0, 117.0, 45.0, 36.0, 18.0, 9.0, 27.0, 0.0, 0.0, 18.0]",1.1788777112960815,-1.328704833984375
249,/features/features.12/conv/conv.1/conv.1.0/Conv,Conv,False,False,True,/features/features.12/conv/conv.1/conv.1.0/Conv_output_0,0.026208743453025818,-0.003284900449216366,0.030608730390667915,-3.234144687652588,49.4684944152832,"[1.0, 1.0, 0.0, 3.0, 1.0, 1.0, 3.0, 3.0, 1.0, 1.0, 8.0, 13.0, 11.0, 20.0, 36.0, 79.0, 277.0, 1348.0, 5864.0, 1272.0, 209.0, 40.0, 12.0, 3.0, 1.0, 0.0, 2.0, 0.0, 4.0, 1.0, 0.0, 1.0]",0.368754118680954,-0.508104681968689,0.01888703741133213,0.1808992475271225,0.2893276512622833,0.8094961643218994,"[5.0, 3.0, 5.0, 3.0, 11.0, 20.0, 42.0, 146.0, 236.0, 427.0, 598.0, 877.0, 1022.0, 1334.0, 930.0, 781.0, 746.0, 805.0, 622.0, 263.0, 114.0, 85.0, 59.0, 26.0, 15.0, 8.0, 6.0, 9.0, 12.0, 3.0, 1.0, 2.0]",0.9660593867301941,-0.7372119426727295,0.02217193692922592,0.18885843455791473,0.5811261534690857,2.289046287536621,"[7.0, 6.0, 4.0, 6.0, 28.0, 60.0, 190.0, 348.0, 547.0, 890.0, 1163.0, 1460.0, 1100.0, 847.0, 855.0, 900.0, 393.0, 153.0, 106.0, 53.0, 20.0, 16.0, 13.0, 9.0, 6.0, 10.0, 8.0, 10.0, 4.0, 0.0, 2.0, 2.0]",1.2390958070755005,-0.7282595038414001
250,/features/features.12/conv/conv.1/conv.1.2/Clip,Clip,False,True,False,/features/features.12/conv/conv.1/conv.1.0/Conv_output_0,0.026208743453025818,-0.003284900449216366,0.030608730390667915,-3.234144687652588,49.4684944152832,"[1.0, 1.0, 0.0, 3.0, 1.0, 1.0, 3.0, 3.0, 1.0, 1.0, 8.0, 13.0, 11.0, 20.0, 36.0, 79.0, 277.0, 1348.0, 5864.0, 1272.0, 209.0, 40.0, 12.0, 3.0, 1.0, 0.0, 2.0, 0.0, 4.0, 1.0, 0.0, 1.0]",0.368754118680954,-0.508104681968689,0.01888703741133213,0.1808992475271225,0.2893276512622833,0.8094961643218994,"[5.0, 3.0, 5.0, 3.0, 11.0, 20.0, 42.0, 146.0, 236.0, 427.0, 598.0, 877.0, 1022.0, 1334.0, 930.0, 781.0, 746.0, 805.0, 622.0, 263.0, 114.0, 85.0, 59.0, 26.0, 15.0, 8.0, 6.0, 9.0, 12.0, 3.0, 1.0, 2.0]",0.9660593867301941,-0.7372119426727295,0.02217193692922592,0.18885843455791473,0.5811261534690857,2.289046287536621,"[7.0, 6.0, 4.0, 6.0, 28.0, 60.0, 190.0, 348.0, 547.0, 890.0, 1163.0, 1460.0, 1100.0, 847.0, 855.0, 900.0, 393.0, 153.0, 106.0, 53.0, 20.0, 16.0, 13.0, 9.0, 6.0, 10.0, 8.0, 10.0, 4.0, 0.0, 2.0, 2.0]",1.2390958070755005,-0.7282595038414001
251,/features/features.12/conv/conv.1/conv.1.2/Clip,Clip,True,True,False,/features/features.12/conv/conv.1/conv.1.2/Constant_output_0,0.0,0.0,0.0,,,"[0.0, 0.0, 0.0, 0.0, 0.0, 0.0, 0.0, 0.0, 0.0, 0.0, 0.0, 0.0, 0.0, 0.0, 0.0, 0.0, 9216.0, 0.0, 0.0, 0.0, 0.0, 0.0, 0.0, 0.0, 0.0, 0.0, 0.0, 0.0, 0.0, 0.0, 0.0, 0.0]",0.0,0.0,0.0,0.0,,,"[0.0, 0.0, 0.0, 0.0, 0.0, 0.0, 0.0, 0.0, 0.0, 0.0, 0.0, 0.0, 0.0, 0.0, 0.0, 0.0, 9216.0, 0.0, 0.0, 0.0, 0.0, 0.0, 0.0, 0.0, 0.0, 0.0, 0.0, 0.0, 0.0, 0.0, 0.0, 0.0]",0.0,0.0,0.0,0.0,,,"[0.0, 0.0, 0.0, 0.0, 0.0, 0.0, 0.0, 0.0, 0.0, 0.0, 0.0, 0.0, 0.0, 0.0, 0.0, 0.0, 9216.0, 0.0, 0.0, 0.0, 0.0, 0.0, 0.0, 0.0, 0.0, 0.0, 0.0, 0.0, 0.0, 0.0, 0.0, 0.0]",0.0,0.0
252,/features/features.12/conv/conv.1/conv.1.2/Clip,Clip,True,True,False,/features/features.12/conv/conv.1/conv.1.2/Constant_1_output_0,0.634038507938385,-4.777592182159424,4.768630219587067e-07,-0.9998371601104736,-2.0002174377441406,"[0.0, 0.0, 0.0, 0.0, 0.0, 0.0, 0.0, 0.0, 0.0, 0.0, 0.0, 0.0, 0.0, 0.0, 0.0, 0.0, 9216.0, 0.0, 0.0, 0.0, 0.0, 0.0, 0.0, 0.0, 0.0, 0.0, 0.0, 0.0, 0.0, 0.0, 0.0, 0.0]",-4.777592658996582,-4.777592658996582,1.2224072217941284,1.1921575548967667e-07,0.9998371601104736,-2.0002174377441406,"[0.0, 0.0, 0.0, 0.0, 0.0, 0.0, 0.0, 0.0, 0.0, 0.0, 0.0, 0.0, 0.0, 0.0, 0.0, 0.0, 9216.0, 0.0, 0.0, 0.0, 0.0, 0.0, 0.0, 0.0, 0.0, 0.0, 0.0, 0.0, 0.0, 0.0, 0.0, 0.0]",1.222407341003418,1.222407341003418,6.0,0.0,,,"[0.0, 0.0, 0.0, 0.0, 0.0, 0.0, 0.0, 0.0, 0.0, 0.0, 0.0, 0.0, 0.0, 0.0, 0.0, 0.0, 9216.0, 0.0, 0.0, 0.0, 0.0, 0.0, 0.0, 0.0, 0.0, 0.0, 0.0, 0.0, 0.0, 0.0, 0.0, 0.0]",6.0,6.0
253,/features/features.12/conv/conv.1/conv.1.2/Clip,Clip,False,False,True,/features/features.12/conv/conv.1/conv.1.2/Clip_output_0,0.027916254475712776,-0.0031502419151365757,0.025339175015687943,-7.195470809936523,91.81364440917969,"[1.0, 0.0, 1.0, 0.0, 2.0, 1.0, 1.0, 1.0, 0.0, 3.0, 1.0, 2.0, 1.0, 1.0, 2.0, 6.0, 7.0, 10.0, 7.0, 7.0, 17.0, 22.0, 28.0, 53.0, 146.0, 397.0, 1116.0, 6649.0, 574.0, 114.0, 34.0, 12.0]",0.08959117531776428,-0.5104452967643738,0.08079531788825989,0.11788628250360489,1.8837043046951294,4.967503070831299,"[5265.0, 417.0, 423.0, 438.0, 367.0, 412.0, 404.0, 498.0, 391.0, 153.0, 137.0, 55.0, 43.0, 42.0, 49.0, 36.0, 23.0, 8.0, 12.0, 3.0, 6.0, 2.0, 4.0, 5.0, 6.0, 4.0, 8.0, 1.0, 1.0, 0.0, 2.0, 1.0]",0.9625254273414612,0.0,0.08394555747509003,0.12770241498947144,2.4630990028381348,10.165417671203613,"[5272.0, 620.0, 550.0, 507.0, 559.0, 612.0, 431.0, 222.0, 123.0, 75.0, 63.0, 60.0, 22.0, 14.0, 12.0, 9.0, 10.0, 7.0, 5.0, 4.0, 4.0, 5.0, 6.0, 6.0, 5.0, 5.0, 4.0, 0.0, 0.0, 2.0, 0.0, 2.0]",1.2390958070755005,0.0
254,/features/features.12/conv/conv.2/Conv,Conv,False,True,False,/features/features.12/conv/conv.1/conv.1.2/Clip_output_0,0.027916254475712776,-0.0031502419151365757,0.025339175015687943,-7.195470809936523,91.81364440917969,"[1.0, 0.0, 1.0, 0.0, 2.0, 1.0, 1.0, 1.0, 0.0, 3.0, 1.0, 2.0, 1.0, 1.0, 2.0, 6.0, 7.0, 10.0, 7.0, 7.0, 17.0, 22.0, 28.0, 53.0, 146.0, 397.0, 1116.0, 6649.0, 574.0, 114.0, 34.0, 12.0]",0.08959117531776428,-0.5104452967643738,0.08079531788825989,0.11788628250360489,1.8837043046951294,4.967503070831299,"[5265.0, 417.0, 423.0, 438.0, 367.0, 412.0, 404.0, 498.0, 391.0, 153.0, 137.0, 55.0, 43.0, 42.0, 49.0, 36.0, 23.0, 8.0, 12.0, 3.0, 6.0, 2.0, 4.0, 5.0, 6.0, 4.0, 8.0, 1.0, 1.0, 0.0, 2.0, 1.0]",0.9625254273414612,0.0,0.08394555747509003,0.12770241498947144,2.4630990028381348,10.165417671203613,"[5272.0, 620.0, 550.0, 507.0, 559.0, 612.0, 431.0, 222.0, 123.0, 75.0, 63.0, 60.0, 22.0, 14.0, 12.0, 9.0, 10.0, 7.0, 5.0, 4.0, 4.0, 5.0, 6.0, 6.0, 5.0, 5.0, 4.0, 0.0, 0.0, 2.0, 0.0, 2.0]",1.2390958070755005,0.0
255,/features/features.12/conv/conv.2/Conv,Conv,True,True,False,onnx::Conv_643,6.158817268442363e-05,-3.093574559898116e-05,0.0007718350971117616,0.008087984286248684,-0.9431178569793701,"[36.0, 9.0, 45.0, 126.0, 198.0, 207.0, 279.0, 324.0, 387.0, 441.0, 513.0, 459.0, 423.0, 441.0, 387.0, 405.0, 387.0, 360.0, 468.0, 405.0, 414.0, 351.0, 441.0, 351.0, 459.0, 297.0, 243.0, 180.0, 81.0, 54.0, 18.0, 27.0]",0.001806207001209259,-0.001858515664935112,-0.001490084920078516,0.09841722249984741,-0.0076150428503751755,0.31815123558044434,"[9.0, 27.0, 9.0, 18.0, 72.0, 36.0, 117.0, 189.0, 216.0, 414.0, 459.0, 585.0, 711.0, 855.0, 981.0, 810.0, 657.0, 846.0, 693.0, 414.0, 324.0, 270.0, 198.0, 117.0, 72.0, 54.0, 45.0, 0.0, 9.0, 0.0, 0.0, 9.0]",0.38370469212532043,-0.342361718416214,-0.0014591487124562263,0.09841849654912949,-0.0056741321459412575,0.3202662467956543,"[9.0, 27.0, 9.0, 18.0, 72.0, 36.0, 135.0, 171.0, 225.0, 432.0, 450.0, 585.0, 729.0, 837.0, 972.0, 801.0, 684.0, 846.0, 729.0, 360.0, 342.0, 261.0, 189.0, 117.0, 72.0, 45.0, 45.0, 0.0, 9.0, 0.0, 0.0, 9.0]",0.3849392533302307,-0.34197676181793213
256,/features/features.12/conv/conv.2/Conv,Conv,True,True,False,onnx::Conv_644,0.0,0.0,0.0,,,"[0.0, 0.0, 0.0, 0.0, 0.0, 0.0, 0.0, 0.0, 0.0, 0.0, 0.0, 0.0, 0.0, 0.0, 0.0, 0.0, 9216.0, 0.0, 0.0, 0.0, 0.0, 0.0, 0.0, 0.0, 0.0, 0.0, 0.0, 0.0, 0.0, 0.0, 0.0, 0.0]",0.0,0.0,0.06984987109899521,0.29580992460250854,0.11749902367591858,0.08220577239990234,"[63.0, 63.0, 171.0, 90.0, 162.0, 0.0, 0.0, 342.0, 162.0, 0.0, 468.0, 468.0, 774.0, 450.0, 864.0, 792.0, 171.0, 774.0, 828.0, 549.0, 171.0, 81.0, 360.0, 216.0, 135.0, 162.0, 198.0, 126.0, 90.0, 252.0, 162.0, 72.0]",0.7788270115852356,-0.6730096936225891,0.06984987109899521,0.29580992460250854,0.11749902367591858,0.08220577239990234,"[63.0, 63.0, 171.0, 90.0, 162.0, 0.0, 0.0, 342.0, 162.0, 0.0, 468.0, 468.0, 774.0, 450.0, 864.0, 792.0, 171.0, 774.0, 828.0, 549.0, 171.0, 81.0, 360.0, 216.0, 135.0, 162.0, 198.0, 126.0, 90.0, 252.0, 162.0, 72.0]",0.7788270115852356,-0.6730096936225891
257,/features/features.12/conv/conv.2/Conv,Conv,False,False,True,/features/features.12/conv/conv.2/Conv_output_0,0.12065689265727997,0.00035786913940683007,0.06833278387784958,-1.6117991209030151,111.46590423583984,"[2.0, 2.0, 1.0, 2.0, 0.0, 1.0, 0.0, 1.0, 0.0, 0.0, 1.0, 0.0, 0.0, 2.0, 6.0, 18.0, 55.0, 784.0, 6333.0, 1804.0, 108.0, 28.0, 19.0, 16.0, 13.0, 5.0, 4.0, 2.0, 1.0, 2.0, 3.0, 3.0]",0.9607729315757751,-1.343794584274292,-0.008734903298318386,0.17718861997127533,0.51028972864151,3.653013229370117,"[6.0, 7.0, 10.0, 29.0, 23.0, 73.0, 178.0, 215.0, 573.0, 822.0, 1443.0, 1348.0, 1638.0, 1034.0, 861.0, 410.0, 281.0, 104.0, 75.0, 17.0, 22.0, 6.0, 8.0, 5.0, 5.0, 4.0, 10.0, 0.0, 2.0, 2.0, 3.0, 2.0]",1.2875561714172363,-0.7725337147712708,-0.00909277331084013,0.19651448726654053,0.2794279456138611,8.854820251464844,"[2.0, 3.0, 3.0, 1.0, 0.0, 0.0, 1.0, 2.0, 7.0, 15.0, 20.0, 52.0, 135.0, 340.0, 871.0, 1787.0, 2315.0, 1894.0, 1085.0, 389.0, 173.0, 49.0, 19.0, 7.0, 12.0, 2.0, 10.0, 5.0, 7.0, 4.0, 3.0, 3.0]",1.5376282930374146,-1.6785169839859009
258,/features/features.12/Add,Add,False,True,False,/features/features.11/conv/conv.2/Conv_output_0,0.03481128066778183,-0.001830997527576983,0.046830303966999054,-1.3279980421066284,12.705982208251953,"[3.0, 2.0, 2.0, 1.0, 6.0, 1.0, 7.0, 3.0, 2.0, 3.0, 7.0, 5.0, 13.0, 29.0, 62.0, 187.0, 560.0, 1432.0, 2334.0, 2235.0, 1416.0, 583.0, 215.0, 65.0, 17.0, 7.0, 8.0, 4.0, 6.0, 0.0, 0.0, 1.0]",0.3265169560909271,-0.4794449806213379,0.044362202286720276,0.23411302268505096,0.22826817631721497,0.7165336608886719,"[1.0, 1.0, 7.0, 14.0, 17.0, 23.0, 45.0, 85.0, 215.0, 431.0, 667.0, 946.0, 1096.0, 1068.0, 1042.0, 1005.0, 858.0, 650.0, 414.0, 270.0, 155.0, 90.0, 55.0, 27.0, 15.0, 7.0, 4.0, 1.0, 0.0, 2.0, 3.0, 2.0]",1.3304747343063354,-0.9728202819824219,0.0461931936442852,0.2469034641981125,0.42271196842193604,1.8220601081848145,"[2.0, 5.0, 14.0, 17.0, 28.0, 37.0, 95.0, 281.0, 644.0, 984.0, 1223.0, 1265.0, 1250.0, 1144.0, 900.0, 581.0, 340.0, 194.0, 99.0, 41.0, 22.0, 16.0, 7.0, 11.0, 5.0, 2.0, 1.0, 2.0, 3.0, 1.0, 0.0, 2.0]",1.764383316040039,-1.002744197845459
259,/features/features.12/Add,Add,False,True,False,/features/features.12/conv/conv.2/Conv_output_0,0.12065689265727997,0.00035786913940683007,0.06833278387784958,-1.6117991209030151,111.46590423583984,"[2.0, 2.0, 1.0, 2.0, 0.0, 1.0, 0.0, 1.0, 0.0, 0.0, 1.0, 0.0, 0.0, 2.0, 6.0, 18.0, 55.0, 784.0, 6333.0, 1804.0, 108.0, 28.0, 19.0, 16.0, 13.0, 5.0, 4.0, 2.0, 1.0, 2.0, 3.0, 3.0]",0.9607729315757751,-1.343794584274292,-0.008734903298318386,0.17718861997127533,0.51028972864151,3.653013229370117,"[6.0, 7.0, 10.0, 29.0, 23.0, 73.0, 178.0, 215.0, 573.0, 822.0, 1443.0, 1348.0, 1638.0, 1034.0, 861.0, 410.0, 281.0, 104.0, 75.0, 17.0, 22.0, 6.0, 8.0, 5.0, 5.0, 4.0, 10.0, 0.0, 2.0, 2.0, 3.0, 2.0]",1.2875561714172363,-0.7725337147712708,-0.00909277331084013,0.19651448726654053,0.2794279456138611,8.854820251464844,"[2.0, 3.0, 3.0, 1.0, 0.0, 0.0, 1.0, 2.0, 7.0, 15.0, 20.0, 52.0, 135.0, 340.0, 871.0, 1787.0, 2315.0, 1894.0, 1085.0, 389.0, 173.0, 49.0, 19.0, 7.0, 12.0, 2.0, 10.0, 5.0, 7.0, 4.0, 3.0, 3.0]",1.5376282930374146,-1.6785169839859009
260,/features/features.12/Add,Add,False,False,True,/features/features.12/Add_output_0,0.07530254870653152,-0.0015029296046122909,0.08090302348136902,-1.8223258256912231,67.92308807373047,"[3.0, 2.0, 1.0, 1.0, 0.0, 1.0, 1.0, 0.0, 0.0, 1.0, 3.0, 2.0, 3.0, 2.0, 8.0, 16.0, 47.0, 388.0, 2934.0, 4609.0, 1016.0, 90.0, 21.0, 19.0, 13.0, 11.0, 9.0, 4.0, 2.0, 2.0, 5.0, 2.0]",0.9087320566177368,-1.3721691370010376,0.03559749200940132,0.2714376151561737,0.2723506689071655,0.8506824970245361,"[2.0, 0.0, 11.0, 6.0, 8.0, 31.0, 54.0, 105.0, 287.0, 238.0, 502.0, 1010.0, 875.0, 848.0, 1332.0, 911.0, 836.0, 916.0, 371.0, 329.0, 242.0, 102.0, 52.0, 61.0, 36.0, 16.0, 18.0, 5.0, 2.0, 4.0, 2.0, 4.0]",1.4017083644866943,-1.1013422012329102,0.0371004194021225,0.2925293743610382,0.4142359793186188,2.6937437057495117,"[1.0, 1.0, 2.0, 4.0, 2.0, 8.0, 13.0, 32.0, 70.0, 142.0, 333.0, 674.0, 1209.0, 1541.0, 1498.0, 1376.0, 1058.0, 594.0, 328.0, 138.0, 70.0, 54.0, 19.0, 15.0, 12.0, 9.0, 2.0, 4.0, 0.0, 2.0, 3.0, 2.0]",2.0472519397735596,-1.6248388290405273
261,/features/features.13/conv/conv.0/conv.0.0/Conv,Conv,False,True,False,/features/features.12/Add_output_0,0.07530254870653152,-0.0015029296046122909,0.08090302348136902,-1.8223258256912231,67.92308807373047,"[3.0, 2.0, 1.0, 1.0, 0.0, 1.0, 1.0, 0.0, 0.0, 1.0, 3.0, 2.0, 3.0, 2.0, 8.0, 16.0, 47.0, 388.0, 2934.0, 4609.0, 1016.0, 90.0, 21.0, 19.0, 13.0, 11.0, 9.0, 4.0, 2.0, 2.0, 5.0, 2.0]",0.9087320566177368,-1.3721691370010376,0.03559749200940132,0.2714376151561737,0.2723506689071655,0.8506824970245361,"[2.0, 0.0, 11.0, 6.0, 8.0, 31.0, 54.0, 105.0, 287.0, 238.0, 502.0, 1010.0, 875.0, 848.0, 1332.0, 911.0, 836.0, 916.0, 371.0, 329.0, 242.0, 102.0, 52.0, 61.0, 36.0, 16.0, 18.0, 5.0, 2.0, 4.0, 2.0, 4.0]",1.4017083644866943,-1.1013422012329102,0.0371004194021225,0.2925293743610382,0.4142359793186188,2.6937437057495117,"[1.0, 1.0, 2.0, 4.0, 2.0, 8.0, 13.0, 32.0, 70.0, 142.0, 333.0, 674.0, 1209.0, 1541.0, 1498.0, 1376.0, 1058.0, 594.0, 328.0, 138.0, 70.0, 54.0, 19.0, 15.0, 12.0, 9.0, 2.0, 4.0, 0.0, 2.0, 3.0, 2.0]",2.0472519397735596,-1.6248388290405273
262,/features/features.13/conv/conv.0/conv.0.0/Conv,Conv,True,True,False,onnx::Conv_646,4.257844193489291e-05,-8.694540156284347e-06,0.00015781115507707,0.04105471074581146,-0.4752466678619385,"[9.0, 0.0, 0.0, 0.0, 0.0, 9.0, 0.0, 9.0, 27.0, 144.0, 315.0, 549.0, 648.0, 720.0, 675.0, 702.0, 738.0, 675.0, 702.0, 702.0, 783.0, 513.0, 549.0, 360.0, 189.0, 144.0, 36.0, 0.0, 9.0, 0.0, 0.0, 9.0]",0.0005589420907199383,-0.0006651571020483971,0.0005246097571216524,0.024217724800109863,0.25176700949668884,0.5411083698272705,"[18.0, 45.0, 81.0, 72.0, 90.0, 180.0, 306.0, 396.0, 531.0, 549.0, 567.0, 819.0, 792.0, 882.0, 765.0, 747.0, 648.0, 495.0, 315.0, 270.0, 198.0, 126.0, 99.0, 54.0, 72.0, 27.0, 0.0, 27.0, 9.0, 27.0, 0.0, 9.0]",0.09826822578907013,-0.06830247491598129,0.0005333041190169752,0.02421562559902668,0.2533941864967346,0.5436313152313232,"[18.0, 45.0, 90.0, 63.0, 90.0, 180.0, 306.0, 405.0, 549.0, 531.0, 558.0, 837.0, 783.0, 882.0, 801.0, 711.0, 675.0, 459.0, 333.0, 261.0, 198.0, 117.0, 126.0, 27.0, 72.0, 27.0, 0.0, 27.0, 9.0, 27.0, 0.0, 9.0]",0.09852292388677597,-0.0682208389043808
263,/features/features.13/conv/conv.0/conv.0.0/Conv,Conv,True,True,False,onnx::Conv_647,0.0,0.0,0.0,,,"[0.0, 0.0, 0.0, 0.0, 0.0, 0.0, 0.0, 0.0, 0.0, 0.0, 0.0, 0.0, 0.0, 0.0, 0.0, 0.0, 9216.0, 0.0, 0.0, 0.0, 0.0, 0.0, 0.0, 0.0, 0.0, 0.0, 0.0, 0.0, 0.0, 0.0, 0.0, 0.0]",0.0,0.0,-0.0017752540297806263,0.077797070145607,0.029972275719046593,1.750375747680664,"[27.0, 0.0, 0.0, 0.0, 0.0, 0.0, 0.0, 0.0, 0.0, 9.0, 18.0, 45.0, 117.0, 225.0, 288.0, 603.0, 909.0, 954.0, 1008.0, 954.0, 765.0, 990.0, 594.0, 459.0, 477.0, 252.0, 162.0, 45.0, 198.0, 45.0, 27.0, 45.0]",0.24532021582126617,-0.3988780081272125,-0.0017752540297806263,0.077797070145607,0.029972275719046593,1.750375747680664,"[27.0, 0.0, 0.0, 0.0, 0.0, 0.0, 0.0, 0.0, 0.0, 9.0, 18.0, 45.0, 117.0, 225.0, 288.0, 603.0, 909.0, 954.0, 1008.0, 954.0, 765.0, 990.0, 594.0, 459.0, 477.0, 252.0, 162.0, 45.0, 198.0, 45.0, 27.0, 45.0]",0.24532021582126617,-0.3988780081272125
264,/features/features.13/conv/conv.0/conv.0.0/Conv,Conv,False,False,True,/features/features.13/conv/conv.0/conv.0.0/Conv_output_0,0.03368683159351349,-0.0013037814060226083,0.01924407295882702,-1.1622233390808105,33.87278366088867,"[1.0, 0.0, 1.0, 4.0, 7.0, 2.0, 2.0, 2.0, 3.0, 6.0, 9.0, 13.0, 16.0, 21.0, 45.0, 90.0, 524.0, 2673.0, 4178.0, 1304.0, 201.0, 48.0, 14.0, 11.0, 7.0, 5.0, 8.0, 4.0, 6.0, 5.0, 2.0, 4.0]",0.18685796856880188,-0.2501317858695984,0.019003963097929955,0.09838598966598511,0.051191702485084534,0.7699339389801025,"[6.0, 1.0, 3.0, 10.0, 9.0, 16.0, 32.0, 62.0, 115.0, 248.0, 385.0, 628.0, 813.0, 1079.0, 1088.0, 1080.0, 994.0, 852.0, 692.0, 450.0, 294.0, 190.0, 67.0, 47.0, 27.0, 11.0, 3.0, 1.0, 1.0, 7.0, 2.0, 3.0]",0.5155388116836548,-0.42827385663986206,0.020307742059230804,0.1031089723110199,0.10213309526443481,2.5243968963623047,"[4.0, 3.0, 2.0, 2.0, 3.0, 7.0, 12.0, 27.0, 67.0, 143.0, 369.0, 670.0, 1141.0, 1520.0, 1511.0, 1370.0, 1099.0, 650.0, 345.0, 140.0, 65.0, 41.0, 9.0, 3.0, 0.0, 4.0, 0.0, 1.0, 0.0, 5.0, 2.0, 1.0]",0.7503716349601746,-0.5813442468643188
265,/features/features.13/conv/conv.0/conv.0.2/Clip,Clip,False,True,False,/features/features.13/conv/conv.0/conv.0.0/Conv_output_0,0.03368683159351349,-0.0013037814060226083,0.01924407295882702,-1.1622233390808105,33.87278366088867,"[1.0, 0.0, 1.0, 4.0, 7.0, 2.0, 2.0, 2.0, 3.0, 6.0, 9.0, 13.0, 16.0, 21.0, 45.0, 90.0, 524.0, 2673.0, 4178.0, 1304.0, 201.0, 48.0, 14.0, 11.0, 7.0, 5.0, 8.0, 4.0, 6.0, 5.0, 2.0, 4.0]",0.18685796856880188,-0.2501317858695984,0.019003963097929955,0.09838598966598511,0.051191702485084534,0.7699339389801025,"[6.0, 1.0, 3.0, 10.0, 9.0, 16.0, 32.0, 62.0, 115.0, 248.0, 385.0, 628.0, 813.0, 1079.0, 1088.0, 1080.0, 994.0, 852.0, 692.0, 450.0, 294.0, 190.0, 67.0, 47.0, 27.0, 11.0, 3.0, 1.0, 1.0, 7.0, 2.0, 3.0]",0.5155388116836548,-0.42827385663986206,0.020307742059230804,0.1031089723110199,0.10213309526443481,2.5243968963623047,"[4.0, 3.0, 2.0, 2.0, 3.0, 7.0, 12.0, 27.0, 67.0, 143.0, 369.0, 670.0, 1141.0, 1520.0, 1511.0, 1370.0, 1099.0, 650.0, 345.0, 140.0, 65.0, 41.0, 9.0, 3.0, 0.0, 4.0, 0.0, 1.0, 0.0, 5.0, 2.0, 1.0]",0.7503716349601746,-0.5813442468643188
266,/features/features.13/conv/conv.0/conv.0.2/Clip,Clip,True,True,False,/features/features.13/conv/conv.0/conv.0.2/Constant_output_0,0.0,0.0,0.0,,,"[0.0, 0.0, 0.0, 0.0, 0.0, 0.0, 0.0, 0.0, 0.0, 0.0, 0.0, 0.0, 0.0, 0.0, 0.0, 0.0, 9216.0, 0.0, 0.0, 0.0, 0.0, 0.0, 0.0, 0.0, 0.0, 0.0, 0.0, 0.0, 0.0, 0.0, 0.0, 0.0]",0.0,0.0,0.0,0.0,,,"[0.0, 0.0, 0.0, 0.0, 0.0, 0.0, 0.0, 0.0, 0.0, 0.0, 0.0, 0.0, 0.0, 0.0, 0.0, 0.0, 9216.0, 0.0, 0.0, 0.0, 0.0, 0.0, 0.0, 0.0, 0.0, 0.0, 0.0, 0.0, 0.0, 0.0, 0.0, 0.0]",0.0,0.0,0.0,0.0,,,"[0.0, 0.0, 0.0, 0.0, 0.0, 0.0, 0.0, 0.0, 0.0, 0.0, 0.0, 0.0, 0.0, 0.0, 0.0, 0.0, 9216.0, 0.0, 0.0, 0.0, 0.0, 0.0, 0.0, 0.0, 0.0, 0.0, 0.0, 0.0, 0.0, 0.0, 0.0, 0.0]",0.0,0.0
267,/features/features.13/conv/conv.0/conv.0.2/Clip,Clip,True,True,False,/features/features.13/conv/conv.0/conv.0.2/Constant_1_output_0,0.7498058676719666,-5.195479393005371,0.0,,,"[0.0, 0.0, 0.0, 0.0, 0.0, 0.0, 0.0, 0.0, 0.0, 0.0, 0.0, 0.0, 0.0, 0.0, 0.0, 0.0, 9216.0, 0.0, 0.0, 0.0, 0.0, 0.0, 0.0, 0.0, 0.0, 0.0, 0.0, 0.0, 0.0, 0.0, 0.0, 0.0]",-5.195479393005371,-5.195479393005371,0.8045206069946289,5.960787774483833e-08,0.9998371601104736,-2.0002174377441406,"[0.0, 0.0, 0.0, 0.0, 0.0, 0.0, 0.0, 0.0, 0.0, 0.0, 0.0, 0.0, 0.0, 0.0, 0.0, 0.0, 9216.0, 0.0, 0.0, 0.0, 0.0, 0.0, 0.0, 0.0, 0.0, 0.0, 0.0, 0.0, 0.0, 0.0, 0.0, 0.0]",0.8045206665992737,0.8045206665992737,6.0,0.0,,,"[0.0, 0.0, 0.0, 0.0, 0.0, 0.0, 0.0, 0.0, 0.0, 0.0, 0.0, 0.0, 0.0, 0.0, 0.0, 0.0, 9216.0, 0.0, 0.0, 0.0, 0.0, 0.0, 0.0, 0.0, 0.0, 0.0, 0.0, 0.0, 0.0, 0.0, 0.0, 0.0]",6.0,6.0
268,/features/features.13/conv/conv.0/conv.0.2/Clip,Clip,False,False,True,/features/features.13/conv/conv.0/conv.0.2/Clip_output_0,0.028779245913028717,-0.001645478536374867,0.014345408417284489,-5.9595489501953125,73.19749450683594,"[1.0, 0.0, 0.0, 2.0, 4.0, 5.0, 3.0, 0.0, 2.0, 1.0, 3.0, 2.0, 4.0, 3.0, 6.0, 8.0, 7.0, 18.0, 32.0, 44.0, 137.0, 559.0, 1717.0, 5711.0, 740.0, 157.0, 31.0, 9.0, 1.0, 5.0, 3.0, 1.0]",0.09483445435762405,-0.2499217987060547,0.048878926783800125,0.06472674757242203,1.6092585325241089,3.2991433143615723,"[4555.0, 688.0, 466.0, 644.0, 397.0, 561.0, 327.0, 445.0, 219.0, 259.0, 134.0, 185.0, 97.0, 82.0, 31.0, 38.0, 28.0, 20.0, 10.0, 6.0, 7.0, 2.0, 2.0, 0.0, 0.0, 0.0, 1.0, 5.0, 2.0, 2.0, 1.0, 2.0]",0.5131194591522217,0.0,0.050524406135082245,0.0684964582324028,2.048888921737671,8.038661003112793,"[4770.0, 865.0, 801.0, 707.0, 603.0, 487.0, 318.0, 233.0, 171.0, 93.0, 45.0, 43.0, 30.0, 17.0, 12.0, 5.0, 1.0, 2.0, 0.0, 1.0, 3.0, 0.0, 0.0, 0.0, 1.0, 0.0, 2.0, 2.0, 1.0, 1.0, 1.0, 1.0]",0.7503716349601746,0.0
269,/features/features.13/conv/conv.1/conv.1.0/Conv,Conv,False,True,False,/features/features.13/conv/conv.0/conv.0.2/Clip_output_0,0.028779245913028717,-0.001645478536374867,0.014345408417284489,-5.9595489501953125,73.19749450683594,"[1.0, 0.0, 0.0, 2.0, 4.0, 5.0, 3.0, 0.0, 2.0, 1.0, 3.0, 2.0, 4.0, 3.0, 6.0, 8.0, 7.0, 18.0, 32.0, 44.0, 137.0, 559.0, 1717.0, 5711.0, 740.0, 157.0, 31.0, 9.0, 1.0, 5.0, 3.0, 1.0]",0.09483445435762405,-0.2499217987060547,0.048878926783800125,0.06472674757242203,1.6092585325241089,3.2991433143615723,"[4555.0, 688.0, 466.0, 644.0, 397.0, 561.0, 327.0, 445.0, 219.0, 259.0, 134.0, 185.0, 97.0, 82.0, 31.0, 38.0, 28.0, 20.0, 10.0, 6.0, 7.0, 2.0, 2.0, 0.0, 0.0, 0.0, 1.0, 5.0, 2.0, 2.0, 1.0, 2.0]",0.5131194591522217,0.0,0.050524406135082245,0.0684964582324028,2.048888921737671,8.038661003112793,"[4770.0, 865.0, 801.0, 707.0, 603.0, 487.0, 318.0, 233.0, 171.0, 93.0, 45.0, 43.0, 30.0, 17.0, 12.0, 5.0, 1.0, 2.0, 0.0, 1.0, 3.0, 0.0, 0.0, 0.0, 1.0, 0.0, 2.0, 2.0, 1.0, 1.0, 1.0, 1.0]",0.7503716349601746,0.0
270,/features/features.13/conv/conv.1/conv.1.0/Conv,Conv,True,True,False,onnx::Conv_649,2.8286709493841045e-05,-0.0005023759440518916,0.004706870764493942,-0.15039366483688354,0.8011245727539062,"[9.0, 0.0, 9.0, 0.0, 9.0, 36.0, 36.0, 54.0, 135.0, 90.0, 243.0, 333.0, 333.0, 360.0, 423.0, 630.0, 972.0, 1080.0, 990.0, 981.0, 765.0, 441.0, 333.0, 342.0, 261.0, 117.0, 99.0, 27.0, 27.0, 27.0, 27.0, 27.0]",0.015143215656280518,-0.019903182983398438,0.05961589515209198,0.8871296644210815,0.8597843647003174,3.9925689697265625,"[18.0, 0.0, 36.0, 27.0, 36.0, 18.0, 27.0, 54.0, 234.0, 234.0, 657.0, 1872.0, 1674.0, 1152.0, 873.0, 810.0, 486.0, 324.0, 171.0, 117.0, 162.0, 45.0, 45.0, 36.0, 54.0, 9.0, 9.0, 9.0, 0.0, 18.0, 0.0, 9.0]",5.055386066436768,-3.5424423217773438,0.06011826545000076,0.8879896402359009,0.872628390789032,4.01940393447876,"[18.0, 0.0, 36.0, 27.0, 36.0, 18.0, 27.0, 72.0, 216.0, 270.0, 666.0, 2007.0, 1512.0, 1188.0, 873.0, 792.0, 495.0, 279.0, 189.0, 99.0, 162.0, 45.0, 45.0, 36.0, 54.0, 9.0, 9.0, 9.0, 0.0, 18.0, 0.0, 9.0]",5.075289249420166,-3.528604745864868
271,/features/features.13/conv/conv.1/conv.1.0/Conv,Conv,True,True,False,onnx::Conv_650,0.0,0.0,0.0,,,"[0.0, 0.0, 0.0, 0.0, 0.0, 0.0, 0.0, 0.0, 0.0, 0.0, 0.0, 0.0, 0.0, 0.0, 0.0, 0.0, 9216.0, 0.0, 0.0, 0.0, 0.0, 0.0, 0.0, 0.0, 0.0, 0.0, 0.0, 0.0, 0.0, 0.0, 0.0, 0.0]",0.0,0.0,0.0025458347517997026,0.2514446973800659,-0.025950435549020767,-0.024252653121948242,"[18.0, 0.0, 27.0, 27.0, 0.0, 27.0, 9.0, 117.0, 126.0, 54.0, 288.0, 585.0, 783.0, 792.0, 900.0, 972.0, 720.0, 135.0, 261.0, 297.0, 1233.0, 927.0, 459.0, 144.0, 180.0, 0.0, 54.0, 36.0, 0.0, 0.0, 36.0, 9.0]",0.8621090054512024,-0.928390383720398,0.0025458347517997026,0.2514446973800659,-0.025950435549020767,-0.024252653121948242,"[18.0, 0.0, 27.0, 27.0, 0.0, 27.0, 9.0, 117.0, 126.0, 54.0, 288.0, 585.0, 783.0, 792.0, 900.0, 972.0, 720.0, 135.0, 261.0, 297.0, 1233.0, 927.0, 459.0, 144.0, 180.0, 0.0, 54.0, 36.0, 0.0, 0.0, 36.0, 9.0]",0.8621090054512024,-0.928390383720398
272,/features/features.13/conv/conv.1/conv.1.0/Conv,Conv,False,False,True,/features/features.13/conv/conv.1/conv.1.0/Conv_output_0,0.025564242154359818,-0.002841328736394644,0.03093770705163479,-3.016763925552368,37.05818557739258,"[1.0, 4.0, 3.0, 0.0, 1.0, 2.0, 2.0, 5.0, 4.0, 5.0, 10.0, 8.0, 18.0, 35.0, 46.0, 75.0, 290.0, 967.0, 5129.0, 1934.0, 478.0, 125.0, 45.0, 13.0, 5.0, 3.0, 3.0, 0.0, 0.0, 1.0, 3.0, 1.0]",0.2985790967941284,-0.42569541931152344,0.021513378247618675,0.1858903467655182,0.18639442324638367,0.8526585102081299,"[1.0, 2.0, 3.0, 1.0, 1.0, 1.0, 4.0, 18.0, 52.0, 129.0, 278.0, 794.0, 1127.0, 1455.0, 1231.0, 961.0, 880.0, 1322.0, 553.0, 226.0, 96.0, 38.0, 20.0, 9.0, 4.0, 1.0, 0.0, 1.0, 4.0, 1.0, 1.0, 2.0]",1.2258206605911255,-1.0143547058105469,0.024354705587029457,0.19277773797512054,0.38924771547317505,2.955118179321289,"[3.0, 2.0, 4.0, 5.0, 1.0, 4.0, 27.0, 78.0, 247.0, 670.0, 1291.0, 1603.0, 1459.0, 1116.0, 1297.0, 935.0, 288.0, 100.0, 37.0, 24.0, 7.0, 8.0, 1.0, 0.0, 0.0, 0.0, 1.0, 0.0, 4.0, 1.0, 2.0, 1.0]",1.651516079902649,-1.0312895774841309
273,/features/features.13/conv/conv.1/conv.1.2/Clip,Clip,False,True,False,/features/features.13/conv/conv.1/conv.1.0/Conv_output_0,0.025564242154359818,-0.002841328736394644,0.03093770705163479,-3.016763925552368,37.05818557739258,"[1.0, 4.0, 3.0, 0.0, 1.0, 2.0, 2.0, 5.0, 4.0, 5.0, 10.0, 8.0, 18.0, 35.0, 46.0, 75.0, 290.0, 967.0, 5129.0, 1934.0, 478.0, 125.0, 45.0, 13.0, 5.0, 3.0, 3.0, 0.0, 0.0, 1.0, 3.0, 1.0]",0.2985790967941284,-0.42569541931152344,0.021513378247618675,0.1858903467655182,0.18639442324638367,0.8526585102081299,"[1.0, 2.0, 3.0, 1.0, 1.0, 1.0, 4.0, 18.0, 52.0, 129.0, 278.0, 794.0, 1127.0, 1455.0, 1231.0, 961.0, 880.0, 1322.0, 553.0, 226.0, 96.0, 38.0, 20.0, 9.0, 4.0, 1.0, 0.0, 1.0, 4.0, 1.0, 1.0, 2.0]",1.2258206605911255,-1.0143547058105469,0.024354705587029457,0.19277773797512054,0.38924771547317505,2.955118179321289,"[3.0, 2.0, 4.0, 5.0, 1.0, 4.0, 27.0, 78.0, 247.0, 670.0, 1291.0, 1603.0, 1459.0, 1116.0, 1297.0, 935.0, 288.0, 100.0, 37.0, 24.0, 7.0, 8.0, 1.0, 0.0, 0.0, 0.0, 1.0, 0.0, 4.0, 1.0, 2.0, 1.0]",1.651516079902649,-1.0312895774841309
274,/features/features.13/conv/conv.1/conv.1.2/Clip,Clip,True,True,False,/features/features.13/conv/conv.1/conv.1.2/Constant_output_0,0.0,0.0,0.0,,,"[0.0, 0.0, 0.0, 0.0, 0.0, 0.0, 0.0, 0.0, 0.0, 0.0, 0.0, 0.0, 0.0, 0.0, 0.0, 0.0, 9216.0, 0.0, 0.0, 0.0, 0.0, 0.0, 0.0, 0.0, 0.0, 0.0, 0.0, 0.0, 0.0, 0.0, 0.0, 0.0]",0.0,0.0,0.0,0.0,,,"[0.0, 0.0, 0.0, 0.0, 0.0, 0.0, 0.0, 0.0, 0.0, 0.0, 0.0, 0.0, 0.0, 0.0, 0.0, 0.0, 9216.0, 0.0, 0.0, 0.0, 0.0, 0.0, 0.0, 0.0, 0.0, 0.0, 0.0, 0.0, 0.0, 0.0, 0.0, 0.0]",0.0,0.0,0.0,0.0,,,"[0.0, 0.0, 0.0, 0.0, 0.0, 0.0, 0.0, 0.0, 0.0, 0.0, 0.0, 0.0, 0.0, 0.0, 0.0, 0.0, 9216.0, 0.0, 0.0, 0.0, 0.0, 0.0, 0.0, 0.0, 0.0, 0.0, 0.0, 0.0, 0.0, 0.0, 0.0, 0.0]",0.0,0.0
275,/features/features.13/conv/conv.1/conv.1.2/Clip,Clip,True,True,False,/features/features.13/conv/conv.1/conv.1.2/Constant_1_output_0,0.6050471663475037,-4.667086601257324,0.0,,,"[0.0, 0.0, 0.0, 0.0, 0.0, 0.0, 0.0, 0.0, 0.0, 0.0, 0.0, 0.0, 0.0, 0.0, 0.0, 0.0, 9216.0, 0.0, 0.0, 0.0, 0.0, 0.0, 0.0, 0.0, 0.0, 0.0, 0.0, 0.0, 0.0, 0.0, 0.0, 0.0]",-4.667086601257324,-4.667086601257324,1.3329130411148071,2.3843151097935333e-07,0.9998371601104736,-2.0002174377441406,"[0.0, 0.0, 0.0, 0.0, 0.0, 0.0, 0.0, 0.0, 0.0, 0.0, 0.0, 0.0, 0.0, 0.0, 0.0, 0.0, 9216.0, 0.0, 0.0, 0.0, 0.0, 0.0, 0.0, 0.0, 0.0, 0.0, 0.0, 0.0, 0.0, 0.0, 0.0, 0.0]",1.3329132795333862,1.3329132795333862,6.0,0.0,,,"[0.0, 0.0, 0.0, 0.0, 0.0, 0.0, 0.0, 0.0, 0.0, 0.0, 0.0, 0.0, 0.0, 0.0, 0.0, 0.0, 9216.0, 0.0, 0.0, 0.0, 0.0, 0.0, 0.0, 0.0, 0.0, 0.0, 0.0, 0.0, 0.0, 0.0, 0.0, 0.0]",6.0,6.0
276,/features/features.13/conv/conv.1/conv.1.2/Clip,Clip,False,False,True,/features/features.13/conv/conv.1/conv.1.2/Clip_output_0,0.027556151151657104,-0.002762142801657319,0.02552669309079647,-6.012010097503662,69.27457427978516,"[1.0, 4.0, 3.0, 0.0, 0.0, 1.0, 0.0, 1.0, 2.0, 3.0, 4.0, 4.0, 5.0, 7.0, 5.0, 11.0, 15.0, 29.0, 30.0, 43.0, 77.0, 213.0, 519.0, 6347.0, 1328.0, 407.0, 103.0, 29.0, 15.0, 7.0, 2.0, 1.0]",0.14395856857299805,-0.4235565662384033,0.0864730104804039,0.11897303909063339,1.7010903358459473,5.314670562744141,"[5115.0, 584.0, 417.0, 508.0, 621.0, 608.0, 686.0, 251.0, 146.0, 97.0, 72.0, 30.0, 27.0, 15.0, 9.0, 13.0, 3.0, 1.0, 3.0, 1.0, 0.0, 0.0, 0.0, 0.0, 2.0, 2.0, 1.0, 1.0, 1.0, 0.0, 0.0, 2.0]",1.2279595136642456,0.0,0.08923515677452087,0.12633219361305237,2.352482557296753,13.763843536376953,"[5310.0, 693.0, 662.0, 709.0, 980.0, 387.0, 209.0, 107.0, 63.0, 32.0, 19.0, 12.0, 13.0, 2.0, 7.0, 2.0, 0.0, 0.0, 0.0, 0.0, 0.0, 0.0, 0.0, 1.0, 0.0, 1.0, 2.0, 2.0, 1.0, 1.0, 0.0, 1.0]",1.651516079902649,0.0
277,/features/features.13/conv/conv.2/Conv,Conv,False,True,False,/features/features.13/conv/conv.1/conv.1.2/Clip_output_0,0.027556151151657104,-0.002762142801657319,0.02552669309079647,-6.012010097503662,69.27457427978516,"[1.0, 4.0, 3.0, 0.0, 0.0, 1.0, 0.0, 1.0, 2.0, 3.0, 4.0, 4.0, 5.0, 7.0, 5.0, 11.0, 15.0, 29.0, 30.0, 43.0, 77.0, 213.0, 519.0, 6347.0, 1328.0, 407.0, 103.0, 29.0, 15.0, 7.0, 2.0, 1.0]",0.14395856857299805,-0.4235565662384033,0.0864730104804039,0.11897303909063339,1.7010903358459473,5.314670562744141,"[5115.0, 584.0, 417.0, 508.0, 621.0, 608.0, 686.0, 251.0, 146.0, 97.0, 72.0, 30.0, 27.0, 15.0, 9.0, 13.0, 3.0, 1.0, 3.0, 1.0, 0.0, 0.0, 0.0, 0.0, 2.0, 2.0, 1.0, 1.0, 1.0, 0.0, 0.0, 2.0]",1.2279595136642456,0.0,0.08923515677452087,0.12633219361305237,2.352482557296753,13.763843536376953,"[5310.0, 693.0, 662.0, 709.0, 980.0, 387.0, 209.0, 107.0, 63.0, 32.0, 19.0, 12.0, 13.0, 2.0, 7.0, 2.0, 0.0, 0.0, 0.0, 0.0, 0.0, 0.0, 0.0, 1.0, 0.0, 1.0, 2.0, 2.0, 1.0, 1.0, 0.0, 1.0]",1.651516079902649,0.0
278,/features/features.13/conv/conv.2/Conv,Conv,True,True,False,onnx::Conv_652,8.966572204371914e-05,-2.4041906726779416e-05,0.0011039882665500045,0.030061833560466766,1.006052017211914,"[9.0, 0.0, 18.0, 9.0, 9.0, 27.0, 18.0, 18.0, 63.0, 72.0, 216.0, 333.0, 630.0, 882.0, 900.0, 954.0, 972.0, 765.0, 783.0, 837.0, 702.0, 396.0, 270.0, 99.0, 63.0, 81.0, 27.0, 0.0, 36.0, 18.0, 0.0, 9.0]",0.004468388855457306,-0.004869744181632996,-0.008035583421587944,0.11635658144950867,-0.04565255343914032,0.3110942840576172,"[9.0, 0.0, 0.0, 36.0, 63.0, 54.0, 135.0, 162.0, 180.0, 234.0, 468.0, 468.0, 657.0, 792.0, 666.0, 990.0, 927.0, 810.0, 729.0, 468.0, 423.0, 405.0, 180.0, 108.0, 72.0, 63.0, 72.0, 27.0, 0.0, 0.0, 9.0, 9.0]",0.42982569336891174,-0.42211365699768066,-0.008011543191969395,0.11633939296007156,-0.04828799515962601,0.3204317092895508,"[9.0, 0.0, 0.0, 9.0, 81.0, 63.0, 135.0, 162.0, 162.0, 234.0, 432.0, 504.0, 621.0, 819.0, 684.0, 990.0, 936.0, 801.0, 729.0, 459.0, 459.0, 378.0, 207.0, 90.0, 72.0, 63.0, 72.0, 27.0, 0.0, 0.0, 9.0, 9.0]",0.4309765100479126,-0.42479968070983887
279,/features/features.13/conv/conv.2/Conv,Conv,True,True,False,onnx::Conv_653,0.0,0.0,0.0,,,"[0.0, 0.0, 0.0, 0.0, 0.0, 0.0, 0.0, 0.0, 0.0, 0.0, 0.0, 0.0, 0.0, 0.0, 0.0, 0.0, 9216.0, 0.0, 0.0, 0.0, 0.0, 0.0, 0.0, 0.0, 0.0, 0.0, 0.0, 0.0, 0.0, 0.0, 0.0, 0.0]",0.0,0.0,0.006001104135066271,0.4214279055595398,0.15170447528362274,0.40561747550964355,"[99.0, 72.0, 0.0, 162.0, 117.0, 108.0, 108.0, 252.0, 117.0, 261.0, 297.0, 279.0, 792.0, 576.0, 477.0, 549.0, 486.0, 1251.0, 792.0, 558.0, 261.0, 297.0, 126.0, 117.0, 207.0, 0.0, 270.0, 171.0, 126.0, 0.0, 0.0, 288.0]",1.0631561279296875,-1.0922132730484009,0.006001104135066271,0.4214279055595398,0.15170447528362274,0.40561747550964355,"[99.0, 72.0, 0.0, 162.0, 117.0, 108.0, 108.0, 252.0, 117.0, 261.0, 297.0, 279.0, 792.0, 576.0, 477.0, 549.0, 486.0, 1251.0, 792.0, 558.0, 261.0, 297.0, 126.0, 117.0, 207.0, 0.0, 270.0, 171.0, 126.0, 0.0, 0.0, 288.0]",1.0631561279296875,-1.0922132730484009
280,/features/features.13/conv/conv.2/Conv,Conv,False,False,True,/features/features.13/conv/conv.2/Conv_output_0,0.197928324341774,0.0031148663256317377,0.13497388362884521,-0.14334066212177277,142.37615966796875,"[1.0, 0.0, 1.0, 1.0, 0.0, 1.0, 2.0, 1.0, 1.0, 1.0, 0.0, 1.0, 3.0, 0.0, 7.0, 31.0, 30.0, 231.0, 7800.0, 961.0, 50.0, 26.0, 30.0, 19.0, 6.0, 2.0, 1.0, 0.0, 0.0, 1.0, 1.0, 7.0]",2.175076961517334,-3.0392870903015137,-0.03825191408395767,0.2403724491596222,-0.41602179408073425,2.7737836837768555,"[7.0, 1.0, 11.0, 13.0, 11.0, 23.0, 23.0, 18.0, 55.0, 60.0, 172.0, 210.0, 309.0, 839.0, 805.0, 993.0, 1850.0, 1164.0, 1404.0, 549.0, 255.0, 204.0, 82.0, 56.0, 47.0, 18.0, 14.0, 9.0, 6.0, 5.0, 2.0, 1.0]",1.201464295387268,-1.3349603414535522,-0.04136677831411362,0.30063396692276,-0.8056350946426392,20.32347869873047,"[7.0, 1.0, 1.0, 0.0, 1.0, 2.0, 9.0, 24.0, 19.0, 27.0, 38.0, 118.0, 431.0, 1603.0, 3380.0, 2703.0, 593.0, 178.0, 42.0, 18.0, 7.0, 4.0, 1.0, 0.0, 1.0, 1.0, 3.0, 1.0, 1.0, 0.0, 0.0, 2.0]",3.5732712745666504,-3.0904905796051025
281,/features/features.13/Add,Add,False,True,False,/features/features.12/Add_output_0,0.07530254870653152,-0.0015029296046122909,0.08090302348136902,-1.8223258256912231,67.92308807373047,"[3.0, 2.0, 1.0, 1.0, 0.0, 1.0, 1.0, 0.0, 0.0, 1.0, 3.0, 2.0, 3.0, 2.0, 8.0, 16.0, 47.0, 388.0, 2934.0, 4609.0, 1016.0, 90.0, 21.0, 19.0, 13.0, 11.0, 9.0, 4.0, 2.0, 2.0, 5.0, 2.0]",0.9087320566177368,-1.3721691370010376,0.03559749200940132,0.2714376151561737,0.2723506689071655,0.8506824970245361,"[2.0, 0.0, 11.0, 6.0, 8.0, 31.0, 54.0, 105.0, 287.0, 238.0, 502.0, 1010.0, 875.0, 848.0, 1332.0, 911.0, 836.0, 916.0, 371.0, 329.0, 242.0, 102.0, 52.0, 61.0, 36.0, 16.0, 18.0, 5.0, 2.0, 4.0, 2.0, 4.0]",1.4017083644866943,-1.1013422012329102,0.0371004194021225,0.2925293743610382,0.4142359793186188,2.6937437057495117,"[1.0, 1.0, 2.0, 4.0, 2.0, 8.0, 13.0, 32.0, 70.0, 142.0, 333.0, 674.0, 1209.0, 1541.0, 1498.0, 1376.0, 1058.0, 594.0, 328.0, 138.0, 70.0, 54.0, 19.0, 15.0, 12.0, 9.0, 2.0, 4.0, 0.0, 2.0, 3.0, 2.0]",2.0472519397735596,-1.6248388290405273
282,/features/features.13/Add,Add,False,True,False,/features/features.13/conv/conv.2/Conv_output_0,0.197928324341774,0.0031148663256317377,0.13497388362884521,-0.14334066212177277,142.37615966796875,"[1.0, 0.0, 1.0, 1.0, 0.0, 1.0, 2.0, 1.0, 1.0, 1.0, 0.0, 1.0, 3.0, 0.0, 7.0, 31.0, 30.0, 231.0, 7800.0, 961.0, 50.0, 26.0, 30.0, 19.0, 6.0, 2.0, 1.0, 0.0, 0.0, 1.0, 1.0, 7.0]",2.175076961517334,-3.0392870903015137,-0.03825191408395767,0.2403724491596222,-0.41602179408073425,2.7737836837768555,"[7.0, 1.0, 11.0, 13.0, 11.0, 23.0, 23.0, 18.0, 55.0, 60.0, 172.0, 210.0, 309.0, 839.0, 805.0, 993.0, 1850.0, 1164.0, 1404.0, 549.0, 255.0, 204.0, 82.0, 56.0, 47.0, 18.0, 14.0, 9.0, 6.0, 5.0, 2.0, 1.0]",1.201464295387268,-1.3349603414535522,-0.04136677831411362,0.30063396692276,-0.8056350946426392,20.32347869873047,"[7.0, 1.0, 1.0, 0.0, 1.0, 2.0, 9.0, 24.0, 19.0, 27.0, 38.0, 118.0, 431.0, 1603.0, 3380.0, 2703.0, 593.0, 178.0, 42.0, 18.0, 7.0, 4.0, 1.0, 0.0, 1.0, 1.0, 3.0, 1.0, 1.0, 0.0, 0.0, 2.0]",3.5732712745666504,-3.0904905796051025
283,/features/features.13/Add,Add,False,False,True,/features/features.13/Add_output_0,0.11342024058103561,0.0015444066375494003,0.13144424557685852,0.5845164656639099,70.49468994140625,"[1.0, 1.0, 0.0, 0.0, 1.0, 0.0, 3.0, 1.0, 1.0, 0.0, 3.0, 2.0, 0.0, 8.0, 15.0, 26.0, 47.0, 1019.0, 6110.0, 1771.0, 97.0, 28.0, 21.0, 17.0, 14.0, 9.0, 6.0, 4.0, 3.0, 2.0, 2.0, 4.0]",1.766526222229004,-2.4589266777038574,-0.002721951575949788,0.3484809100627899,0.41752615571022034,1.6659207344055176,"[1.0, 2.0, 3.0, 5.0, 5.0, 22.0, 54.0, 78.0, 139.0, 368.0, 422.0, 657.0, 1199.0, 1197.0, 1238.0, 745.0, 1268.0, 620.0, 424.0, 246.0, 229.0, 88.0, 70.0, 57.0, 16.0, 13.0, 14.0, 18.0, 9.0, 6.0, 2.0, 1.0]",1.859536051750183,-1.5678441524505615,-0.004266358446329832,0.3903016149997711,0.5800265669822693,6.522838592529297,"[5.0, 3.0, 7.0, 9.0, 15.0, 21.0, 45.0, 138.0, 316.0, 736.0, 1367.0, 2059.0, 2070.0, 1268.0, 612.0, 268.0, 133.0, 63.0, 22.0, 19.0, 14.0, 11.0, 5.0, 1.0, 0.0, 1.0, 1.0, 0.0, 3.0, 2.0, 0.0, 2.0]",3.6644954681396484,-2.196047306060791
284,/features/features.14/conv/conv.0/conv.0.0/Conv,Conv,False,True,False,/features/features.13/Add_output_0,0.11342024058103561,0.0015444066375494003,0.13144424557685852,0.5845164656639099,70.49468994140625,"[1.0, 1.0, 0.0, 0.0, 1.0, 0.0, 3.0, 1.0, 1.0, 0.0, 3.0, 2.0, 0.0, 8.0, 15.0, 26.0, 47.0, 1019.0, 6110.0, 1771.0, 97.0, 28.0, 21.0, 17.0, 14.0, 9.0, 6.0, 4.0, 3.0, 2.0, 2.0, 4.0]",1.766526222229004,-2.4589266777038574,-0.002721951575949788,0.3484809100627899,0.41752615571022034,1.6659207344055176,"[1.0, 2.0, 3.0, 5.0, 5.0, 22.0, 54.0, 78.0, 139.0, 368.0, 422.0, 657.0, 1199.0, 1197.0, 1238.0, 745.0, 1268.0, 620.0, 424.0, 246.0, 229.0, 88.0, 70.0, 57.0, 16.0, 13.0, 14.0, 18.0, 9.0, 6.0, 2.0, 1.0]",1.859536051750183,-1.5678441524505615,-0.004266358446329832,0.3903016149997711,0.5800265669822693,6.522838592529297,"[5.0, 3.0, 7.0, 9.0, 15.0, 21.0, 45.0, 138.0, 316.0, 736.0, 1367.0, 2059.0, 2070.0, 1268.0, 612.0, 268.0, 133.0, 63.0, 22.0, 19.0, 14.0, 11.0, 5.0, 1.0, 0.0, 1.0, 1.0, 0.0, 3.0, 2.0, 0.0, 2.0]",3.6644954681396484,-2.196047306060791
285,/features/features.14/conv/conv.0/conv.0.0/Conv,Conv,True,True,False,onnx::Conv_655,4.20897122239694e-05,-6.519029284390854e-06,0.0001742328895488754,-0.0024243593215942383,-0.5762848854064941,"[9.0, 0.0, 0.0, 18.0, 18.0, 45.0, 54.0, 135.0, 135.0, 225.0, 432.0, 486.0, 567.0, 486.0, 513.0, 603.0, 603.0, 567.0, 558.0, 468.0, 594.0, 531.0, 504.0, 441.0, 405.0, 333.0, 189.0, 126.0, 81.0, 36.0, 27.0, 27.0]",0.00045958906412124634,-0.0005761133506894112,-0.0014481393154710531,0.026831425726413727,0.08860953897237778,0.8858327865600586,"[18.0, 0.0, 27.0, 36.0, 36.0, 45.0, 99.0, 126.0, 261.0, 432.0, 468.0, 432.0, 747.0, 891.0, 891.0, 990.0, 882.0, 828.0, 657.0, 405.0, 378.0, 162.0, 117.0, 99.0, 45.0, 36.0, 36.0, 36.0, 18.0, 0.0, 0.0, 18.0]",0.1067407950758934,-0.09701962023973465,-0.0014416202902793884,0.026836147531867027,0.09288500249385834,0.8843727111816406,"[18.0, 0.0, 27.0, 36.0, 36.0, 45.0, 99.0, 144.0, 261.0, 423.0, 504.0, 405.0, 855.0, 828.0, 891.0, 963.0, 891.0, 810.0, 666.0, 378.0, 387.0, 153.0, 108.0, 99.0, 54.0, 27.0, 36.0, 36.0, 18.0, 0.0, 0.0, 18.0]",0.1071610301733017,-0.09664063900709152
286,/features/features.14/conv/conv.0/conv.0.0/Conv,Conv,True,True,False,onnx::Conv_656,0.0,0.0,0.0,,,"[0.0, 0.0, 0.0, 0.0, 0.0, 0.0, 0.0, 0.0, 0.0, 0.0, 0.0, 0.0, 0.0, 0.0, 0.0, 0.0, 9216.0, 0.0, 0.0, 0.0, 0.0, 0.0, 0.0, 0.0, 0.0, 0.0, 0.0, 0.0, 0.0, 0.0, 0.0, 0.0]",0.0,0.0,-0.07059002667665482,0.11141105741262436,0.5223351716995239,-0.27489376068115234,"[18.0, 18.0, 9.0, 54.0, 0.0, 153.0, 171.0, 360.0, 216.0, 711.0, 738.0, 1089.0, 810.0, 648.0, 333.0, 306.0, 378.0, 630.0, 432.0, 324.0, 423.0, 180.0, 234.0, 162.0, 252.0, 108.0, 279.0, 72.0, 36.0, 36.0, 0.0, 36.0]",0.2685660719871521,-0.36445894837379456,-0.07059002667665482,0.11141105741262436,0.5223351716995239,-0.27489376068115234,"[18.0, 18.0, 9.0, 54.0, 0.0, 153.0, 171.0, 360.0, 216.0, 711.0, 738.0, 1089.0, 810.0, 648.0, 333.0, 306.0, 378.0, 630.0, 432.0, 324.0, 423.0, 180.0, 234.0, 162.0, 252.0, 108.0, 279.0, 72.0, 36.0, 36.0, 0.0, 36.0]",0.2685660719871521,-0.36445894837379456
287,/features/features.14/conv/conv.0/conv.0.0/Conv,Conv,False,False,True,/features/features.14/conv/conv.0/conv.0.0/Conv_output_0,0.1852729469537735,-0.014394556172192097,0.07445523142814636,-8.942841529846191,97.67577362060547,"[1.0, 0.0, 1.0, 0.0, 2.0, 0.0, 3.0, 1.0, 2.0, 2.0, 4.0, 4.0, 2.0, 2.0, 9.0, 8.0, 8.0, 14.0, 9.0, 17.0, 11.0, 4.0, 4.0, 10.0, 9.0, 12.0, 32.0, 74.0, 398.0, 6050.0, 2501.0, 22.0]",0.09526905417442322,-1.3481382131576538,-0.0025242995470762253,0.13882340490818024,0.5512759685516357,0.8058230876922607,"[3.0, 18.0, 64.0, 119.0, 246.0, 355.0, 551.0, 678.0, 863.0, 874.0, 908.0, 897.0, 834.0, 741.0, 596.0, 418.0, 326.0, 241.0, 136.0, 121.0, 72.0, 45.0, 36.0, 23.0, 13.0, 6.0, 9.0, 8.0, 11.0, 1.0, 1.0, 2.0]",0.707854151725769,-0.3838575482368469,0.011870256625115871,0.17578034102916718,2.488475799560547,14.647533416748047,"[15.0, 163.0, 523.0, 1189.0, 1629.0, 1753.0, 1621.0, 999.0, 642.0, 314.0, 127.0, 46.0, 45.0, 24.0, 23.0, 15.0, 12.0, 16.0, 14.0, 7.0, 5.0, 8.0, 5.0, 4.0, 4.0, 2.0, 1.0, 1.0, 2.0, 3.0, 2.0, 2.0]",1.777750015258789,-0.3863842487335205
288,/features/features.14/conv/conv.0/conv.0.2/Clip,Clip,False,True,False,/features/features.14/conv/conv.0/conv.0.0/Conv_output_0,0.1852729469537735,-0.014394556172192097,0.07445523142814636,-8.942841529846191,97.67577362060547,"[1.0, 0.0, 1.0, 0.0, 2.0, 0.0, 3.0, 1.0, 2.0, 2.0, 4.0, 4.0, 2.0, 2.0, 9.0, 8.0, 8.0, 14.0, 9.0, 17.0, 11.0, 4.0, 4.0, 10.0, 9.0, 12.0, 32.0, 74.0, 398.0, 6050.0, 2501.0, 22.0]",0.09526905417442322,-1.3481382131576538,-0.0025242995470762253,0.13882340490818024,0.5512759685516357,0.8058230876922607,"[3.0, 18.0, 64.0, 119.0, 246.0, 355.0, 551.0, 678.0, 863.0, 874.0, 908.0, 897.0, 834.0, 741.0, 596.0, 418.0, 326.0, 241.0, 136.0, 121.0, 72.0, 45.0, 36.0, 23.0, 13.0, 6.0, 9.0, 8.0, 11.0, 1.0, 1.0, 2.0]",0.707854151725769,-0.3838575482368469,0.011870256625115871,0.17578034102916718,2.488475799560547,14.647533416748047,"[15.0, 163.0, 523.0, 1189.0, 1629.0, 1753.0, 1621.0, 999.0, 642.0, 314.0, 127.0, 46.0, 45.0, 24.0, 23.0, 15.0, 12.0, 16.0, 14.0, 7.0, 5.0, 8.0, 5.0, 4.0, 4.0, 2.0, 1.0, 1.0, 2.0, 3.0, 2.0, 2.0]",1.777750015258789,-0.3863842487335205
289,/features/features.14/conv/conv.0/conv.0.2/Clip,Clip,True,True,False,/features/features.14/conv/conv.0/conv.0.2/Constant_output_0,0.0,0.0,0.0,,,"[0.0, 0.0, 0.0, 0.0, 0.0, 0.0, 0.0, 0.0, 0.0, 0.0, 0.0, 0.0, 0.0, 0.0, 0.0, 0.0, 9216.0, 0.0, 0.0, 0.0, 0.0, 0.0, 0.0, 0.0, 0.0, 0.0, 0.0, 0.0, 0.0, 0.0, 0.0, 0.0]",0.0,0.0,0.0,0.0,,,"[0.0, 0.0, 0.0, 0.0, 0.0, 0.0, 0.0, 0.0, 0.0, 0.0, 0.0, 0.0, 0.0, 0.0, 0.0, 0.0, 9216.0, 0.0, 0.0, 0.0, 0.0, 0.0, 0.0, 0.0, 0.0, 0.0, 0.0, 0.0, 0.0, 0.0, 0.0, 0.0]",0.0,0.0,0.0,0.0,,,"[0.0, 0.0, 0.0, 0.0, 0.0, 0.0, 0.0, 0.0, 0.0, 0.0, 0.0, 0.0, 0.0, 0.0, 0.0, 0.0, 9216.0, 0.0, 0.0, 0.0, 0.0, 0.0, 0.0, 0.0, 0.0, 0.0, 0.0, 0.0, 0.0, 0.0, 0.0, 0.0]",0.0,0.0
290,/features/features.14/conv/conv.0/conv.0.2/Clip,Clip,True,True,False,/features/features.14/conv/conv.0/conv.0.2/Constant_1_output_0,0.454673707485199,-4.045769214630127,0.0,,,"[0.0, 0.0, 0.0, 0.0, 0.0, 0.0, 0.0, 0.0, 0.0, 0.0, 0.0, 0.0, 0.0, 0.0, 0.0, 0.0, 9216.0, 0.0, 0.0, 0.0, 0.0, 0.0, 0.0, 0.0, 0.0, 0.0, 0.0, 0.0, 0.0, 0.0, 0.0, 0.0]",-4.045769214630127,-4.045769214630127,1.9542310237884521,2.3843151097935333e-07,-0.9998371601104736,-2.0002174377441406,"[0.0, 0.0, 0.0, 0.0, 0.0, 0.0, 0.0, 0.0, 0.0, 0.0, 0.0, 0.0, 0.0, 0.0, 0.0, 0.0, 9216.0, 0.0, 0.0, 0.0, 0.0, 0.0, 0.0, 0.0, 0.0, 0.0, 0.0, 0.0, 0.0, 0.0, 0.0, 0.0]",1.954230785369873,1.954230785369873,6.0,0.0,,,"[0.0, 0.0, 0.0, 0.0, 0.0, 0.0, 0.0, 0.0, 0.0, 0.0, 0.0, 0.0, 0.0, 0.0, 0.0, 0.0, 9216.0, 0.0, 0.0, 0.0, 0.0, 0.0, 0.0, 0.0, 0.0, 0.0, 0.0, 0.0, 0.0, 0.0, 0.0, 0.0]",6.0,6.0
291,/features/features.14/conv/conv.0/conv.0.2/Clip,Clip,False,False,True,/features/features.14/conv/conv.0/conv.0.2/Clip_output_0,0.24549290537834167,-0.012770609930157661,0.07355207204818726,-9.33705997467041,103.4282455444336,"[1.0, 0.0, 1.0, 0.0, 2.0, 0.0, 3.0, 1.0, 2.0, 2.0, 4.0, 4.0, 2.0, 2.0, 9.0, 9.0, 8.0, 13.0, 10.0, 17.0, 10.0, 3.0, 5.0, 11.0, 7.0, 15.0, 31.0, 66.0, 367.0, 7763.0, 837.0, 11.0]",0.09857387840747833,-1.3468959331512451,0.05342097207903862,0.08808685839176178,2.2830400466918945,6.532402038574219,"[5505.0, 374.0, 744.0, 335.0, 593.0, 228.0, 380.0, 147.0, 153.0, 235.0, 80.0, 115.0, 65.0, 67.0, 39.0, 21.0, 39.0, 9.0, 28.0, 8.0, 13.0, 3.0, 5.0, 4.0, 6.0, 10.0, 1.0, 6.0, 0.0, 1.0, 1.0, 1.0]",0.707831621170044,0.0,0.06619158387184143,0.13534963130950928,4.937633991241455,37.06580352783203,"[6151.0, 1182.0, 722.0, 479.0, 262.0, 141.0, 59.0, 41.0, 34.0, 17.0, 18.0, 16.0, 14.0, 8.0, 12.0, 12.0, 7.0, 4.0, 10.0, 2.0, 4.0, 4.0, 3.0, 2.0, 2.0, 0.0, 1.0, 1.0, 3.0, 2.0, 2.0, 1.0]",1.777750015258789,0.0
292,/features/features.14/conv/conv.1/conv.1.0/Conv,Conv,False,True,False,/features/features.14/conv/conv.0/conv.0.2/Clip_output_0,0.24549290537834167,-0.012770609930157661,0.07355207204818726,-9.33705997467041,103.4282455444336,"[1.0, 0.0, 1.0, 0.0, 2.0, 0.0, 3.0, 1.0, 2.0, 2.0, 4.0, 4.0, 2.0, 2.0, 9.0, 9.0, 8.0, 13.0, 10.0, 17.0, 10.0, 3.0, 5.0, 11.0, 7.0, 15.0, 31.0, 66.0, 367.0, 7763.0, 837.0, 11.0]",0.09857387840747833,-1.3468959331512451,0.05342097207903862,0.08808685839176178,2.2830400466918945,6.532402038574219,"[5505.0, 374.0, 744.0, 335.0, 593.0, 228.0, 380.0, 147.0, 153.0, 235.0, 80.0, 115.0, 65.0, 67.0, 39.0, 21.0, 39.0, 9.0, 28.0, 8.0, 13.0, 3.0, 5.0, 4.0, 6.0, 10.0, 1.0, 6.0, 0.0, 1.0, 1.0, 1.0]",0.707831621170044,0.0,0.06619158387184143,0.13534963130950928,4.937633991241455,37.06580352783203,"[6151.0, 1182.0, 722.0, 479.0, 262.0, 141.0, 59.0, 41.0, 34.0, 17.0, 18.0, 16.0, 14.0, 8.0, 12.0, 12.0, 7.0, 4.0, 10.0, 2.0, 4.0, 4.0, 3.0, 2.0, 2.0, 0.0, 1.0, 1.0, 3.0, 2.0, 2.0, 1.0]",1.777750015258789,0.0
293,/features/features.14/conv/conv.1/conv.1.0/Conv,Conv,True,True,False,onnx::Conv_658,1.897625952551607e-05,-0.00034959448385052383,0.0018950910307466984,0.05538855493068695,0.10822463035583496,"[18.0, 18.0, 0.0, 9.0, 36.0, 27.0, 108.0, 216.0, 261.0, 513.0, 468.0, 828.0, 837.0, 756.0, 558.0, 792.0, 783.0, 747.0, 729.0, 522.0, 360.0, 288.0, 126.0, 90.0, 63.0, 18.0, 18.0, 0.0, 9.0, 9.0, 0.0, 9.0]",0.00731668621301651,-0.006971299648284912,0.14592616260051727,0.41722676157951355,0.03244062885642052,-0.612478494644165,"[9.0, 0.0, 0.0, 9.0, 9.0, 36.0, 9.0, 36.0, 72.0, 234.0, 657.0, 1089.0, 1296.0, 306.0, 36.0, 126.0, 774.0, 954.0, 954.0, 891.0, 630.0, 351.0, 279.0, 225.0, 117.0, 54.0, 18.0, 36.0, 0.0, 0.0, 0.0, 9.0]",1.6703298091888428,-1.3939471244812012,0.14627572894096375,0.4174903929233551,0.03764058277010918,-0.6089694499969482,"[9.0, 0.0, 0.0, 9.0, 9.0, 36.0, 9.0, 36.0, 72.0, 243.0, 675.0, 1098.0, 1287.0, 279.0, 36.0, 126.0, 801.0, 927.0, 963.0, 918.0, 594.0, 342.0, 288.0, 216.0, 126.0, 54.0, 18.0, 36.0, 0.0, 0.0, 0.0, 9.0]",1.6734347343444824,-1.392775535583496
294,/features/features.14/conv/conv.1/conv.1.0/Conv,Conv,True,True,False,onnx::Conv_659,0.0,0.0,0.0,,,"[0.0, 0.0, 0.0, 0.0, 0.0, 0.0, 0.0, 0.0, 0.0, 0.0, 0.0, 0.0, 0.0, 0.0, 0.0, 0.0, 9216.0, 0.0, 0.0, 0.0, 0.0, 0.0, 0.0, 0.0, 0.0, 0.0, 0.0, 0.0, 0.0, 0.0, 0.0, 0.0]",0.0,0.0,0.1586085557937622,0.21997348964214325,0.5296663641929626,-0.694951057434082,"[45.0, 0.0, 0.0, 0.0, 18.0, 27.0, 0.0, 0.0, 99.0, 45.0, 9.0, 225.0, 828.0, 4230.0, 54.0, 0.0, 0.0, 0.0, 0.0, 63.0, 648.0, 396.0, 630.0, 342.0, 369.0, 198.0, 360.0, 261.0, 225.0, 81.0, 9.0, 54.0]",0.7180312871932983,-0.49713778495788574,0.1586085557937622,0.21997348964214325,0.5296663641929626,-0.694951057434082,"[45.0, 0.0, 0.0, 0.0, 18.0, 27.0, 0.0, 0.0, 99.0, 45.0, 9.0, 225.0, 828.0, 4230.0, 54.0, 0.0, 0.0, 0.0, 0.0, 63.0, 648.0, 396.0, 630.0, 342.0, 369.0, 198.0, 360.0, 261.0, 225.0, 81.0, 9.0, 54.0]",0.7180312871932983,-0.49713778495788574
295,/features/features.14/conv/conv.1/conv.1.0/Conv,Conv,False,False,True,/features/features.14/conv/conv.1/conv.1.0/Conv_output_0,0.14472483098506927,-0.017431799322366714,0.11525032669305801,-8.098423957824707,108.85018920898438,"[1.0, 0.0, 0.0, 0.0, 0.0, 0.0, 0.0, 2.0, 2.0, 3.0, 2.0, 4.0, 7.0, 4.0, 7.0, 3.0, 0.0, 3.0, 5.0, 13.0, 21.0, 74.0, 119.0, 151.0, 1224.0, 7375.0, 116.0, 52.0, 13.0, 6.0, 6.0, 3.0]",0.705757737159729,-2.6236844062805176,0.15891531109809875,0.19507020711898804,0.8950071334838867,1.660696029663086,"[1.0, 4.0, 9.0, 21.0, 31.0, 20.0, 43.0, 111.0, 88.0, 577.0, 2999.0, 678.0, 710.0, 772.0, 947.0, 754.0, 393.0, 401.0, 193.0, 159.0, 124.0, 56.0, 33.0, 32.0, 20.0, 11.0, 11.0, 7.0, 2.0, 6.0, 2.0, 1.0]",1.273821473121643,-0.588496208190918,0.17634707689285278,0.2505528926849365,2.447127342224121,14.890205383300781,"[4.0, 5.0, 5.0, 23.0, 75.0, 148.0, 630.0, 3764.0, 1443.0, 1618.0, 773.0, 383.0, 135.0, 79.0, 42.0, 18.0, 15.0, 13.0, 5.0, 3.0, 3.0, 6.0, 8.0, 9.0, 1.0, 4.0, 3.0, 0.0, 0.0, 0.0, 0.0, 1.0]",3.143249988555908,-0.8940758109092712
296,/features/features.14/conv/conv.1/conv.1.2/Clip,Clip,False,True,False,/features/features.14/conv/conv.1/conv.1.0/Conv_output_0,0.14472483098506927,-0.017431799322366714,0.11525032669305801,-8.098423957824707,108.85018920898438,"[1.0, 0.0, 0.0, 0.0, 0.0, 0.0, 0.0, 2.0, 2.0, 3.0, 2.0, 4.0, 7.0, 4.0, 7.0, 3.0, 0.0, 3.0, 5.0, 13.0, 21.0, 74.0, 119.0, 151.0, 1224.0, 7375.0, 116.0, 52.0, 13.0, 6.0, 6.0, 3.0]",0.705757737159729,-2.6236844062805176,0.15891531109809875,0.19507020711898804,0.8950071334838867,1.660696029663086,"[1.0, 4.0, 9.0, 21.0, 31.0, 20.0, 43.0, 111.0, 88.0, 577.0, 2999.0, 678.0, 710.0, 772.0, 947.0, 754.0, 393.0, 401.0, 193.0, 159.0, 124.0, 56.0, 33.0, 32.0, 20.0, 11.0, 11.0, 7.0, 2.0, 6.0, 2.0, 1.0]",1.273821473121643,-0.588496208190918,0.17634707689285278,0.2505528926849365,2.447127342224121,14.890205383300781,"[4.0, 5.0, 5.0, 23.0, 75.0, 148.0, 630.0, 3764.0, 1443.0, 1618.0, 773.0, 383.0, 135.0, 79.0, 42.0, 18.0, 15.0, 13.0, 5.0, 3.0, 3.0, 6.0, 8.0, 9.0, 1.0, 4.0, 3.0, 0.0, 0.0, 0.0, 0.0, 1.0]",3.143249988555908,-0.8940758109092712
297,/features/features.14/conv/conv.1/conv.1.2/Clip,Clip,True,True,False,/features/features.14/conv/conv.1/conv.1.2/Constant_output_0,0.0,0.0,0.0,,,"[0.0, 0.0, 0.0, 0.0, 0.0, 0.0, 0.0, 0.0, 0.0, 0.0, 0.0, 0.0, 0.0, 0.0, 0.0, 0.0, 9216.0, 0.0, 0.0, 0.0, 0.0, 0.0, 0.0, 0.0, 0.0, 0.0, 0.0, 0.0, 0.0, 0.0, 0.0, 0.0]",0.0,0.0,0.0,0.0,,,"[0.0, 0.0, 0.0, 0.0, 0.0, 0.0, 0.0, 0.0, 0.0, 0.0, 0.0, 0.0, 0.0, 0.0, 0.0, 0.0, 9216.0, 0.0, 0.0, 0.0, 0.0, 0.0, 0.0, 0.0, 0.0, 0.0, 0.0, 0.0, 0.0, 0.0, 0.0, 0.0]",0.0,0.0,0.0,0.0,,,"[0.0, 0.0, 0.0, 0.0, 0.0, 0.0, 0.0, 0.0, 0.0, 0.0, 0.0, 0.0, 0.0, 0.0, 0.0, 0.0, 9216.0, 0.0, 0.0, 0.0, 0.0, 0.0, 0.0, 0.0, 0.0, 0.0, 0.0, 0.0, 0.0, 0.0, 0.0, 0.0]",0.0,0.0
298,/features/features.14/conv/conv.1/conv.1.2/Clip,Clip,True,True,False,/features/features.14/conv/conv.1/conv.1.2/Constant_1_output_0,0.12571397423744202,-2.1273691654205322,7.152945613597694e-07,-0.9998371601104736,-2.0002174377441406,"[0.0, 0.0, 0.0, 0.0, 0.0, 0.0, 0.0, 0.0, 0.0, 0.0, 0.0, 0.0, 0.0, 0.0, 0.0, 0.0, 9216.0, 0.0, 0.0, 0.0, 0.0, 0.0, 0.0, 0.0, 0.0, 0.0, 0.0, 0.0, 0.0, 0.0, 0.0, 0.0]",-2.1273698806762695,-2.1273698806762695,3.8726301193237305,0.0,,,"[0.0, 0.0, 0.0, 0.0, 0.0, 0.0, 0.0, 0.0, 0.0, 0.0, 0.0, 0.0, 0.0, 0.0, 0.0, 0.0, 9216.0, 0.0, 0.0, 0.0, 0.0, 0.0, 0.0, 0.0, 0.0, 0.0, 0.0, 0.0, 0.0, 0.0, 0.0, 0.0]",3.8726301193237305,3.8726301193237305,6.0,0.0,,,"[0.0, 0.0, 0.0, 0.0, 0.0, 0.0, 0.0, 0.0, 0.0, 0.0, 0.0, 0.0, 0.0, 0.0, 0.0, 0.0, 9216.0, 0.0, 0.0, 0.0, 0.0, 0.0, 0.0, 0.0, 0.0, 0.0, 0.0, 0.0, 0.0, 0.0, 0.0, 0.0]",6.0,6.0
299,/features/features.14/conv/conv.1/conv.1.2/Clip,Clip,False,False,True,/features/features.14/conv/conv.1/conv.1.2/Clip_output_0,0.1404300332069397,-0.019408371299505234,0.11138729751110077,-9.21351146697998,123.04141235351562,"[1.0, 0.0, 0.0, 0.0, 0.0, 0.0, 0.0, 0.0, 1.0, 3.0, 1.0, 2.0, 2.0, 6.0, 5.0, 4.0, 4.0, 5.0, 1.0, 1.0, 2.0, 6.0, 9.0, 16.0, 49.0, 108.0, 85.0, 189.0, 2277.0, 6312.0, 89.0, 38.0]",0.2591426372528076,-2.624866485595703,0.16800019145011902,0.18257774412631989,1.290799617767334,1.9418282508850098,"[3828.0, 399.0, 326.0, 737.0, 390.0, 423.0, 1015.0, 432.0, 278.0, 385.0, 225.0, 170.0, 205.0, 74.0, 77.0, 62.0, 59.0, 23.0, 15.0, 33.0, 14.0, 8.0, 10.0, 7.0, 4.0, 6.0, 1.0, 3.0, 4.0, 2.0, 0.0, 1.0]",1.280712366104126,0.0,0.18740858137607574,0.23644839227199554,3.050452470779419,18.26918601989746,"[4437.0, 1121.0, 1418.0, 908.0, 594.0, 298.0, 175.0, 84.0, 54.0, 32.0, 17.0, 17.0, 5.0, 13.0, 5.0, 0.0, 4.0, 3.0, 4.0, 5.0, 9.0, 4.0, 1.0, 3.0, 3.0, 1.0, 0.0, 0.0, 0.0, 0.0, 0.0, 1.0]",3.143249988555908,0.0
300,/features/features.14/conv/conv.2/Conv,Conv,False,True,False,/features/features.14/conv/conv.1/conv.1.2/Clip_output_0,0.1404300332069397,-0.019408371299505234,0.11138729751110077,-9.21351146697998,123.04141235351562,"[1.0, 0.0, 0.0, 0.0, 0.0, 0.0, 0.0, 0.0, 1.0, 3.0, 1.0, 2.0, 2.0, 6.0, 5.0, 4.0, 4.0, 5.0, 1.0, 1.0, 2.0, 6.0, 9.0, 16.0, 49.0, 108.0, 85.0, 189.0, 2277.0, 6312.0, 89.0, 38.0]",0.2591426372528076,-2.624866485595703,0.16800019145011902,0.18257774412631989,1.290799617767334,1.9418282508850098,"[3828.0, 399.0, 326.0, 737.0, 390.0, 423.0, 1015.0, 432.0, 278.0, 385.0, 225.0, 170.0, 205.0, 74.0, 77.0, 62.0, 59.0, 23.0, 15.0, 33.0, 14.0, 8.0, 10.0, 7.0, 4.0, 6.0, 1.0, 3.0, 4.0, 2.0, 0.0, 1.0]",1.280712366104126,0.0,0.18740858137607574,0.23644839227199554,3.050452470779419,18.26918601989746,"[4437.0, 1121.0, 1418.0, 908.0, 594.0, 298.0, 175.0, 84.0, 54.0, 32.0, 17.0, 17.0, 5.0, 13.0, 5.0, 0.0, 4.0, 3.0, 4.0, 5.0, 9.0, 4.0, 1.0, 3.0, 3.0, 1.0, 0.0, 0.0, 0.0, 0.0, 0.0, 1.0]",3.143249988555908,0.0
301,/features/features.14/conv/conv.2/Conv,Conv,True,True,False,onnx::Conv_661,6.891779048601165e-05,-1.3596417375083547e-05,0.00048058584798127413,0.011740894988179207,-1.1237362623214722,"[18.0, 18.0, 18.0, 72.0, 144.0, 279.0, 288.0, 369.0, 459.0, 414.0, 333.0, 450.0, 423.0, 297.0, 378.0, 351.0, 342.0, 360.0, 378.0, 360.0, 387.0, 369.0, 414.0, 315.0, 351.0, 396.0, 414.0, 306.0, 252.0, 162.0, 72.0, 27.0]",0.0009863246232271194,-0.001131400465965271,-0.0007922291406430304,0.05791507288813591,-0.012675689533352852,0.2660672664642334,"[9.0, 9.0, 9.0, 27.0, 9.0, 9.0, 54.0, 180.0, 144.0, 189.0, 378.0, 459.0, 477.0, 630.0, 819.0, 936.0, 873.0, 774.0, 711.0, 693.0, 495.0, 315.0, 387.0, 225.0, 144.0, 90.0, 90.0, 45.0, 18.0, 0.0, 9.0, 9.0]",0.20233304798603058,-0.21445497870445251,-0.000778632122091949,0.05790816247463226,-0.010407633148133755,0.2670927047729492,"[9.0, 9.0, 9.0, 27.0, 9.0, 9.0, 81.0, 153.0, 162.0, 189.0, 396.0, 432.0, 504.0, 630.0, 837.0, 909.0, 900.0, 756.0, 693.0, 738.0, 459.0, 324.0, 360.0, 216.0, 153.0, 81.0, 90.0, 45.0, 18.0, 0.0, 9.0, 9.0]",0.2031296342611313,-0.2136172652244568
302,/features/features.14/conv/conv.2/Conv,Conv,True,True,False,onnx::Conv_662,0.0,0.0,0.0,,,"[0.0, 0.0, 0.0, 0.0, 0.0, 0.0, 0.0, 0.0, 0.0, 0.0, 0.0, 0.0, 0.0, 0.0, 0.0, 0.0, 9216.0, 0.0, 0.0, 0.0, 0.0, 0.0, 0.0, 0.0, 0.0, 0.0, 0.0, 0.0, 0.0, 0.0, 0.0, 0.0]",0.0,0.0,0.017117198556661606,0.27130526304244995,0.1360740065574646,0.9849193096160889,"[117.0, 45.0, 144.0, 225.0, 81.0, 270.0, 432.0, 234.0, 585.0, 1053.0, 558.0, 999.0, 765.0, 765.0, 585.0, 549.0, 576.0, 351.0, 369.0, 117.0, 252.0, 99.0, 0.0, 0.0, 0.0, 0.0, 0.0, 0.0, 0.0, 0.0, 0.0, 45.0]",1.1721327304840088,-0.6747640371322632,0.017117198556661606,0.27130526304244995,0.1360740065574646,0.9849193096160889,"[117.0, 45.0, 144.0, 225.0, 81.0, 270.0, 432.0, 234.0, 585.0, 1053.0, 558.0, 999.0, 765.0, 765.0, 585.0, 549.0, 576.0, 351.0, 369.0, 117.0, 252.0, 99.0, 0.0, 0.0, 0.0, 0.0, 0.0, 0.0, 0.0, 0.0, 0.0, 45.0]",1.1721327304840088,-0.6747640371322632
303,/features/features.14/conv/conv.2/Conv,Conv,False,False,True,/features/features.14/conv/conv.2/Conv_output_0,0.4742606282234192,-0.0038811166305094957,0.21500876545906067,-2.5292069911956787,97.48089599609375,"[1.0, 2.0, 3.0, 4.0, 4.0, 9.0, 8.0, 8.0, 3.0, 3.0, 2.0, 5.0, 5.0, 17.0, 32.0, 128.0, 8477.0, 385.0, 47.0, 20.0, 9.0, 2.0, 10.0, 7.0, 8.0, 4.0, 3.0, 3.0, 1.0, 0.0, 5.0, 1.0]",3.069140911102295,-3.324605703353882,0.006768851540982723,0.19804877042770386,-0.40791231393814087,5.00701904296875,"[4.0, 4.0, 0.0, 1.0, 1.0, 0.0, 3.0, 8.0, 7.0, 4.0, 25.0, 39.0, 46.0, 94.0, 141.0, 264.0, 591.0, 1207.0, 1546.0, 1701.0, 1477.0, 1306.0, 383.0, 150.0, 81.0, 37.0, 34.0, 19.0, 18.0, 18.0, 5.0, 2.0]",1.0226513147354126,-1.5150389671325684,0.010649967007339,0.3120797574520111,-0.02670547179877758,39.297027587890625,"[4.0, 1.0, 1.0, 1.0, 0.0, 1.0, 1.0, 5.0, 3.0, 9.0, 14.0, 13.0, 3.0, 12.0, 34.0, 147.0, 587.0, 3413.0, 3835.0, 858.0, 153.0, 50.0, 18.0, 7.0, 3.0, 1.0, 9.0, 5.0, 8.0, 8.0, 4.0, 8.0]",3.0822689533233643,-3.9781641960144043
304,/features/features.15/conv/conv.0/conv.0.0/Conv,Conv,False,True,False,/features/features.14/conv/conv.2/Conv_output_0,0.4742606282234192,-0.0038811166305094957,0.21500876545906067,-2.5292069911956787,97.48089599609375,"[1.0, 2.0, 3.0, 4.0, 4.0, 9.0, 8.0, 8.0, 3.0, 3.0, 2.0, 5.0, 5.0, 17.0, 32.0, 128.0, 8477.0, 385.0, 47.0, 20.0, 9.0, 2.0, 10.0, 7.0, 8.0, 4.0, 3.0, 3.0, 1.0, 0.0, 5.0, 1.0]",3.069140911102295,-3.324605703353882,0.006768851540982723,0.19804877042770386,-0.40791231393814087,5.00701904296875,"[4.0, 4.0, 0.0, 1.0, 1.0, 0.0, 3.0, 8.0, 7.0, 4.0, 25.0, 39.0, 46.0, 94.0, 141.0, 264.0, 591.0, 1207.0, 1546.0, 1701.0, 1477.0, 1306.0, 383.0, 150.0, 81.0, 37.0, 34.0, 19.0, 18.0, 18.0, 5.0, 2.0]",1.0226513147354126,-1.5150389671325684,0.010649967007339,0.3120797574520111,-0.02670547179877758,39.297027587890625,"[4.0, 1.0, 1.0, 1.0, 0.0, 1.0, 1.0, 5.0, 3.0, 9.0, 14.0, 13.0, 3.0, 12.0, 34.0, 147.0, 587.0, 3413.0, 3835.0, 858.0, 153.0, 50.0, 18.0, 7.0, 3.0, 1.0, 9.0, 5.0, 8.0, 8.0, 4.0, 8.0]",3.0822689533233643,-3.9781641960144043
305,/features/features.15/conv/conv.0/conv.0.0/Conv,Conv,True,True,False,onnx::Conv_664,4.372037074062973e-05,6.2858007368049584e-06,0.00025484702200628817,0.011694750748574734,-0.7654449939727783,"[9.0, 0.0, 0.0, 9.0, 18.0, 63.0, 63.0, 135.0, 270.0, 324.0, 414.0, 396.0, 540.0, 585.0, 486.0, 414.0, 567.0, 522.0, 396.0, 558.0, 495.0, 558.0, 459.0, 441.0, 441.0, 414.0, 270.0, 99.0, 117.0, 81.0, 36.0, 36.0]",0.0006393007934093475,-0.0007757358253002167,-0.0020653712563216686,0.03850096836686134,-0.017628410831093788,0.4844245910644531,"[18.0, 18.0, 27.0, 45.0, 45.0, 27.0, 81.0, 198.0, 189.0, 207.0, 333.0, 468.0, 675.0, 819.0, 765.0, 828.0, 882.0, 729.0, 648.0, 477.0, 459.0, 477.0, 216.0, 225.0, 108.0, 72.0, 72.0, 45.0, 18.0, 18.0, 9.0, 18.0]",0.13079987466335297,-0.13319312036037445,-0.002071657218039036,0.03849831968545914,-0.017693601548671722,0.4893684387207031,"[18.0, 9.0, 36.0, 45.0, 45.0, 27.0, 72.0, 207.0, 189.0, 207.0, 324.0, 477.0, 693.0, 801.0, 765.0, 828.0, 900.0, 702.0, 675.0, 486.0, 432.0, 486.0, 216.0, 216.0, 117.0, 72.0, 63.0, 45.0, 18.0, 27.0, 0.0, 18.0]",0.13131484389305115,-0.13352859020233154
306,/features/features.15/conv/conv.0/conv.0.0/Conv,Conv,True,True,False,onnx::Conv_665,0.0,0.0,0.0,,,"[0.0, 0.0, 0.0, 0.0, 0.0, 0.0, 0.0, 0.0, 0.0, 0.0, 0.0, 0.0, 0.0, 0.0, 0.0, 0.0, 9216.0, 0.0, 0.0, 0.0, 0.0, 0.0, 0.0, 0.0, 0.0, 0.0, 0.0, 0.0, 0.0, 0.0, 0.0, 0.0]",0.0,0.0,0.036170318722724915,0.06083836406469345,0.07457096874713898,-0.09943866729736328,"[36.0, 0.0, 18.0, 0.0, 54.0, 18.0, 63.0, 108.0, 171.0, 279.0, 324.0, 513.0, 594.0, 549.0, 612.0, 621.0, 441.0, 702.0, 720.0, 585.0, 558.0, 576.0, 351.0, 288.0, 261.0, 180.0, 243.0, 144.0, 36.0, 36.0, 99.0, 36.0]",0.20224671065807343,-0.15783075988292694,0.036170318722724915,0.06083836406469345,0.07457096874713898,-0.09943866729736328,"[36.0, 0.0, 18.0, 0.0, 54.0, 18.0, 63.0, 108.0, 171.0, 279.0, 324.0, 513.0, 594.0, 549.0, 612.0, 621.0, 441.0, 702.0, 720.0, 585.0, 558.0, 576.0, 351.0, 288.0, 261.0, 180.0, 243.0, 144.0, 36.0, 36.0, 99.0, 36.0]",0.20224671065807343,-0.15783075988292694
307,/features/features.15/conv/conv.0/conv.0.0/Conv,Conv,False,False,True,/features/features.15/conv/conv.0/conv.0.0/Conv_output_0,0.283322811126709,-0.0014770360430702567,0.08880480378866196,-4.068643093109131,110.71442413330078,"[1.0, 0.0, 1.0, 4.0, 3.0, 2.0, 3.0, 2.0, 2.0, 2.0, 3.0, 3.0, 3.0, 5.0, 7.0, 7.0, 11.0, 52.0, 171.0, 6494.0, 2256.0, 88.0, 31.0, 10.0, 14.0, 3.0, 10.0, 10.0, 5.0, 5.0, 4.0, 4.0]",1.014383316040039,-1.6655091047286987,0.03161809220910072,0.12564444541931152,0.8279041647911072,5.76731014251709,"[6.0, 4.0, 17.0, 24.0, 22.0, 50.0, 85.0, 179.0, 416.0, 905.0, 1499.0, 1766.0, 1581.0, 1057.0, 734.0, 456.0, 175.0, 69.0, 44.0, 43.0, 30.0, 16.0, 7.0, 2.0, 4.0, 4.0, 4.0, 3.0, 4.0, 4.0, 3.0, 3.0]",0.9973515272140503,-0.5432960391044617,0.03309512883424759,0.16354601085186005,1.342007040977478,19.839683532714844,"[5.0, 2.0, 4.0, 5.0, 19.0, 9.0, 14.0, 29.0, 51.0, 112.0, 311.0, 1743.0, 3252.0, 2210.0, 998.0, 237.0, 72.0, 53.0, 21.0, 17.0, 12.0, 5.0, 10.0, 4.0, 4.0, 5.0, 1.0, 1.0, 4.0, 2.0, 2.0, 2.0]",1.8400161266326904,-1.1712833642959595
308,/features/features.15/conv/conv.0/conv.0.2/Clip,Clip,False,True,False,/features/features.15/conv/conv.0/conv.0.0/Conv_output_0,0.283322811126709,-0.0014770360430702567,0.08880480378866196,-4.068643093109131,110.71442413330078,"[1.0, 0.0, 1.0, 4.0, 3.0, 2.0, 3.0, 2.0, 2.0, 2.0, 3.0, 3.0, 3.0, 5.0, 7.0, 7.0, 11.0, 52.0, 171.0, 6494.0, 2256.0, 88.0, 31.0, 10.0, 14.0, 3.0, 10.0, 10.0, 5.0, 5.0, 4.0, 4.0]",1.014383316040039,-1.6655091047286987,0.03161809220910072,0.12564444541931152,0.8279041647911072,5.76731014251709,"[6.0, 4.0, 17.0, 24.0, 22.0, 50.0, 85.0, 179.0, 416.0, 905.0, 1499.0, 1766.0, 1581.0, 1057.0, 734.0, 456.0, 175.0, 69.0, 44.0, 43.0, 30.0, 16.0, 7.0, 2.0, 4.0, 4.0, 4.0, 3.0, 4.0, 4.0, 3.0, 3.0]",0.9973515272140503,-0.5432960391044617,0.03309512883424759,0.16354601085186005,1.342007040977478,19.839683532714844,"[5.0, 2.0, 4.0, 5.0, 19.0, 9.0, 14.0, 29.0, 51.0, 112.0, 311.0, 1743.0, 3252.0, 2210.0, 998.0, 237.0, 72.0, 53.0, 21.0, 17.0, 12.0, 5.0, 10.0, 4.0, 4.0, 5.0, 1.0, 1.0, 4.0, 2.0, 2.0, 2.0]",1.8400161266326904,-1.1712833642959595
309,/features/features.15/conv/conv.0/conv.0.2/Clip,Clip,True,True,False,/features/features.15/conv/conv.0/conv.0.2/Constant_output_0,0.0,0.0,0.0,,,"[0.0, 0.0, 0.0, 0.0, 0.0, 0.0, 0.0, 0.0, 0.0, 0.0, 0.0, 0.0, 0.0, 0.0, 0.0, 0.0, 9216.0, 0.0, 0.0, 0.0, 0.0, 0.0, 0.0, 0.0, 0.0, 0.0, 0.0, 0.0, 0.0, 0.0, 0.0, 0.0]",0.0,0.0,0.0,0.0,,,"[0.0, 0.0, 0.0, 0.0, 0.0, 0.0, 0.0, 0.0, 0.0, 0.0, 0.0, 0.0, 0.0, 0.0, 0.0, 0.0, 9216.0, 0.0, 0.0, 0.0, 0.0, 0.0, 0.0, 0.0, 0.0, 0.0, 0.0, 0.0, 0.0, 0.0, 0.0, 0.0]",0.0,0.0,0.0,0.0,,,"[0.0, 0.0, 0.0, 0.0, 0.0, 0.0, 0.0, 0.0, 0.0, 0.0, 0.0, 0.0, 0.0, 0.0, 0.0, 0.0, 9216.0, 0.0, 0.0, 0.0, 0.0, 0.0, 0.0, 0.0, 0.0, 0.0, 0.0, 0.0, 0.0, 0.0, 0.0, 0.0]",0.0,0.0
310,/features/features.15/conv/conv.0/conv.0.2/Clip,Clip,True,True,False,/features/features.15/conv/conv.0/conv.0.2/Constant_1_output_0,0.416792094707489,-3.873565673828125,0.0,,,"[0.0, 0.0, 0.0, 0.0, 0.0, 0.0, 0.0, 0.0, 0.0, 0.0, 0.0, 0.0, 0.0, 0.0, 0.0, 0.0, 9216.0, 0.0, 0.0, 0.0, 0.0, 0.0, 0.0, 0.0, 0.0, 0.0, 0.0, 0.0, 0.0, 0.0, 0.0, 0.0]",-3.873565673828125,-3.873565673828125,2.126434326171875,0.0,,,"[0.0, 0.0, 0.0, 0.0, 0.0, 0.0, 0.0, 0.0, 0.0, 0.0, 0.0, 0.0, 0.0, 0.0, 0.0, 0.0, 9216.0, 0.0, 0.0, 0.0, 0.0, 0.0, 0.0, 0.0, 0.0, 0.0, 0.0, 0.0, 0.0, 0.0, 0.0, 0.0]",2.126434326171875,2.126434326171875,6.0,0.0,,,"[0.0, 0.0, 0.0, 0.0, 0.0, 0.0, 0.0, 0.0, 0.0, 0.0, 0.0, 0.0, 0.0, 0.0, 0.0, 0.0, 9216.0, 0.0, 0.0, 0.0, 0.0, 0.0, 0.0, 0.0, 0.0, 0.0, 0.0, 0.0, 0.0, 0.0, 0.0, 0.0]",6.0,6.0
311,/features/features.15/conv/conv.0/conv.0.2/Clip,Clip,False,False,True,/features/features.15/conv/conv.0/conv.0.2/Clip_output_0,0.2456483393907547,-0.006566059775650501,0.06864325702190399,-14.232236862182617,249.49940490722656,"[1.0, 0.0, 0.0, 1.0, 1.0, 4.0, 2.0, 1.0, 1.0, 3.0, 2.0, 0.0, 2.0, 1.0, 2.0, 2.0, 3.0, 2.0, 3.0, 3.0, 7.0, 2.0, 2.0, 3.0, 15.0, 34.0, 69.0, 412.0, 8314.0, 287.0, 29.0, 8.0]",0.20518998801708221,-1.672580361366272,0.062041714787483215,0.09224538505077362,3.0130832195281982,16.33971405029297,"[4667.0, 1139.0, 1000.0, 710.0, 515.0, 472.0, 291.0, 93.0, 93.0, 54.0, 34.0, 28.0, 29.0, 27.0, 13.0, 7.0, 10.0, 2.0, 2.0, 2.0, 3.0, 2.0, 3.0, 2.0, 1.0, 3.0, 2.0, 5.0, 2.0, 2.0, 1.0, 2.0]",1.0046147108078003,0.0,0.06860777735710144,0.12103493511676788,5.3540167808532715,48.98914337158203,"[5720.0, 1505.0, 906.0, 578.0, 218.0, 84.0, 43.0, 43.0, 27.0, 14.0, 12.0, 6.0, 14.0, 6.0, 2.0, 6.0, 6.0, 3.0, 3.0, 2.0, 3.0, 1.0, 3.0, 0.0, 1.0, 2.0, 2.0, 0.0, 2.0, 1.0, 1.0, 2.0]",1.8400161266326904,0.0
312,/features/features.15/conv/conv.1/conv.1.0/Conv,Conv,False,True,False,/features/features.15/conv/conv.0/conv.0.2/Clip_output_0,0.2456483393907547,-0.006566059775650501,0.06864325702190399,-14.232236862182617,249.49940490722656,"[1.0, 0.0, 0.0, 1.0, 1.0, 4.0, 2.0, 1.0, 1.0, 3.0, 2.0, 0.0, 2.0, 1.0, 2.0, 2.0, 3.0, 2.0, 3.0, 3.0, 7.0, 2.0, 2.0, 3.0, 15.0, 34.0, 69.0, 412.0, 8314.0, 287.0, 29.0, 8.0]",0.20518998801708221,-1.672580361366272,0.062041714787483215,0.09224538505077362,3.0130832195281982,16.33971405029297,"[4667.0, 1139.0, 1000.0, 710.0, 515.0, 472.0, 291.0, 93.0, 93.0, 54.0, 34.0, 28.0, 29.0, 27.0, 13.0, 7.0, 10.0, 2.0, 2.0, 2.0, 3.0, 2.0, 3.0, 2.0, 1.0, 3.0, 2.0, 5.0, 2.0, 2.0, 1.0, 2.0]",1.0046147108078003,0.0,0.06860777735710144,0.12103493511676788,5.3540167808532715,48.98914337158203,"[5720.0, 1505.0, 906.0, 578.0, 218.0, 84.0, 43.0, 43.0, 27.0, 14.0, 12.0, 6.0, 14.0, 6.0, 2.0, 6.0, 6.0, 3.0, 3.0, 2.0, 3.0, 1.0, 3.0, 0.0, 1.0, 2.0, 2.0, 0.0, 2.0, 1.0, 1.0, 2.0]",1.8400161266326904,0.0
313,/features/features.15/conv/conv.1/conv.1.0/Conv,Conv,True,True,False,onnx::Conv_667,2.4094057152979076e-05,-0.0005302426288835704,0.004054487217217684,-0.9541808366775513,8.474827766418457,"[9.0, 0.0, 0.0, 0.0, 0.0, 0.0, 0.0, 0.0, 0.0, 0.0, 0.0, 0.0, 18.0, 9.0, 27.0, 18.0, 99.0, 171.0, 468.0, 900.0, 1071.0, 1764.0, 1962.0, 1287.0, 756.0, 396.0, 171.0, 54.0, 18.0, 9.0, 0.0, 9.0]",0.017278671264648438,-0.039096832275390625,-0.003320225514471531,0.8326444029808044,-1.2099134922027588,21.754117965698242,"[9.0, 0.0, 0.0, 0.0, 0.0, 0.0, 0.0, 0.0, 0.0, 0.0, 0.0, 0.0, 9.0, 0.0, 0.0, 9.0, 9.0, 18.0, 54.0, 288.0, 585.0, 3321.0, 1764.0, 1440.0, 918.0, 441.0, 189.0, 81.0, 54.0, 18.0, 0.0, 9.0]",4.194119453430176,-10.008868217468262,-0.0027899895794689655,0.8330314755439758,-1.1814067363739014,21.433107376098633,"[9.0, 0.0, 0.0, 0.0, 0.0, 0.0, 0.0, 0.0, 0.0, 0.0, 0.0, 0.0, 9.0, 0.0, 0.0, 9.0, 9.0, 18.0, 72.0, 279.0, 666.0, 3411.0, 1629.0, 1458.0, 873.0, 432.0, 189.0, 72.0, 54.0, 18.0, 0.0, 9.0]",4.210631847381592,-9.969771385192871
314,/features/features.15/conv/conv.1/conv.1.0/Conv,Conv,True,True,False,onnx::Conv_668,0.0,0.0,0.0,,,"[0.0, 0.0, 0.0, 0.0, 0.0, 0.0, 0.0, 0.0, 0.0, 0.0, 0.0, 0.0, 0.0, 0.0, 0.0, 0.0, 9216.0, 0.0, 0.0, 0.0, 0.0, 0.0, 0.0, 0.0, 0.0, 0.0, 0.0, 0.0, 0.0, 0.0, 0.0, 0.0]",0.0,0.0,0.052429914474487305,0.1821216344833374,0.41150397062301636,0.6721343994140625,"[9.0, 0.0, 0.0, 9.0, 0.0, 27.0, 27.0, 54.0, 63.0, 162.0, 288.0, 360.0, 513.0, 756.0, 1800.0, 1440.0, 252.0, 153.0, 144.0, 657.0, 1431.0, 459.0, 207.0, 81.0, 81.0, 54.0, 45.0, 27.0, 36.0, 9.0, 45.0, 27.0]",0.728847086429596,-0.6659551858901978,0.052429914474487305,0.1821216344833374,0.41150397062301636,0.6721343994140625,"[9.0, 0.0, 0.0, 9.0, 0.0, 27.0, 27.0, 54.0, 63.0, 162.0, 288.0, 360.0, 513.0, 756.0, 1800.0, 1440.0, 252.0, 153.0, 144.0, 657.0, 1431.0, 459.0, 207.0, 81.0, 81.0, 54.0, 45.0, 27.0, 36.0, 9.0, 45.0, 27.0]",0.728847086429596,-0.6659551858901978
315,/features/features.15/conv/conv.1/conv.1.0/Conv,Conv,False,False,True,/features/features.15/conv/conv.1/conv.1.0/Conv_output_0,0.16441014409065247,0.0005230347742326558,0.09958332031965256,0.8180796504020691,61.36640167236328,"[2.0, 2.0, 8.0, 11.0, 5.0, 3.0, 2.0, 2.0, 8.0, 9.0, 27.0, 72.0, 162.0, 1287.0, 7029.0, 343.0, 90.0, 67.0, 31.0, 16.0, 8.0, 6.0, 6.0, 1.0, 3.0, 2.0, 3.0, 3.0, 3.0, 2.0, 2.0, 1.0]",1.4505637884140015,-1.1703029870986938,0.039520472288131714,0.2151392698287964,2.276797294616699,18.358800888061523,"[1.0, 4.0, 5.0, 37.0, 28.0, 62.0, 229.0, 721.0, 1930.0, 2637.0, 1425.0, 1511.0, 299.0, 125.0, 66.0, 34.0, 31.0, 22.0, 7.0, 9.0, 4.0, 3.0, 2.0, 4.0, 2.0, 2.0, 4.0, 2.0, 4.0, 2.0, 3.0, 1.0]",2.430051803588867,-1.0120383501052856,0.03899744525551796,0.24248374998569489,1.7730189561843872,16.723854064941406,"[3.0, 3.0, 5.0, 4.0, 3.0, 10.0, 43.0, 26.0, 94.0, 273.0, 1149.0, 3151.0, 2071.0, 1742.0, 292.0, 133.0, 55.0, 52.0, 40.0, 20.0, 9.0, 10.0, 4.0, 5.0, 2.0, 1.0, 5.0, 4.0, 4.0, 2.0, 0.0, 1.0]",2.734884023666382,-1.6119906902313232
316,/features/features.15/conv/conv.1/conv.1.2/Clip,Clip,False,True,False,/features/features.15/conv/conv.1/conv.1.0/Conv_output_0,0.16441014409065247,0.0005230347742326558,0.09958332031965256,0.8180796504020691,61.36640167236328,"[2.0, 2.0, 8.0, 11.0, 5.0, 3.0, 2.0, 2.0, 8.0, 9.0, 27.0, 72.0, 162.0, 1287.0, 7029.0, 343.0, 90.0, 67.0, 31.0, 16.0, 8.0, 6.0, 6.0, 1.0, 3.0, 2.0, 3.0, 3.0, 3.0, 2.0, 2.0, 1.0]",1.4505637884140015,-1.1703029870986938,0.039520472288131714,0.2151392698287964,2.276797294616699,18.358800888061523,"[1.0, 4.0, 5.0, 37.0, 28.0, 62.0, 229.0, 721.0, 1930.0, 2637.0, 1425.0, 1511.0, 299.0, 125.0, 66.0, 34.0, 31.0, 22.0, 7.0, 9.0, 4.0, 3.0, 2.0, 4.0, 2.0, 2.0, 4.0, 2.0, 4.0, 2.0, 3.0, 1.0]",2.430051803588867,-1.0120383501052856,0.03899744525551796,0.24248374998569489,1.7730189561843872,16.723854064941406,"[3.0, 3.0, 5.0, 4.0, 3.0, 10.0, 43.0, 26.0, 94.0, 273.0, 1149.0, 3151.0, 2071.0, 1742.0, 292.0, 133.0, 55.0, 52.0, 40.0, 20.0, 9.0, 10.0, 4.0, 5.0, 2.0, 1.0, 5.0, 4.0, 4.0, 2.0, 0.0, 1.0]",2.734884023666382,-1.6119906902313232
317,/features/features.15/conv/conv.1/conv.1.2/Clip,Clip,True,True,False,/features/features.15/conv/conv.1/conv.1.2/Constant_output_0,0.0,0.0,0.0,,,"[0.0, 0.0, 0.0, 0.0, 0.0, 0.0, 0.0, 0.0, 0.0, 0.0, 0.0, 0.0, 0.0, 0.0, 0.0, 0.0, 9216.0, 0.0, 0.0, 0.0, 0.0, 0.0, 0.0, 0.0, 0.0, 0.0, 0.0, 0.0, 0.0, 0.0, 0.0, 0.0]",0.0,0.0,0.0,0.0,,,"[0.0, 0.0, 0.0, 0.0, 0.0, 0.0, 0.0, 0.0, 0.0, 0.0, 0.0, 0.0, 0.0, 0.0, 0.0, 0.0, 9216.0, 0.0, 0.0, 0.0, 0.0, 0.0, 0.0, 0.0, 0.0, 0.0, 0.0, 0.0, 0.0, 0.0, 0.0, 0.0]",0.0,0.0,0.0,0.0,,,"[0.0, 0.0, 0.0, 0.0, 0.0, 0.0, 0.0, 0.0, 0.0, 0.0, 0.0, 0.0, 0.0, 0.0, 0.0, 0.0, 9216.0, 0.0, 0.0, 0.0, 0.0, 0.0, 0.0, 0.0, 0.0, 0.0, 0.0, 0.0, 0.0, 0.0, 0.0, 0.0]",0.0,0.0
318,/features/features.15/conv/conv.1/conv.1.2/Clip,Clip,True,True,False,/features/features.15/conv/conv.1/conv.1.2/Constant_1_output_0,0.20484837889671326,-2.7156105041503906,2.3843151097935333e-07,-0.9998371601104736,-2.0002174377441406,"[0.0, 0.0, 0.0, 0.0, 0.0, 0.0, 0.0, 0.0, 0.0, 0.0, 0.0, 0.0, 0.0, 0.0, 0.0, 0.0, 9216.0, 0.0, 0.0, 0.0, 0.0, 0.0, 0.0, 0.0, 0.0, 0.0, 0.0, 0.0, 0.0, 0.0, 0.0, 0.0]",-2.7156107425689697,-2.7156107425689697,3.2843894958496094,2.3843151097935333e-07,-0.9998371601104736,-2.0002174377441406,"[0.0, 0.0, 0.0, 0.0, 0.0, 0.0, 0.0, 0.0, 0.0, 0.0, 0.0, 0.0, 0.0, 0.0, 0.0, 9216.0, 0.0, 0.0, 0.0, 0.0, 0.0, 0.0, 0.0, 0.0, 0.0, 0.0, 0.0, 0.0, 0.0, 0.0, 0.0, 0.0]",3.2843892574310303,3.2843892574310303,6.0,0.0,,,"[0.0, 0.0, 0.0, 0.0, 0.0, 0.0, 0.0, 0.0, 0.0, 0.0, 0.0, 0.0, 0.0, 0.0, 0.0, 0.0, 9216.0, 0.0, 0.0, 0.0, 0.0, 0.0, 0.0, 0.0, 0.0, 0.0, 0.0, 0.0, 0.0, 0.0, 0.0, 0.0]",6.0,6.0
319,/features/features.15/conv/conv.1/conv.1.2/Clip,Clip,False,False,True,/features/features.15/conv/conv.1/conv.1.2/Clip_output_0,0.10422948747873306,-0.005557541269809008,0.06696801632642746,-8.063770294189453,102.48665618896484,"[3.0, 1.0, 2.0, 5.0, 3.0, 5.0, 5.0, 1.0, 2.0, 4.0, 2.0, 0.0, 0.0, 4.0, 3.0, 6.0, 6.0, 11.0, 20.0, 23.0, 57.0, 83.0, 230.0, 1099.0, 7048.0, 411.0, 82.0, 48.0, 27.0, 21.0, 2.0, 2.0]",0.3486492335796356,-1.090361475944519,0.09161747246980667,0.16698220372200012,5.142290115356445,45.413002014160156,"[5667.0, 1042.0, 1395.0, 582.0, 185.0, 100.0, 69.0, 43.0, 21.0, 27.0, 18.0, 17.0, 4.0, 8.0, 6.0, 2.0, 3.0, 1.0, 0.0, 4.0, 3.0, 1.0, 2.0, 0.0, 5.0, 1.0, 3.0, 2.0, 1.0, 3.0, 0.0, 1.0]",2.4309651851654053,0.0,0.09717501699924469,0.18406428396701813,4.995949745178223,40.45916748046875,"[5967.0, 1126.0, 1327.0, 306.0, 148.0, 90.0, 57.0, 30.0, 35.0, 33.0, 23.0, 16.0, 11.0, 7.0, 10.0, 2.0, 2.0, 5.0, 2.0, 2.0, 0.0, 1.0, 2.0, 3.0, 1.0, 5.0, 2.0, 2.0, 0.0, 0.0, 0.0, 1.0]",2.734884023666382,0.0
320,/features/features.15/conv/conv.2/Conv,Conv,False,True,False,/features/features.15/conv/conv.1/conv.1.2/Clip_output_0,0.10422948747873306,-0.005557541269809008,0.06696801632642746,-8.063770294189453,102.48665618896484,"[3.0, 1.0, 2.0, 5.0, 3.0, 5.0, 5.0, 1.0, 2.0, 4.0, 2.0, 0.0, 0.0, 4.0, 3.0, 6.0, 6.0, 11.0, 20.0, 23.0, 57.0, 83.0, 230.0, 1099.0, 7048.0, 411.0, 82.0, 48.0, 27.0, 21.0, 2.0, 2.0]",0.3486492335796356,-1.090361475944519,0.09161747246980667,0.16698220372200012,5.142290115356445,45.413002014160156,"[5667.0, 1042.0, 1395.0, 582.0, 185.0, 100.0, 69.0, 43.0, 21.0, 27.0, 18.0, 17.0, 4.0, 8.0, 6.0, 2.0, 3.0, 1.0, 0.0, 4.0, 3.0, 1.0, 2.0, 0.0, 5.0, 1.0, 3.0, 2.0, 1.0, 3.0, 0.0, 1.0]",2.4309651851654053,0.0,0.09717501699924469,0.18406428396701813,4.995949745178223,40.45916748046875,"[5967.0, 1126.0, 1327.0, 306.0, 148.0, 90.0, 57.0, 30.0, 35.0, 33.0, 23.0, 16.0, 11.0, 7.0, 10.0, 2.0, 2.0, 5.0, 2.0, 2.0, 0.0, 1.0, 2.0, 3.0, 1.0, 5.0, 2.0, 2.0, 0.0, 0.0, 0.0, 1.0]",2.734884023666382,0.0
321,/features/features.15/conv/conv.2/Conv,Conv,True,True,False,onnx::Conv_670,7.892362918937579e-05,1.6697526916686911e-06,0.0005001197569072247,0.027535127475857735,-1.070263147354126,"[18.0, 72.0, 81.0, 126.0, 288.0, 369.0, 423.0, 360.0, 387.0, 396.0, 378.0, 459.0, 414.0, 360.0, 432.0, 306.0, 342.0, 414.0, 387.0, 369.0, 342.0, 360.0, 432.0, 459.0, 369.0, 315.0, 261.0, 153.0, 72.0, 36.0, 9.0, 27.0]",0.0011778436601161957,-0.0010903477668762207,-0.003929578699171543,0.056150250136852264,-0.12349596619606018,0.21420764923095703,"[27.0, 18.0, 45.0, 18.0, 81.0, 108.0, 135.0, 162.0, 225.0, 378.0, 369.0, 540.0, 513.0, 711.0, 702.0, 891.0, 756.0, 702.0, 684.0, 684.0, 351.0, 279.0, 306.0, 216.0, 99.0, 99.0, 54.0, 0.0, 18.0, 27.0, 9.0, 9.0]",0.18615208566188812,-0.18281687796115875,-0.003931248560547829,0.056157954037189484,-0.12544035911560059,0.21440982818603516,"[27.0, 18.0, 45.0, 18.0, 81.0, 108.0, 135.0, 162.0, 216.0, 369.0, 369.0, 549.0, 522.0, 711.0, 702.0, 891.0, 756.0, 684.0, 684.0, 675.0, 360.0, 279.0, 315.0, 225.0, 108.0, 90.0, 54.0, 0.0, 18.0, 27.0, 9.0, 9.0]",0.18623219430446625,-0.18332307040691376
322,/features/features.15/conv/conv.2/Conv,Conv,True,True,False,onnx::Conv_671,0.0,0.0,0.0,,,"[0.0, 0.0, 0.0, 0.0, 0.0, 0.0, 0.0, 0.0, 0.0, 0.0, 0.0, 0.0, 0.0, 0.0, 0.0, 0.0, 9216.0, 0.0, 0.0, 0.0, 0.0, 0.0, 0.0, 0.0, 0.0, 0.0, 0.0, 0.0, 0.0, 0.0, 0.0, 0.0]",0.0,0.0,0.001577422022819519,0.1615636944770813,-0.3577330410480499,0.2992982864379883,"[45.0, 0.0, 0.0, 0.0, 99.0, 153.0, 189.0, 198.0, 90.0, 63.0, 450.0, 243.0, 369.0, 621.0, 297.0, 702.0, 765.0, 801.0, 576.0, 891.0, 585.0, 954.0, 171.0, 405.0, 198.0, 207.0, 0.0, 27.0, 0.0, 54.0, 0.0, 63.0]",0.46887487173080444,-0.5227798223495483,0.001577422022819519,0.1615636944770813,-0.3577330410480499,0.2992982864379883,"[45.0, 0.0, 0.0, 0.0, 99.0, 153.0, 189.0, 198.0, 90.0, 63.0, 450.0, 243.0, 369.0, 621.0, 297.0, 702.0, 765.0, 801.0, 576.0, 891.0, 585.0, 954.0, 171.0, 405.0, 198.0, 207.0, 0.0, 27.0, 0.0, 54.0, 0.0, 63.0]",0.46887487173080444,-0.5227798223495483
323,/features/features.15/conv/conv.2/Conv,Conv,False,False,True,/features/features.15/conv/conv.2/Conv_output_0,0.48510152101516724,-0.0005111103528179228,0.19929957389831543,-1.3463561534881592,84.69092559814453,"[1.0, 1.0, 3.0, 0.0, 3.0, 0.0, 2.0, 5.0, 4.0, 9.0, 13.0, 19.0, 32.0, 42.0, 49.0, 516.0, 8111.0, 241.0, 71.0, 46.0, 16.0, 9.0, 7.0, 6.0, 1.0, 1.0, 0.0, 2.0, 0.0, 4.0, 0.0, 2.0]",3.1902167797088623,-3.3395652770996094,-0.01438021007925272,0.19763325154781342,0.6056550145149231,7.628541946411133,"[5.0, 0.0, 3.0, 0.0, 1.0, 3.0, 20.0, 38.0, 41.0, 122.0, 180.0, 645.0, 990.0, 2505.0, 1808.0, 1269.0, 997.0, 274.0, 161.0, 37.0, 43.0, 28.0, 18.0, 10.0, 1.0, 0.0, 0.0, 5.0, 0.0, 6.0, 2.0, 4.0]",1.628666877746582,-1.3256590366363525,-0.01386910118162632,0.2858121693134308,0.8447690606117249,25.295623779296875,"[2.0, 2.0, 2.0, 1.0, 0.0, 2.0, 2.0, 3.0, 7.0, 11.0, 35.0, 48.0, 114.0, 432.0, 2396.0, 4270.0, 1440.0, 205.0, 108.0, 55.0, 24.0, 13.0, 16.0, 12.0, 3.0, 3.0, 1.0, 2.0, 2.0, 2.0, 1.0, 2.0]",3.4153172969818115,-3.180877447128296
324,/features/features.15/Add,Add,False,True,False,/features/features.14/conv/conv.2/Conv_output_0,0.4742606282234192,-0.0038811166305094957,0.21500876545906067,-2.5292069911956787,97.48089599609375,"[1.0, 2.0, 3.0, 4.0, 4.0, 9.0, 8.0, 8.0, 3.0, 3.0, 2.0, 5.0, 5.0, 17.0, 32.0, 128.0, 8477.0, 385.0, 47.0, 20.0, 9.0, 2.0, 10.0, 7.0, 8.0, 4.0, 3.0, 3.0, 1.0, 0.0, 5.0, 1.0]",3.069140911102295,-3.324605703353882,0.006768851540982723,0.19804877042770386,-0.40791231393814087,5.00701904296875,"[4.0, 4.0, 0.0, 1.0, 1.0, 0.0, 3.0, 8.0, 7.0, 4.0, 25.0, 39.0, 46.0, 94.0, 141.0, 264.0, 591.0, 1207.0, 1546.0, 1701.0, 1477.0, 1306.0, 383.0, 150.0, 81.0, 37.0, 34.0, 19.0, 18.0, 18.0, 5.0, 2.0]",1.0226513147354126,-1.5150389671325684,0.010649967007339,0.3120797574520111,-0.02670547179877758,39.297027587890625,"[4.0, 1.0, 1.0, 1.0, 0.0, 1.0, 1.0, 5.0, 3.0, 9.0, 14.0, 13.0, 3.0, 12.0, 34.0, 147.0, 587.0, 3413.0, 3835.0, 858.0, 153.0, 50.0, 18.0, 7.0, 3.0, 1.0, 9.0, 5.0, 8.0, 8.0, 4.0, 8.0]",3.0822689533233643,-3.9781641960144043
325,/features/features.15/Add,Add,False,True,False,/features/features.15/conv/conv.2/Conv_output_0,0.48510152101516724,-0.0005111103528179228,0.19929957389831543,-1.3463561534881592,84.69092559814453,"[1.0, 1.0, 3.0, 0.0, 3.0, 0.0, 2.0, 5.0, 4.0, 9.0, 13.0, 19.0, 32.0, 42.0, 49.0, 516.0, 8111.0, 241.0, 71.0, 46.0, 16.0, 9.0, 7.0, 6.0, 1.0, 1.0, 0.0, 2.0, 0.0, 4.0, 0.0, 2.0]",3.1902167797088623,-3.3395652770996094,-0.01438021007925272,0.19763325154781342,0.6056550145149231,7.628541946411133,"[5.0, 0.0, 3.0, 0.0, 1.0, 3.0, 20.0, 38.0, 41.0, 122.0, 180.0, 645.0, 990.0, 2505.0, 1808.0, 1269.0, 997.0, 274.0, 161.0, 37.0, 43.0, 28.0, 18.0, 10.0, 1.0, 0.0, 0.0, 5.0, 0.0, 6.0, 2.0, 4.0]",1.628666877746582,-1.3256590366363525,-0.01386910118162632,0.2858121693134308,0.8447690606117249,25.295623779296875,"[2.0, 2.0, 2.0, 1.0, 0.0, 2.0, 2.0, 3.0, 7.0, 11.0, 35.0, 48.0, 114.0, 432.0, 2396.0, 4270.0, 1440.0, 205.0, 108.0, 55.0, 24.0, 13.0, 16.0, 12.0, 3.0, 3.0, 1.0, 2.0, 2.0, 2.0, 1.0, 2.0]",3.4153172969818115,-3.180877447128296
326,/features/features.15/Add,Add,False,False,True,/features/features.15/Add_output_0,0.532077968120575,-0.004359642509371042,0.32391202449798584,-6.098764419555664,128.01220703125,"[1.0, 1.0, 2.0, 1.0, 0.0, 3.0, 0.0, 1.0, 4.0, 8.0, 3.0, 4.0, 2.0, 8.0, 8.0, 9.0, 11.0, 21.0, 66.0, 1628.0, 7183.0, 144.0, 58.0, 14.0, 7.0, 6.0, 4.0, 9.0, 3.0, 3.0, 2.0, 2.0]",3.9001457691192627,-6.645564079284668,-0.007578777149319649,0.2779584228992462,0.03279029577970505,5.024147987365723,"[1.0, 2.0, 7.0, 13.0, 8.0, 5.0, 19.0, 36.0, 26.0, 70.0, 191.0, 141.0, 456.0, 582.0, 2161.0, 2040.0, 1175.0, 1379.0, 422.0, 156.0, 117.0, 106.0, 21.0, 18.0, 25.0, 9.0, 4.0, 6.0, 13.0, 1.0, 2.0, 4.0]",1.7931126356124878,-1.707726240158081,-0.0032191320788115263,0.4440862536430359,2.3277642726898193,42.23431396484375,"[3.0, 2.0, 9.0, 7.0, 10.0, 1.0, 8.0, 14.0, 42.0, 143.0, 501.0, 3027.0, 4338.0, 822.0, 131.0, 69.0, 28.0, 17.0, 6.0, 5.0, 2.0, 2.0, 11.0, 3.0, 3.0, 4.0, 1.0, 2.0, 1.0, 2.0, 0.0, 2.0]",6.474791526794434,-3.9777774810791016
327,/features/features.16/conv/conv.0/conv.0.0/Conv,Conv,False,True,False,/features/features.15/Add_output_0,0.532077968120575,-0.004359642509371042,0.32391202449798584,-6.098764419555664,128.01220703125,"[1.0, 1.0, 2.0, 1.0, 0.0, 3.0, 0.0, 1.0, 4.0, 8.0, 3.0, 4.0, 2.0, 8.0, 8.0, 9.0, 11.0, 21.0, 66.0, 1628.0, 7183.0, 144.0, 58.0, 14.0, 7.0, 6.0, 4.0, 9.0, 3.0, 3.0, 2.0, 2.0]",3.9001457691192627,-6.645564079284668,-0.007578777149319649,0.2779584228992462,0.03279029577970505,5.024147987365723,"[1.0, 2.0, 7.0, 13.0, 8.0, 5.0, 19.0, 36.0, 26.0, 70.0, 191.0, 141.0, 456.0, 582.0, 2161.0, 2040.0, 1175.0, 1379.0, 422.0, 156.0, 117.0, 106.0, 21.0, 18.0, 25.0, 9.0, 4.0, 6.0, 13.0, 1.0, 2.0, 4.0]",1.7931126356124878,-1.707726240158081,-0.0032191320788115263,0.4440862536430359,2.3277642726898193,42.23431396484375,"[3.0, 2.0, 9.0, 7.0, 10.0, 1.0, 8.0, 14.0, 42.0, 143.0, 501.0, 3027.0, 4338.0, 822.0, 131.0, 69.0, 28.0, 17.0, 6.0, 5.0, 2.0, 2.0, 11.0, 3.0, 3.0, 4.0, 1.0, 2.0, 1.0, 2.0, 0.0, 2.0]",6.474791526794434,-3.9777774810791016
328,/features/features.16/conv/conv.0/conv.0.0/Conv,Conv,True,True,False,onnx::Conv_673,4.5672237320104614e-05,1.3681918744623545e-06,0.00019280920969322324,0.05346086248755455,-0.81294846534729,"[18.0, 36.0, 18.0, 90.0, 108.0, 234.0, 297.0, 378.0, 414.0, 486.0, 468.0, 495.0, 468.0, 585.0, 486.0, 468.0, 585.0, 342.0, 468.0, 450.0, 450.0, 369.0, 396.0, 279.0, 351.0, 261.0, 126.0, 54.0, 0.0, 18.0, 9.0, 9.0]",0.0005358611815609038,-0.0004852898418903351,0.0004791362734977156,0.028536178171634674,0.1413896679878235,0.73172926902771,"[27.0, 9.0, 18.0, 54.0, 63.0, 144.0, 144.0, 252.0, 288.0, 432.0, 441.0, 657.0, 783.0, 909.0, 981.0, 972.0, 630.0, 576.0, 540.0, 414.0, 333.0, 144.0, 126.0, 45.0, 90.0, 45.0, 36.0, 18.0, 18.0, 0.0, 0.0, 27.0]",0.11220521479845047,-0.09106482565402985,0.0004777683352585882,0.028526708483695984,0.1437244713306427,0.7392697334289551,"[27.0, 9.0, 9.0, 63.0, 63.0, 144.0, 144.0, 252.0, 288.0, 432.0, 441.0, 657.0, 774.0, 891.0, 1026.0, 972.0, 630.0, 567.0, 558.0, 405.0, 315.0, 144.0, 135.0, 36.0, 99.0, 45.0, 27.0, 18.0, 18.0, 0.0, 0.0, 27.0]",0.11264696717262268,-0.09128814190626144
329,/features/features.16/conv/conv.0/conv.0.0/Conv,Conv,True,True,False,onnx::Conv_674,0.0,0.0,0.0,,,"[0.0, 0.0, 0.0, 0.0, 0.0, 0.0, 0.0, 0.0, 0.0, 0.0, 0.0, 0.0, 0.0, 0.0, 0.0, 0.0, 9216.0, 0.0, 0.0, 0.0, 0.0, 0.0, 0.0, 0.0, 0.0, 0.0, 0.0, 0.0, 0.0, 0.0, 0.0, 0.0]",0.0,0.0,0.0193018801510334,0.06717510521411896,0.521246612071991,-0.028311491012573242,"[18.0, 27.0, 54.0, 117.0, 81.0, 180.0, 441.0, 495.0, 693.0, 765.0, 882.0, 468.0, 576.0, 558.0, 639.0, 540.0, 432.0, 432.0, 387.0, 342.0, 261.0, 153.0, 162.0, 126.0, 81.0, 72.0, 135.0, 63.0, 9.0, 9.0, 0.0, 18.0]",0.2510695159435272,-0.14543713629245758,0.0193018801510334,0.06717510521411896,0.521246612071991,-0.028311491012573242,"[18.0, 27.0, 54.0, 117.0, 81.0, 180.0, 441.0, 495.0, 693.0, 765.0, 882.0, 468.0, 576.0, 558.0, 639.0, 540.0, 432.0, 432.0, 387.0, 342.0, 261.0, 153.0, 162.0, 126.0, 81.0, 72.0, 135.0, 63.0, 9.0, 9.0, 0.0, 18.0]",0.2510695159435272,-0.14543713629245758
330,/features/features.16/conv/conv.0/conv.0.0/Conv,Conv,False,False,True,/features/features.16/conv/conv.0/conv.0.0/Conv_output_0,0.2578296959400177,0.002143566496670246,0.08290969580411911,3.316065788269043,80.21261596679688,"[1.0, 5.0, 4.0, 3.0, 3.0, 6.0, 6.0, 8.0, 18.0, 19.0, 69.0, 301.0, 7121.0, 1402.0, 100.0, 49.0, 17.0, 17.0, 26.0, 13.0, 7.0, 6.0, 3.0, 3.0, 1.0, 1.0, 0.0, 1.0, 0.0, 2.0, 3.0, 1.0]",1.4601616859436035,-0.96462082862854,0.03440132364630699,0.13004453480243683,0.6074985265731812,3.8513216972351074,"[1.0, 0.0, 4.0, 5.0, 4.0, 5.0, 15.0, 20.0, 78.0, 120.0, 237.0, 540.0, 1113.0, 1720.0, 1661.0, 1271.0, 1021.0, 664.0, 376.0, 168.0, 68.0, 36.0, 28.0, 14.0, 11.0, 8.0, 6.0, 9.0, 1.0, 6.0, 1.0, 5.0]",0.9181085824966431,-0.710220456123352,0.03225775063037872,0.16011939942836761,-0.31352803111076355,10.545331954956055,"[2.0, 2.0, 0.0, 2.0, 1.0, 0.0, 0.0, 1.0, 0.0, 1.0, 6.0, 7.0, 17.0, 41.0, 46.0, 72.0, 179.0, 465.0, 1660.0, 2857.0, 2030.0, 1076.0, 440.0, 145.0, 63.0, 29.0, 29.0, 16.0, 9.0, 12.0, 7.0, 1.0]",1.0813937187194824,-1.6737631559371948
331,/features/features.16/conv/conv.0/conv.0.2/Clip,Clip,False,True,False,/features/features.16/conv/conv.0/conv.0.0/Conv_output_0,0.2578296959400177,0.002143566496670246,0.08290969580411911,3.316065788269043,80.21261596679688,"[1.0, 5.0, 4.0, 3.0, 3.0, 6.0, 6.0, 8.0, 18.0, 19.0, 69.0, 301.0, 7121.0, 1402.0, 100.0, 49.0, 17.0, 17.0, 26.0, 13.0, 7.0, 6.0, 3.0, 3.0, 1.0, 1.0, 0.0, 1.0, 0.0, 2.0, 3.0, 1.0]",1.4601616859436035,-0.96462082862854,0.03440132364630699,0.13004453480243683,0.6074985265731812,3.8513216972351074,"[1.0, 0.0, 4.0, 5.0, 4.0, 5.0, 15.0, 20.0, 78.0, 120.0, 237.0, 540.0, 1113.0, 1720.0, 1661.0, 1271.0, 1021.0, 664.0, 376.0, 168.0, 68.0, 36.0, 28.0, 14.0, 11.0, 8.0, 6.0, 9.0, 1.0, 6.0, 1.0, 5.0]",0.9181085824966431,-0.710220456123352,0.03225775063037872,0.16011939942836761,-0.31352803111076355,10.545331954956055,"[2.0, 2.0, 0.0, 2.0, 1.0, 0.0, 0.0, 1.0, 0.0, 1.0, 6.0, 7.0, 17.0, 41.0, 46.0, 72.0, 179.0, 465.0, 1660.0, 2857.0, 2030.0, 1076.0, 440.0, 145.0, 63.0, 29.0, 29.0, 16.0, 9.0, 12.0, 7.0, 1.0]",1.0813937187194824,-1.6737631559371948
332,/features/features.16/conv/conv.0/conv.0.2/Clip,Clip,True,True,False,/features/features.16/conv/conv.0/conv.0.2/Constant_output_0,0.0,0.0,0.0,,,"[0.0, 0.0, 0.0, 0.0, 0.0, 0.0, 0.0, 0.0, 0.0, 0.0, 0.0, 0.0, 0.0, 0.0, 0.0, 0.0, 9216.0, 0.0, 0.0, 0.0, 0.0, 0.0, 0.0, 0.0, 0.0, 0.0, 0.0, 0.0, 0.0, 0.0, 0.0, 0.0]",0.0,0.0,0.0,0.0,,,"[0.0, 0.0, 0.0, 0.0, 0.0, 0.0, 0.0, 0.0, 0.0, 0.0, 0.0, 0.0, 0.0, 0.0, 0.0, 0.0, 9216.0, 0.0, 0.0, 0.0, 0.0, 0.0, 0.0, 0.0, 0.0, 0.0, 0.0, 0.0, 0.0, 0.0, 0.0, 0.0]",0.0,0.0,0.0,0.0,,,"[0.0, 0.0, 0.0, 0.0, 0.0, 0.0, 0.0, 0.0, 0.0, 0.0, 0.0, 0.0, 0.0, 0.0, 0.0, 0.0, 9216.0, 0.0, 0.0, 0.0, 0.0, 0.0, 0.0, 0.0, 0.0, 0.0, 0.0, 0.0, 0.0, 0.0, 0.0, 0.0]",0.0,0.0
333,/features/features.16/conv/conv.0/conv.0.2/Clip,Clip,True,True,False,/features/features.16/conv/conv.0/conv.0.2/Constant_1_output_0,0.33982598781585693,-3.4976768493652344,9.537260439174133e-07,0.9998371601104736,-2.0002174377441406,"[0.0, 0.0, 0.0, 0.0, 0.0, 0.0, 0.0, 0.0, 0.0, 0.0, 0.0, 0.0, 0.0, 0.0, 0.0, 0.0, 9216.0, 0.0, 0.0, 0.0, 0.0, 0.0, 0.0, 0.0, 0.0, 0.0, 0.0, 0.0, 0.0, 0.0, 0.0, 0.0]",-3.497675895690918,-3.497675895690918,2.5023231506347656,9.537260439174133e-07,0.9998371601104736,-2.0002174377441406,"[0.0, 0.0, 0.0, 0.0, 0.0, 0.0, 0.0, 0.0, 0.0, 0.0, 0.0, 0.0, 0.0, 0.0, 0.0, 0.0, 9216.0, 0.0, 0.0, 0.0, 0.0, 0.0, 0.0, 0.0, 0.0, 0.0, 0.0, 0.0, 0.0, 0.0, 0.0, 0.0]",2.502324104309082,2.502324104309082,6.0,0.0,,,"[0.0, 0.0, 0.0, 0.0, 0.0, 0.0, 0.0, 0.0, 0.0, 0.0, 0.0, 0.0, 0.0, 0.0, 0.0, 0.0, 9216.0, 0.0, 0.0, 0.0, 0.0, 0.0, 0.0, 0.0, 0.0, 0.0, 0.0, 0.0, 0.0, 0.0, 0.0, 0.0]",6.0,6.0
334,/features/features.16/conv/conv.0/conv.0.2/Clip,Clip,False,False,True,/features/features.16/conv/conv.0/conv.0.2/Clip_output_0,0.1455175280570984,-0.0050635309889912605,0.04941461235284805,-8.363751411437988,113.33855438232422,"[4.0, 2.0, 3.0, 1.0, 0.0, 1.0, 0.0, 1.0, 5.0, 4.0, 5.0, 2.0, 2.0, 3.0, 7.0, 7.0, 6.0, 13.0, 11.0, 21.0, 25.0, 81.0, 219.0, 1346.0, 6788.0, 512.0, 80.0, 29.0, 21.0, 14.0, 2.0, 1.0]",0.2758467495441437,-0.8768594264984131,0.06606049835681915,0.09500017762184143,2.4860758781433105,10.60129451751709,"[4856.0, 556.0, 1052.0, 422.0, 810.0, 314.0, 487.0, 165.0, 240.0, 69.0, 72.0, 31.0, 38.0, 9.0, 28.0, 6.0, 5.0, 11.0, 4.0, 9.0, 1.0, 5.0, 4.0, 7.0, 3.0, 0.0, 2.0, 4.0, 0.0, 1.0, 4.0, 1.0]",0.926056981086731,0.0,0.07112402468919754,0.10907416045665741,2.8825905323028564,13.0330810546875,"[5013.0, 880.0, 839.0, 671.0, 507.0, 371.0, 313.0, 210.0, 91.0, 84.0, 49.0, 32.0, 25.0, 26.0, 14.0, 10.0, 13.0, 9.0, 12.0, 6.0, 8.0, 5.0, 0.0, 6.0, 5.0, 5.0, 4.0, 5.0, 2.0, 0.0, 0.0, 1.0]",1.0813937187194824,0.0
335,/features/features.16/conv/conv.1/conv.1.0/Conv,Conv,False,True,False,/features/features.16/conv/conv.0/conv.0.2/Clip_output_0,0.1455175280570984,-0.0050635309889912605,0.04941461235284805,-8.363751411437988,113.33855438232422,"[4.0, 2.0, 3.0, 1.0, 0.0, 1.0, 0.0, 1.0, 5.0, 4.0, 5.0, 2.0, 2.0, 3.0, 7.0, 7.0, 6.0, 13.0, 11.0, 21.0, 25.0, 81.0, 219.0, 1346.0, 6788.0, 512.0, 80.0, 29.0, 21.0, 14.0, 2.0, 1.0]",0.2758467495441437,-0.8768594264984131,0.06606049835681915,0.09500017762184143,2.4860758781433105,10.60129451751709,"[4856.0, 556.0, 1052.0, 422.0, 810.0, 314.0, 487.0, 165.0, 240.0, 69.0, 72.0, 31.0, 38.0, 9.0, 28.0, 6.0, 5.0, 11.0, 4.0, 9.0, 1.0, 5.0, 4.0, 7.0, 3.0, 0.0, 2.0, 4.0, 0.0, 1.0, 4.0, 1.0]",0.926056981086731,0.0,0.07112402468919754,0.10907416045665741,2.8825905323028564,13.0330810546875,"[5013.0, 880.0, 839.0, 671.0, 507.0, 371.0, 313.0, 210.0, 91.0, 84.0, 49.0, 32.0, 25.0, 26.0, 14.0, 10.0, 13.0, 9.0, 12.0, 6.0, 8.0, 5.0, 0.0, 6.0, 5.0, 5.0, 4.0, 5.0, 2.0, 0.0, 0.0, 1.0]",1.0813937187194824,0.0
336,/features/features.16/conv/conv.1/conv.1.0/Conv,Conv,True,True,False,onnx::Conv_676,2.742108699749224e-05,-0.0005630166851915419,0.004121995996683836,-0.008835441432893276,3.827646255493164,"[9.0, 0.0, 0.0, 0.0, 0.0, 9.0, 9.0, 36.0, 27.0, 63.0, 81.0, 198.0, 486.0, 711.0, 684.0, 1485.0, 1701.0, 1719.0, 792.0, 567.0, 297.0, 189.0, 45.0, 54.0, 9.0, 18.0, 0.0, 0.0, 0.0, 9.0, 9.0, 9.0]",0.022951960563659668,-0.025154829025268555,0.12994253635406494,0.7829535603523254,0.4475175142288208,4.431339740753174,"[9.0, 0.0, 0.0, 0.0, 0.0, 0.0, 0.0, 0.0, 27.0, 9.0, 9.0, 27.0, 54.0, 135.0, 171.0, 837.0, 2754.0, 1359.0, 1179.0, 891.0, 657.0, 441.0, 315.0, 144.0, 81.0, 63.0, 9.0, 18.0, 0.0, 9.0, 9.0, 9.0]",4.38537073135376,-5.335025310516357,0.13050557672977448,0.7836803793907166,0.45431390404701233,4.469388961791992,"[9.0, 0.0, 0.0, 0.0, 0.0, 0.0, 0.0, 0.0, 27.0, 9.0, 9.0, 27.0, 54.0, 126.0, 180.0, 819.0, 2772.0, 1368.0, 1179.0, 909.0, 639.0, 432.0, 315.0, 144.0, 81.0, 72.0, 0.0, 18.0, 0.0, 9.0, 9.0, 9.0]",4.4026360511779785,-5.356029033660889
337,/features/features.16/conv/conv.1/conv.1.0/Conv,Conv,True,True,False,onnx::Conv_677,0.0,0.0,0.0,,,"[0.0, 0.0, 0.0, 0.0, 0.0, 0.0, 0.0, 0.0, 0.0, 0.0, 0.0, 0.0, 0.0, 0.0, 0.0, 0.0, 9216.0, 0.0, 0.0, 0.0, 0.0, 0.0, 0.0, 0.0, 0.0, 0.0, 0.0, 0.0, 0.0, 0.0, 0.0, 0.0]",0.0,0.0,0.04958778992295265,0.23180623352527618,0.44821876287460327,0.5248968601226807,"[9.0, 0.0, 0.0, 27.0, 9.0, 0.0, 54.0, 63.0, 162.0, 108.0, 630.0, 648.0, 1107.0, 1269.0, 1242.0, 234.0, 198.0, 63.0, 1377.0, 963.0, 396.0, 225.0, 72.0, 108.0, 36.0, 63.0, 36.0, 27.0, 54.0, 27.0, 0.0, 9.0]",0.9664486646652222,-0.809831976890564,0.04958778992295265,0.23180623352527618,0.44821876287460327,0.5248968601226807,"[9.0, 0.0, 0.0, 27.0, 9.0, 0.0, 54.0, 63.0, 162.0, 108.0, 630.0, 648.0, 1107.0, 1269.0, 1242.0, 234.0, 198.0, 63.0, 1377.0, 963.0, 396.0, 225.0, 72.0, 108.0, 36.0, 63.0, 36.0, 27.0, 54.0, 27.0, 0.0, 9.0]",0.9664486646652222,-0.809831976890564
338,/features/features.16/conv/conv.1/conv.1.0/Conv,Conv,False,False,True,/features/features.16/conv/conv.1/conv.1.0/Conv_output_0,0.2661171555519104,-0.004681229591369629,0.14723831415176392,2.354088306427002,109.3084716796875,"[2.0, 2.0, 1.0, 1.0, 0.0, 1.0, 1.0, 1.0, 1.0, 5.0, 9.0, 21.0, 19.0, 67.0, 177.0, 3268.0, 5434.0, 119.0, 32.0, 10.0, 11.0, 4.0, 3.0, 3.0, 6.0, 0.0, 6.0, 3.0, 1.0, 1.0, 5.0, 2.0]",2.428318977355957,-2.44010066986084,0.06349625438451767,0.21933625638484955,0.9648779630661011,5.350557327270508,"[7.0, 2.0, 4.0, 8.0, 25.0, 50.0, 74.0, 154.0, 616.0, 1302.0, 1873.0, 1504.0, 1349.0, 1277.0, 387.0, 248.0, 108.0, 71.0, 51.0, 40.0, 29.0, 13.0, 6.0, 6.0, 1.0, 1.0, 2.0, 1.0, 2.0, 2.0, 2.0, 1.0]",1.9260025024414062,-0.9884246587753296,0.0681774839758873,0.27730536460876465,0.8174682259559631,17.360795974731445,"[6.0, 0.0, 1.0, 2.0, 2.0, 5.0, 9.0, 1.0, 16.0, 14.0, 59.0, 143.0, 561.0, 2669.0, 2881.0, 1989.0, 459.0, 179.0, 105.0, 54.0, 22.0, 9.0, 7.0, 7.0, 2.0, 4.0, 1.0, 4.0, 0.0, 1.0, 1.0, 3.0]",3.1037397384643555,-2.434077501296997
339,/features/features.16/conv/conv.1/conv.1.2/Clip,Clip,False,True,False,/features/features.16/conv/conv.1/conv.1.0/Conv_output_0,0.2661171555519104,-0.004681229591369629,0.14723831415176392,2.354088306427002,109.3084716796875,"[2.0, 2.0, 1.0, 1.0, 0.0, 1.0, 1.0, 1.0, 1.0, 5.0, 9.0, 21.0, 19.0, 67.0, 177.0, 3268.0, 5434.0, 119.0, 32.0, 10.0, 11.0, 4.0, 3.0, 3.0, 6.0, 0.0, 6.0, 3.0, 1.0, 1.0, 5.0, 2.0]",2.428318977355957,-2.44010066986084,0.06349625438451767,0.21933625638484955,0.9648779630661011,5.350557327270508,"[7.0, 2.0, 4.0, 8.0, 25.0, 50.0, 74.0, 154.0, 616.0, 1302.0, 1873.0, 1504.0, 1349.0, 1277.0, 387.0, 248.0, 108.0, 71.0, 51.0, 40.0, 29.0, 13.0, 6.0, 6.0, 1.0, 1.0, 2.0, 1.0, 2.0, 2.0, 2.0, 1.0]",1.9260025024414062,-0.9884246587753296,0.0681774839758873,0.27730536460876465,0.8174682259559631,17.360795974731445,"[6.0, 0.0, 1.0, 2.0, 2.0, 5.0, 9.0, 1.0, 16.0, 14.0, 59.0, 143.0, 561.0, 2669.0, 2881.0, 1989.0, 459.0, 179.0, 105.0, 54.0, 22.0, 9.0, 7.0, 7.0, 2.0, 4.0, 1.0, 4.0, 0.0, 1.0, 1.0, 3.0]",3.1037397384643555,-2.434077501296997
340,/features/features.16/conv/conv.1/conv.1.2/Clip,Clip,True,True,False,/features/features.16/conv/conv.1/conv.1.2/Constant_output_0,0.0,0.0,0.0,,,"[0.0, 0.0, 0.0, 0.0, 0.0, 0.0, 0.0, 0.0, 0.0, 0.0, 0.0, 0.0, 0.0, 0.0, 0.0, 0.0, 9216.0, 0.0, 0.0, 0.0, 0.0, 0.0, 0.0, 0.0, 0.0, 0.0, 0.0, 0.0, 0.0, 0.0, 0.0, 0.0]",0.0,0.0,0.0,0.0,,,"[0.0, 0.0, 0.0, 0.0, 0.0, 0.0, 0.0, 0.0, 0.0, 0.0, 0.0, 0.0, 0.0, 0.0, 0.0, 0.0, 9216.0, 0.0, 0.0, 0.0, 0.0, 0.0, 0.0, 0.0, 0.0, 0.0, 0.0, 0.0, 0.0, 0.0, 0.0, 0.0]",0.0,0.0,0.0,0.0,,,"[0.0, 0.0, 0.0, 0.0, 0.0, 0.0, 0.0, 0.0, 0.0, 0.0, 0.0, 0.0, 0.0, 0.0, 0.0, 0.0, 9216.0, 0.0, 0.0, 0.0, 0.0, 0.0, 0.0, 0.0, 0.0, 0.0, 0.0, 0.0, 0.0, 0.0, 0.0, 0.0]",0.0,0.0
341,/features/features.16/conv/conv.1/conv.1.2/Clip,Clip,True,True,False,/features/features.16/conv/conv.1/conv.1.2/Constant_1_output_0,0.1746034175157547,-2.507134437561035,2.3843151097935333e-07,-0.9998371601104736,-2.0002174377441406,"[0.0, 0.0, 0.0, 0.0, 0.0, 0.0, 0.0, 0.0, 0.0, 0.0, 0.0, 0.0, 0.0, 0.0, 0.0, 0.0, 9216.0, 0.0, 0.0, 0.0, 0.0, 0.0, 0.0, 0.0, 0.0, 0.0, 0.0, 0.0, 0.0, 0.0, 0.0, 0.0]",-2.5071346759796143,-2.5071346759796143,3.492865800857544,4.768630219587067e-07,-0.9998371601104736,-2.0002174377441406,"[0.0, 0.0, 0.0, 0.0, 0.0, 0.0, 0.0, 0.0, 0.0, 0.0, 0.0, 0.0, 0.0, 0.0, 0.0, 9216.0, 0.0, 0.0, 0.0, 0.0, 0.0, 0.0, 0.0, 0.0, 0.0, 0.0, 0.0, 0.0, 0.0, 0.0, 0.0, 0.0]",3.4928653240203857,3.4928653240203857,6.0,0.0,,,"[0.0, 0.0, 0.0, 0.0, 0.0, 0.0, 0.0, 0.0, 0.0, 0.0, 0.0, 0.0, 0.0, 0.0, 0.0, 0.0, 9216.0, 0.0, 0.0, 0.0, 0.0, 0.0, 0.0, 0.0, 0.0, 0.0, 0.0, 0.0, 0.0, 0.0, 0.0, 0.0]",6.0,6.0
342,/features/features.16/conv/conv.1/conv.1.2/Clip,Clip,False,False,True,/features/features.16/conv/conv.1/conv.1.2/Clip_output_0,0.16902858018875122,-0.012851173058152199,0.0987844467163086,-10.563164710998535,190.441162109375,"[1.0, 1.0, 2.0, 0.0, 1.0, 0.0, 1.0, 0.0, 1.0, 0.0, 1.0, 0.0, 1.0, 0.0, 1.0, 2.0, 4.0, 7.0, 10.0, 13.0, 10.0, 23.0, 45.0, 55.0, 160.0, 925.0, 7568.0, 298.0, 64.0, 18.0, 3.0, 1.0]",0.5225546360015869,-2.4436707496643066,0.1136343851685524,0.16629371047019958,2.790882110595703,13.811441421508789,"[5076.0, 838.0, 775.0, 1081.0, 483.0, 358.0, 185.0, 114.0, 65.0, 40.0, 62.0, 28.0, 27.0, 19.0, 19.0, 14.0, 10.0, 3.0, 2.0, 5.0, 0.0, 2.0, 0.0, 1.0, 1.0, 1.0, 1.0, 1.0, 2.0, 0.0, 2.0, 1.0]",1.9252012968063354,0.0,0.12648554146289825,0.20666129887104034,4.26759147644043,34.25595474243164,"[5477.0, 1397.0, 1237.0, 408.0, 255.0, 131.0, 87.0, 70.0, 44.0, 34.0, 23.0, 13.0, 5.0, 5.0, 3.0, 4.0, 3.0, 5.0, 1.0, 1.0, 3.0, 1.0, 0.0, 4.0, 0.0, 0.0, 0.0, 1.0, 1.0, 0.0, 1.0, 2.0]",3.1037397384643555,0.0
343,/features/features.16/conv/conv.2/Conv,Conv,False,True,False,/features/features.16/conv/conv.1/conv.1.2/Clip_output_0,0.16902858018875122,-0.012851173058152199,0.0987844467163086,-10.563164710998535,190.441162109375,"[1.0, 1.0, 2.0, 0.0, 1.0, 0.0, 1.0, 0.0, 1.0, 0.0, 1.0, 0.0, 1.0, 0.0, 1.0, 2.0, 4.0, 7.0, 10.0, 13.0, 10.0, 23.0, 45.0, 55.0, 160.0, 925.0, 7568.0, 298.0, 64.0, 18.0, 3.0, 1.0]",0.5225546360015869,-2.4436707496643066,0.1136343851685524,0.16629371047019958,2.790882110595703,13.811441421508789,"[5076.0, 838.0, 775.0, 1081.0, 483.0, 358.0, 185.0, 114.0, 65.0, 40.0, 62.0, 28.0, 27.0, 19.0, 19.0, 14.0, 10.0, 3.0, 2.0, 5.0, 0.0, 2.0, 0.0, 1.0, 1.0, 1.0, 1.0, 1.0, 2.0, 0.0, 2.0, 1.0]",1.9252012968063354,0.0,0.12648554146289825,0.20666129887104034,4.26759147644043,34.25595474243164,"[5477.0, 1397.0, 1237.0, 408.0, 255.0, 131.0, 87.0, 70.0, 44.0, 34.0, 23.0, 13.0, 5.0, 5.0, 3.0, 4.0, 3.0, 5.0, 1.0, 1.0, 3.0, 1.0, 0.0, 4.0, 0.0, 0.0, 0.0, 1.0, 1.0, 0.0, 1.0, 2.0]",3.1037397384643555,0.0
344,/features/features.16/conv/conv.2/Conv,Conv,True,True,False,onnx::Conv_679,7.152073521865532e-05,-1.9086000975221395e-06,0.00077954021980986,0.0173945389688015,-0.9786093235015869,"[9.0, 9.0, 27.0, 63.0, 126.0, 216.0, 360.0, 441.0, 450.0, 360.0, 468.0, 468.0, 576.0, 576.0, 432.0, 297.0, 441.0, 504.0, 495.0, 369.0, 459.0, 441.0, 468.0, 495.0, 297.0, 234.0, 36.0, 72.0, 0.0, 9.0, 0.0, 18.0]",0.0021460875868797302,-0.00198499858379364,0.0040216087363660336,0.09210364520549774,-0.12257504463195801,0.3783907890319824,"[27.0, 9.0, 0.0, 45.0, 9.0, 45.0, 63.0, 108.0, 144.0, 243.0, 252.0, 351.0, 369.0, 585.0, 639.0, 711.0, 927.0, 729.0, 828.0, 792.0, 468.0, 558.0, 387.0, 243.0, 243.0, 171.0, 90.0, 72.0, 36.0, 27.0, 18.0, 27.0]",0.2904801070690155,-0.32396620512008667,0.004023517947643995,0.09208940714597702,-0.12129402160644531,0.37741589546203613,"[27.0, 9.0, 9.0, 36.0, 9.0, 45.0, 63.0, 117.0, 144.0, 252.0, 270.0, 324.0, 405.0, 585.0, 630.0, 720.0, 909.0, 747.0, 837.0, 774.0, 459.0, 558.0, 369.0, 234.0, 252.0, 162.0, 99.0, 63.0, 36.0, 36.0, 9.0, 27.0]",0.29162371158599854,-0.32270070910453796
345,/features/features.16/conv/conv.2/Conv,Conv,True,True,False,onnx::Conv_680,0.0,0.0,0.0,,,"[0.0, 0.0, 0.0, 0.0, 0.0, 0.0, 0.0, 0.0, 0.0, 0.0, 0.0, 0.0, 0.0, 0.0, 0.0, 0.0, 9216.0, 0.0, 0.0, 0.0, 0.0, 0.0, 0.0, 0.0, 0.0, 0.0, 0.0, 0.0, 0.0, 0.0, 0.0, 0.0]",0.0,0.0,0.010769633576273918,0.24202315509319305,0.2862878143787384,0.7905492782592773,"[234.0, 0.0, 126.0, 45.0, 513.0, 648.0, 414.0, 225.0, 342.0, 783.0, 576.0, 432.0, 729.0, 594.0, 882.0, 837.0, 585.0, 315.0, 180.0, 306.0, 126.0, 198.0, 0.0, 0.0, 0.0, 0.0, 0.0, 0.0, 0.0, 72.0, 0.0, 54.0]",0.9164474010467529,-0.530363917350769,0.010769633576273918,0.24202315509319305,0.2862878143787384,0.7905492782592773,"[234.0, 0.0, 126.0, 45.0, 513.0, 648.0, 414.0, 225.0, 342.0, 783.0, 576.0, 432.0, 729.0, 594.0, 882.0, 837.0, 585.0, 315.0, 180.0, 306.0, 126.0, 198.0, 0.0, 0.0, 0.0, 0.0, 0.0, 0.0, 0.0, 72.0, 0.0, 54.0]",0.9164474010467529,-0.530363917350769
346,/features/features.16/conv/conv.2/Conv,Conv,False,False,True,/features/features.16/conv/conv.2/Conv_output_0,0.4955393970012665,-0.02220827341079712,0.3977085053920746,-7.581408977508545,121.26454162597656,"[1.0, 3.0, 3.0, 2.0, 1.0, 1.0, 3.0, 1.0, 4.0, 3.0, 3.0, 4.0, 8.0, 7.0, 7.0, 5.0, 5.0, 24.0, 54.0, 93.0, 845.0, 7721.0, 305.0, 55.0, 25.0, 9.0, 7.0, 2.0, 1.0, 8.0, 4.0, 2.0]",3.676608085632324,-7.374241352081299,0.01648245006799698,0.3388236165046692,0.5643678903579712,3.55277681350708,"[1.0, 2.0, 0.0, 13.0, 11.0, 17.0, 63.0, 58.0, 96.0, 326.0, 238.0, 340.0, 1439.0, 1218.0, 1391.0, 1123.0, 1548.0, 424.0, 285.0, 293.0, 73.0, 57.0, 81.0, 22.0, 17.0, 24.0, 10.0, 9.0, 21.0, 7.0, 8.0, 1.0]",1.9638851881027222,-1.6223399639129639,0.0386907197535038,0.5645263195037842,3.9912054538726807,52.93266296386719,"[2.0, 3.0, 3.0, 0.0, 8.0, 1.0, 8.0, 20.0, 40.0, 198.0, 955.0, 4699.0, 2594.0, 402.0, 153.0, 52.0, 23.0, 7.0, 6.0, 8.0, 7.0, 0.0, 2.0, 5.0, 2.0, 4.0, 2.0, 3.0, 4.0, 2.0, 1.0, 2.0]",8.398877143859863,-4.872016429901123
347,/features/features.16/Add,Add,False,True,False,/features/features.15/Add_output_0,0.532077968120575,-0.004359642509371042,0.32391202449798584,-6.098764419555664,128.01220703125,"[1.0, 1.0, 2.0, 1.0, 0.0, 3.0, 0.0, 1.0, 4.0, 8.0, 3.0, 4.0, 2.0, 8.0, 8.0, 9.0, 11.0, 21.0, 66.0, 1628.0, 7183.0, 144.0, 58.0, 14.0, 7.0, 6.0, 4.0, 9.0, 3.0, 3.0, 2.0, 2.0]",3.9001457691192627,-6.645564079284668,-0.007578777149319649,0.2779584228992462,0.03279029577970505,5.024147987365723,"[1.0, 2.0, 7.0, 13.0, 8.0, 5.0, 19.0, 36.0, 26.0, 70.0, 191.0, 141.0, 456.0, 582.0, 2161.0, 2040.0, 1175.0, 1379.0, 422.0, 156.0, 117.0, 106.0, 21.0, 18.0, 25.0, 9.0, 4.0, 6.0, 13.0, 1.0, 2.0, 4.0]",1.7931126356124878,-1.707726240158081,-0.0032191320788115263,0.4440862536430359,2.3277642726898193,42.23431396484375,"[3.0, 2.0, 9.0, 7.0, 10.0, 1.0, 8.0, 14.0, 42.0, 143.0, 501.0, 3027.0, 4338.0, 822.0, 131.0, 69.0, 28.0, 17.0, 6.0, 5.0, 2.0, 2.0, 11.0, 3.0, 3.0, 4.0, 1.0, 2.0, 1.0, 2.0, 0.0, 2.0]",6.474791526794434,-3.9777774810791016
348,/features/features.16/Add,Add,False,True,False,/features/features.16/conv/conv.2/Conv_output_0,0.4955393970012665,-0.02220827341079712,0.3977085053920746,-7.581408977508545,121.26454162597656,"[1.0, 3.0, 3.0, 2.0, 1.0, 1.0, 3.0, 1.0, 4.0, 3.0, 3.0, 4.0, 8.0, 7.0, 7.0, 5.0, 5.0, 24.0, 54.0, 93.0, 845.0, 7721.0, 305.0, 55.0, 25.0, 9.0, 7.0, 2.0, 1.0, 8.0, 4.0, 2.0]",3.676608085632324,-7.374241352081299,0.01648245006799698,0.3388236165046692,0.5643678903579712,3.55277681350708,"[1.0, 2.0, 0.0, 13.0, 11.0, 17.0, 63.0, 58.0, 96.0, 326.0, 238.0, 340.0, 1439.0, 1218.0, 1391.0, 1123.0, 1548.0, 424.0, 285.0, 293.0, 73.0, 57.0, 81.0, 22.0, 17.0, 24.0, 10.0, 9.0, 21.0, 7.0, 8.0, 1.0]",1.9638851881027222,-1.6223399639129639,0.0386907197535038,0.5645263195037842,3.9912054538726807,52.93266296386719,"[2.0, 3.0, 3.0, 0.0, 8.0, 1.0, 8.0, 20.0, 40.0, 198.0, 955.0, 4699.0, 2594.0, 402.0, 153.0, 52.0, 23.0, 7.0, 6.0, 8.0, 7.0, 0.0, 2.0, 5.0, 2.0, 4.0, 2.0, 3.0, 4.0, 2.0, 1.0, 2.0]",8.398877143859863,-4.872016429901123
349,/features/features.16/Add,Add,False,False,True,/features/features.16/Add_output_0,0.6085014343261719,-0.025744136422872543,0.6373337507247925,-8.146407127380371,145.61212158203125,"[3.0, 4.0, 4.0, 3.0, 3.0, 3.0, 4.0, 3.0, 1.0, 6.0, 5.0, 5.0, 2.0, 5.0, 6.0, 3.0, 13.0, 71.0, 2727.0, 6196.0, 102.0, 17.0, 4.0, 7.0, 3.0, 1.0, 0.0, 2.0, 6.0, 4.0, 2.0, 1.0]",7.603414535522461,-11.248023986816406,0.009727450087666512,0.4327583611011505,0.1470016986131668,2.305973529815674,"[1.0, 1.0, 6.0, 10.0, 22.0, 12.0, 51.0, 73.0, 50.0, 155.0, 108.0, 422.0, 817.0, 623.0, 1598.0, 1058.0, 1808.0, 613.0, 820.0, 444.0, 114.0, 167.0, 46.0, 79.0, 38.0, 14.0, 25.0, 10.0, 19.0, 6.0, 3.0, 3.0]",2.1667232513427734,-2.0313029289245605,0.035471588373184204,0.8169229626655579,4.824979782104492,77.25653076171875,"[2.0, 2.0, 3.0, 1.0, 7.0, 0.0, 1.0, 2.0, 8.0, 6.0, 98.0, 434.0, 3879.0, 4186.0, 441.0, 66.0, 20.0, 14.0, 1.0, 0.0, 2.0, 9.0, 5.0, 4.0, 4.0, 3.0, 2.0, 6.0, 5.0, 2.0, 1.0, 2.0]",12.873065948486328,-8.806304931640625
350,/features/features.17/conv/conv.0/conv.0.0/Conv,Conv,False,True,False,/features/features.16/Add_output_0,0.6085014343261719,-0.025744136422872543,0.6373337507247925,-8.146407127380371,145.61212158203125,"[3.0, 4.0, 4.0, 3.0, 3.0, 3.0, 4.0, 3.0, 1.0, 6.0, 5.0, 5.0, 2.0, 5.0, 6.0, 3.0, 13.0, 71.0, 2727.0, 6196.0, 102.0, 17.0, 4.0, 7.0, 3.0, 1.0, 0.0, 2.0, 6.0, 4.0, 2.0, 1.0]",7.603414535522461,-11.248023986816406,0.009727450087666512,0.4327583611011505,0.1470016986131668,2.305973529815674,"[1.0, 1.0, 6.0, 10.0, 22.0, 12.0, 51.0, 73.0, 50.0, 155.0, 108.0, 422.0, 817.0, 623.0, 1598.0, 1058.0, 1808.0, 613.0, 820.0, 444.0, 114.0, 167.0, 46.0, 79.0, 38.0, 14.0, 25.0, 10.0, 19.0, 6.0, 3.0, 3.0]",2.1667232513427734,-2.0313029289245605,0.035471588373184204,0.8169229626655579,4.824979782104492,77.25653076171875,"[2.0, 2.0, 3.0, 1.0, 7.0, 0.0, 1.0, 2.0, 8.0, 6.0, 98.0, 434.0, 3879.0, 4186.0, 441.0, 66.0, 20.0, 14.0, 1.0, 0.0, 2.0, 9.0, 5.0, 4.0, 4.0, 3.0, 2.0, 6.0, 5.0, 2.0, 1.0, 2.0]",12.873065948486328,-8.806304931640625
351,/features/features.17/conv/conv.0/conv.0.0/Conv,Conv,True,True,False,onnx::Conv_682,4.1288752981927246e-05,-3.033631401194725e-06,9.707707795314491e-05,0.07415151596069336,-0.4445064067840576,"[18.0, 0.0, 36.0, 18.0, 63.0, 72.0, 99.0, 171.0, 351.0, 522.0, 693.0, 684.0, 441.0, 639.0, 522.0, 603.0, 522.0, 621.0, 495.0, 702.0, 549.0, 405.0, 333.0, 252.0, 153.0, 81.0, 63.0, 63.0, 18.0, 9.0, 9.0, 9.0]",0.0003086403012275696,-0.0002971440553665161,-2.3304051865125075e-05,0.015115812420845032,-0.052968475967645645,1.3998961448669434,"[9.0, 0.0, 9.0, 0.0, 0.0, 0.0, 9.0, 36.0, 45.0, 90.0, 171.0, 333.0, 414.0, 639.0, 864.0, 927.0, 1161.0, 1332.0, 1116.0, 666.0, 549.0, 378.0, 243.0, 90.0, 36.0, 45.0, 18.0, 9.0, 9.0, 0.0, 9.0, 9.0]",0.06908338516950607,-0.0760684534907341,-2.0270397726562805e-05,0.015115148387849331,-0.05308009311556816,1.3958001136779785,"[9.0, 0.0, 9.0, 0.0, 0.0, 0.0, 9.0, 36.0, 54.0, 81.0, 180.0, 333.0, 423.0, 630.0, 873.0, 909.0, 1143.0, 1341.0, 1116.0, 666.0, 567.0, 369.0, 234.0, 99.0, 36.0, 45.0, 18.0, 9.0, 9.0, 0.0, 9.0, 9.0]",0.0687747448682785,-0.07577130943536758
352,/features/features.17/conv/conv.0/conv.0.0/Conv,Conv,True,True,False,onnx::Conv_683,0.0,0.0,0.0,,,"[0.0, 0.0, 0.0, 0.0, 0.0, 0.0, 0.0, 0.0, 0.0, 0.0, 0.0, 0.0, 0.0, 0.0, 0.0, 0.0, 9216.0, 0.0, 0.0, 0.0, 0.0, 0.0, 0.0, 0.0, 0.0, 0.0, 0.0, 0.0, 0.0, 0.0, 0.0, 0.0]",0.0,0.0,-0.06065274029970169,0.06560803949832916,0.9291173219680786,0.6662037372589111,"[9.0, 0.0, 0.0, 0.0, 9.0, 27.0, 54.0, 81.0, 153.0, 594.0, 909.0, 2043.0, 1008.0, 432.0, 360.0, 594.0, 720.0, 504.0, 351.0, 198.0, 360.0, 198.0, 162.0, 153.0, 99.0, 45.0, 18.0, 81.0, 45.0, 0.0, 0.0, 9.0]",0.20451664924621582,-0.27454689145088196,-0.06065274029970169,0.06560803949832916,0.9291173219680786,0.6662037372589111,"[9.0, 0.0, 0.0, 0.0, 9.0, 27.0, 54.0, 81.0, 153.0, 594.0, 909.0, 2043.0, 1008.0, 432.0, 360.0, 594.0, 720.0, 504.0, 351.0, 198.0, 360.0, 198.0, 162.0, 153.0, 99.0, 45.0, 18.0, 81.0, 45.0, 0.0, 0.0, 9.0]",0.20451664924621582,-0.27454689145088196
353,/features/features.17/conv/conv.0/conv.0.0/Conv,Conv,False,False,True,/features/features.17/conv/conv.0/conv.0.0/Conv_output_0,0.6515759825706482,0.04504847899079323,0.3400624096393585,9.969966888427734,107.23625183105469,"[5.0, 4.0, 0.0, 0.0, 0.0, 135.0, 8849.0, 74.0, 16.0, 16.0, 13.0, 8.0, 2.0, 4.0, 4.0, 3.0, 6.0, 6.0, 4.0, 2.0, 11.0, 9.0, 10.0, 4.0, 5.0, 11.0, 6.0, 4.0, 4.0, 0.0, 0.0, 1.0]",5.328220844268799,-1.291149377822876,-0.0989365428686142,0.11112717539072037,-1.1289633512496948,4.999083518981934,"[3.0, 2.0, 1.0, 4.0, 4.0, 5.0, 9.0, 6.0, 9.0, 15.0, 12.0, 25.0, 24.0, 42.0, 82.0, 125.0, 207.0, 364.0, 545.0, 778.0, 1224.0, 1616.0, 1837.0, 1130.0, 501.0, 282.0, 180.0, 95.0, 52.0, 24.0, 10.0, 3.0]",0.30617427825927734,-0.9139730930328369,-0.14398503303527832,0.39982759952545166,-8.924691200256348,92.01332092285156,"[1.0, 1.0, 4.0, 5.0, 4.0, 8.0, 9.0, 6.0, 5.0, 10.0, 9.0, 5.0, 3.0, 6.0, 5.0, 3.0, 4.0, 2.0, 4.0, 7.0, 15.0, 13.0, 32.0, 98.0, 1509.0, 6748.0, 686.0, 5.0, 0.0, 1.0, 4.0, 4.0]",1.3935800790786743,-5.851031303405762
354,/features/features.17/conv/conv.0/conv.0.2/Clip,Clip,False,True,False,/features/features.17/conv/conv.0/conv.0.0/Conv_output_0,0.6515759825706482,0.04504847899079323,0.3400624096393585,9.969966888427734,107.23625183105469,"[5.0, 4.0, 0.0, 0.0, 0.0, 135.0, 8849.0, 74.0, 16.0, 16.0, 13.0, 8.0, 2.0, 4.0, 4.0, 3.0, 6.0, 6.0, 4.0, 2.0, 11.0, 9.0, 10.0, 4.0, 5.0, 11.0, 6.0, 4.0, 4.0, 0.0, 0.0, 1.0]",5.328220844268799,-1.291149377822876,-0.0989365428686142,0.11112717539072037,-1.1289633512496948,4.999083518981934,"[3.0, 2.0, 1.0, 4.0, 4.0, 5.0, 9.0, 6.0, 9.0, 15.0, 12.0, 25.0, 24.0, 42.0, 82.0, 125.0, 207.0, 364.0, 545.0, 778.0, 1224.0, 1616.0, 1837.0, 1130.0, 501.0, 282.0, 180.0, 95.0, 52.0, 24.0, 10.0, 3.0]",0.30617427825927734,-0.9139730930328369,-0.14398503303527832,0.39982759952545166,-8.924691200256348,92.01332092285156,"[1.0, 1.0, 4.0, 5.0, 4.0, 8.0, 9.0, 6.0, 5.0, 10.0, 9.0, 5.0, 3.0, 6.0, 5.0, 3.0, 4.0, 2.0, 4.0, 7.0, 15.0, 13.0, 32.0, 98.0, 1509.0, 6748.0, 686.0, 5.0, 0.0, 1.0, 4.0, 4.0]",1.3935800790786743,-5.851031303405762
355,/features/features.17/conv/conv.0/conv.0.2/Clip,Clip,True,True,False,/features/features.17/conv/conv.0/conv.0.2/Constant_output_0,0.0,0.0,0.0,,,"[0.0, 0.0, 0.0, 0.0, 0.0, 0.0, 0.0, 0.0, 0.0, 0.0, 0.0, 0.0, 0.0, 0.0, 0.0, 0.0, 9216.0, 0.0, 0.0, 0.0, 0.0, 0.0, 0.0, 0.0, 0.0, 0.0, 0.0, 0.0, 0.0, 0.0, 0.0, 0.0]",0.0,0.0,0.0,0.0,,,"[0.0, 0.0, 0.0, 0.0, 0.0, 0.0, 0.0, 0.0, 0.0, 0.0, 0.0, 0.0, 0.0, 0.0, 0.0, 0.0, 9216.0, 0.0, 0.0, 0.0, 0.0, 0.0, 0.0, 0.0, 0.0, 0.0, 0.0, 0.0, 0.0, 0.0, 0.0, 0.0]",0.0,0.0,0.0,0.0,,,"[0.0, 0.0, 0.0, 0.0, 0.0, 0.0, 0.0, 0.0, 0.0, 0.0, 0.0, 0.0, 0.0, 0.0, 0.0, 0.0, 9216.0, 0.0, 0.0, 0.0, 0.0, 0.0, 0.0, 0.0, 0.0, 0.0, 0.0, 0.0, 0.0, 0.0, 0.0, 0.0]",0.0,0.0
356,/features/features.17/conv/conv.0/conv.0.2/Clip,Clip,True,True,False,/features/features.17/conv/conv.0/conv.0.2/Constant_1_output_0,0.5042715668678284,-4.26072359085083,4.768630219587067e-07,-0.9998371601104736,-2.0002174377441406,"[0.0, 0.0, 0.0, 0.0, 0.0, 0.0, 0.0, 0.0, 0.0, 0.0, 0.0, 0.0, 0.0, 0.0, 0.0, 0.0, 9216.0, 0.0, 0.0, 0.0, 0.0, 0.0, 0.0, 0.0, 0.0, 0.0, 0.0, 0.0, 0.0, 0.0, 0.0, 0.0]",-4.260724067687988,-4.260724067687988,1.7392765283584595,3.576472806798847e-07,-0.9998371601104736,-2.0002174377441406,"[0.0, 0.0, 0.0, 0.0, 0.0, 0.0, 0.0, 0.0, 0.0, 0.0, 0.0, 0.0, 0.0, 0.0, 0.0, 0.0, 9216.0, 0.0, 0.0, 0.0, 0.0, 0.0, 0.0, 0.0, 0.0, 0.0, 0.0, 0.0, 0.0, 0.0, 0.0, 0.0]",1.7392761707305908,1.7392761707305908,6.0,0.0,,,"[0.0, 0.0, 0.0, 0.0, 0.0, 0.0, 0.0, 0.0, 0.0, 0.0, 0.0, 0.0, 0.0, 0.0, 0.0, 0.0, 9216.0, 0.0, 0.0, 0.0, 0.0, 0.0, 0.0, 0.0, 0.0, 0.0, 0.0, 0.0, 0.0, 0.0, 0.0, 0.0]",6.0,6.0
357,/features/features.17/conv/conv.0/conv.0.2/Clip,Clip,False,False,True,/features/features.17/conv/conv.0/conv.0.2/Clip_output_0,0.5634503960609436,-0.0010195622453466058,0.03456798940896988,-29.30691909790039,940.538330078125,"[1.0, 1.0, 0.0, 1.0, 2.0, 0.0, 0.0, 2.0, 1.0, 0.0, 1.0, 0.0, 0.0, 0.0, 0.0, 0.0, 0.0, 0.0, 0.0, 0.0, 0.0, 0.0, 0.0, 0.0, 0.0, 3.0, 9.0, 68.0, 8753.0, 355.0, 15.0, 4.0]",0.14704540371894836,-1.2977144718170166,0.007850603200495243,0.028466051444411278,4.693838119506836,25.346940994262695,"[8169.0, 197.0, 151.0, 0.0, 122.0, 97.0, 0.0, 105.0, 75.0, 0.0, 60.0, 59.0, 0.0, 38.0, 33.0, 0.0, 31.0, 20.0, 15.0, 0.0, 13.0, 4.0, 0.0, 10.0, 5.0, 0.0, 6.0, 3.0, 0.0, 1.0, 1.0, 1.0]",0.30129194259643555,0.0,0.008870165795087814,0.04520975425839424,17.14243507385254,429.5764465332031,"[8584.0, 312.0, 165.0, 102.0, 29.0, 10.0, 5.0, 0.0, 0.0, 0.0, 0.0, 0.0, 0.0, 0.0, 0.0, 0.0, 0.0, 0.0, 1.0, 0.0, 0.0, 1.0, 1.0, 0.0, 1.0, 0.0, 1.0, 1.0, 1.0, 0.0, 0.0, 2.0]",1.3935800790786743,0.0
358,/features/features.17/conv/conv.1/conv.1.0/Conv,Conv,False,True,False,/features/features.17/conv/conv.0/conv.0.2/Clip_output_0,0.5634503960609436,-0.0010195622453466058,0.03456798940896988,-29.30691909790039,940.538330078125,"[1.0, 1.0, 0.0, 1.0, 2.0, 0.0, 0.0, 2.0, 1.0, 0.0, 1.0, 0.0, 0.0, 0.0, 0.0, 0.0, 0.0, 0.0, 0.0, 0.0, 0.0, 0.0, 0.0, 0.0, 0.0, 3.0, 9.0, 68.0, 8753.0, 355.0, 15.0, 4.0]",0.14704540371894836,-1.2977144718170166,0.007850603200495243,0.028466051444411278,4.693838119506836,25.346940994262695,"[8169.0, 197.0, 151.0, 0.0, 122.0, 97.0, 0.0, 105.0, 75.0, 0.0, 60.0, 59.0, 0.0, 38.0, 33.0, 0.0, 31.0, 20.0, 15.0, 0.0, 13.0, 4.0, 0.0, 10.0, 5.0, 0.0, 6.0, 3.0, 0.0, 1.0, 1.0, 1.0]",0.30129194259643555,0.0,0.008870165795087814,0.04520975425839424,17.14243507385254,429.5764465332031,"[8584.0, 312.0, 165.0, 102.0, 29.0, 10.0, 5.0, 0.0, 0.0, 0.0, 0.0, 0.0, 0.0, 0.0, 0.0, 0.0, 0.0, 0.0, 1.0, 0.0, 0.0, 1.0, 1.0, 0.0, 1.0, 0.0, 1.0, 1.0, 1.0, 0.0, 0.0, 2.0]",1.3935800790786743,0.0
359,/features/features.17/conv/conv.1/conv.1.0/Conv,Conv,True,True,False,onnx::Conv_685,9.704047442937735e-06,-0.00038116349605843425,0.003307197242975235,-0.07352809607982635,-0.2522275447845459,"[18.0, 0.0, 0.0, 0.0, 0.0, 18.0, 27.0, 126.0, 234.0, 306.0, 261.0, 324.0, 297.0, 423.0, 423.0, 468.0, 720.0, 720.0, 693.0, 810.0, 711.0, 414.0, 630.0, 423.0, 243.0, 234.0, 252.0, 180.0, 108.0, 72.0, 27.0, 54.0]",0.008329629898071289,-0.011828422546386719,0.5226563215255737,0.9317137598991394,-0.19649940729141235,-1.0764912366867065,"[9.0, 0.0, 0.0, 9.0, 0.0, 0.0, 0.0, 0.0, 0.0, 0.0, 9.0, 153.0, 396.0, 648.0, 936.0, 1413.0, 306.0, 0.0, 0.0, 234.0, 351.0, 855.0, 1125.0, 864.0, 1017.0, 495.0, 261.0, 63.0, 45.0, 0.0, 9.0, 18.0]",3.004409074783325,-3.3735227584838867,0.5230374932289124,0.931926965713501,-0.194874107837677,-1.0764918327331543,"[9.0, 0.0, 0.0, 9.0, 0.0, 0.0, 0.0, 0.0, 0.0, 0.0, 9.0, 162.0, 423.0, 621.0, 1008.0, 1377.0, 261.0, 0.0, 0.0, 243.0, 351.0, 918.0, 1107.0, 864.0, 981.0, 531.0, 216.0, 54.0, 45.0, 0.0, 9.0, 18.0]",3.016237497329712,-3.366802930831909
360,/features/features.17/conv/conv.1/conv.1.0/Conv,Conv,True,True,False,onnx::Conv_686,0.0,0.0,0.0,,,"[0.0, 0.0, 0.0, 0.0, 0.0, 0.0, 0.0, 0.0, 0.0, 0.0, 0.0, 0.0, 0.0, 0.0, 0.0, 0.0, 9216.0, 0.0, 0.0, 0.0, 0.0, 0.0, 0.0, 0.0, 0.0, 0.0, 0.0, 0.0, 0.0, 0.0, 0.0, 0.0]",0.0,0.0,0.12971895933151245,0.1258888691663742,0.775195300579071,-0.6260294914245605,"[9.0, 0.0, 0.0, 0.0, 0.0, 0.0, 0.0, 18.0, 81.0, 4338.0, 873.0, 0.0, 0.0, 0.0, 0.0, 0.0, 279.0, 783.0, 612.0, 531.0, 459.0, 297.0, 189.0, 72.0, 153.0, 162.0, 99.0, 117.0, 90.0, 45.0, 0.0, 9.0]",0.5201660990715027,-0.18530744314193726,0.12971895933151245,0.1258888691663742,0.775195300579071,-0.6260294914245605,"[9.0, 0.0, 0.0, 0.0, 0.0, 0.0, 0.0, 18.0, 81.0, 4338.0, 873.0, 0.0, 0.0, 0.0, 0.0, 0.0, 279.0, 783.0, 612.0, 531.0, 459.0, 297.0, 189.0, 72.0, 153.0, 162.0, 99.0, 117.0, 90.0, 45.0, 0.0, 9.0]",0.5201660990715027,-0.18530744314193726
361,/features/features.17/conv/conv.1/conv.1.0/Conv,Conv,False,False,True,/features/features.17/conv/conv.1/conv.1.0/Conv_output_0,0.02103360742330551,0.0006570729892700911,0.022971203550696373,9.646286010742188,166.88827514648438,"[1.0, 0.0, 0.0, 1.0, 0.0, 0.0, 4.0, 6.0, 46.0, 172.0, 804.0, 7828.0, 232.0, 57.0, 13.0, 11.0, 7.0, 5.0, 3.0, 2.0, 4.0, 3.0, 4.0, 2.0, 2.0, 2.0, 3.0, 0.0, 1.0, 2.0, 0.0, 1.0]",0.5297985672950745,-0.28528907895088196,0.10593155771493912,0.11841630935668945,0.5145888924598694,3.709719657897949,"[1.0, 0.0, 0.0, 0.0, 1.0, 3.0, 1.0, 0.0, 0.0, 1.0, 1.0, 0.0, 1.0, 1.0, 2.0, 3.0, 4.0, 2.0, 7.0, 15.0, 46.0, 99.0, 3688.0, 1905.0, 244.0, 450.0, 1307.0, 581.0, 285.0, 254.0, 214.0, 100.0]",0.47526389360427856,-1.0945203304290771,0.10527448356151581,0.11842253804206848,0.5464203357696533,3.4174699783325195,"[2.0, 2.0, 0.0, 2.0, 1.0, 0.0, 0.0, 1.0, 0.0, 1.0, 0.0, 1.0, 3.0, 3.0, 3.0, 2.0, 0.0, 9.0, 39.0, 44.0, 81.0, 5171.0, 462.0, 190.0, 265.0, 1118.0, 731.0, 431.0, 169.0, 209.0, 183.0, 93.0]",0.47526389360427856,-0.9234474301338196
362,/features/features.17/conv/conv.1/conv.1.2/Clip,Clip,False,True,False,/features/features.17/conv/conv.1/conv.1.0/Conv_output_0,0.02103360742330551,0.0006570729892700911,0.022971203550696373,9.646286010742188,166.88827514648438,"[1.0, 0.0, 0.0, 1.0, 0.0, 0.0, 4.0, 6.0, 46.0, 172.0, 804.0, 7828.0, 232.0, 57.0, 13.0, 11.0, 7.0, 5.0, 3.0, 2.0, 4.0, 3.0, 4.0, 2.0, 2.0, 2.0, 3.0, 0.0, 1.0, 2.0, 0.0, 1.0]",0.5297985672950745,-0.28528907895088196,0.10593155771493912,0.11841630935668945,0.5145888924598694,3.709719657897949,"[1.0, 0.0, 0.0, 0.0, 1.0, 3.0, 1.0, 0.0, 0.0, 1.0, 1.0, 0.0, 1.0, 1.0, 2.0, 3.0, 4.0, 2.0, 7.0, 15.0, 46.0, 99.0, 3688.0, 1905.0, 244.0, 450.0, 1307.0, 581.0, 285.0, 254.0, 214.0, 100.0]",0.47526389360427856,-1.0945203304290771,0.10527448356151581,0.11842253804206848,0.5464203357696533,3.4174699783325195,"[2.0, 2.0, 0.0, 2.0, 1.0, 0.0, 0.0, 1.0, 0.0, 1.0, 0.0, 1.0, 3.0, 3.0, 3.0, 2.0, 0.0, 9.0, 39.0, 44.0, 81.0, 5171.0, 462.0, 190.0, 265.0, 1118.0, 731.0, 431.0, 169.0, 209.0, 183.0, 93.0]",0.47526389360427856,-0.9234474301338196
363,/features/features.17/conv/conv.1/conv.1.2/Clip,Clip,True,True,False,/features/features.17/conv/conv.1/conv.1.2/Constant_output_0,0.0,0.0,0.0,,,"[0.0, 0.0, 0.0, 0.0, 0.0, 0.0, 0.0, 0.0, 0.0, 0.0, 0.0, 0.0, 0.0, 0.0, 0.0, 0.0, 9216.0, 0.0, 0.0, 0.0, 0.0, 0.0, 0.0, 0.0, 0.0, 0.0, 0.0, 0.0, 0.0, 0.0, 0.0, 0.0]",0.0,0.0,0.0,0.0,,,"[0.0, 0.0, 0.0, 0.0, 0.0, 0.0, 0.0, 0.0, 0.0, 0.0, 0.0, 0.0, 0.0, 0.0, 0.0, 0.0, 9216.0, 0.0, 0.0, 0.0, 0.0, 0.0, 0.0, 0.0, 0.0, 0.0, 0.0, 0.0, 0.0, 0.0, 0.0, 0.0]",0.0,0.0,0.0,0.0,,,"[0.0, 0.0, 0.0, 0.0, 0.0, 0.0, 0.0, 0.0, 0.0, 0.0, 0.0, 0.0, 0.0, 0.0, 0.0, 0.0, 9216.0, 0.0, 0.0, 0.0, 0.0, 0.0, 0.0, 0.0, 0.0, 0.0, 0.0, 0.0, 0.0, 0.0, 0.0, 0.0]",0.0,0.0
364,/features/features.17/conv/conv.1/conv.1.2/Clip,Clip,True,True,False,/features/features.17/conv/conv.1/conv.1.2/Constant_1_output_0,0.8347483277320862,-5.481873035430908,9.537260439174133e-07,-0.9998371601104736,-2.0002174377441406,"[0.0, 0.0, 0.0, 0.0, 0.0, 0.0, 0.0, 0.0, 0.0, 0.0, 0.0, 0.0, 0.0, 0.0, 0.0, 0.0, 9216.0, 0.0, 0.0, 0.0, 0.0, 0.0, 0.0, 0.0, 0.0, 0.0, 0.0, 0.0, 0.0, 0.0, 0.0, 0.0]",-5.481873989105225,-5.481873989105225,0.5181261301040649,5.960787774483833e-08,0.9998371601104736,-2.0002174377441406,"[0.0, 0.0, 0.0, 0.0, 0.0, 0.0, 0.0, 0.0, 0.0, 0.0, 0.0, 0.0, 0.0, 0.0, 0.0, 0.0, 9216.0, 0.0, 0.0, 0.0, 0.0, 0.0, 0.0, 0.0, 0.0, 0.0, 0.0, 0.0, 0.0, 0.0, 0.0, 0.0]",0.5181261897087097,0.5181261897087097,6.0,0.0,,,"[0.0, 0.0, 0.0, 0.0, 0.0, 0.0, 0.0, 0.0, 0.0, 0.0, 0.0, 0.0, 0.0, 0.0, 0.0, 0.0, 9216.0, 0.0, 0.0, 0.0, 0.0, 0.0, 0.0, 0.0, 0.0, 0.0, 0.0, 0.0, 0.0, 0.0, 0.0, 0.0]",6.0,6.0
365,/features/features.17/conv/conv.1/conv.1.2/Clip,Clip,False,False,True,/features/features.17/conv/conv.1/conv.1.2/Clip_output_0,0.015711817890405655,0.0005926605663262308,0.019517920911312103,9.89185905456543,155.53411865234375,"[1.0, 3.0, 4.0, 14.0, 34.0, 120.0, 327.0, 4607.0, 3678.0, 243.0, 85.0, 30.0, 18.0, 5.0, 3.0, 5.0, 4.0, 4.0, 2.0, 6.0, 5.0, 1.0, 1.0, 1.0, 0.0, 0.0, 1.0, 1.0, 3.0, 3.0, 1.0, 6.0]",0.36309632658958435,-0.12087754160165787,0.1081957295536995,0.11254801601171494,1.1761667728424072,0.3271017074584961,"[295.0, 2068.0, 3144.0, 137.0, 93.0, 60.0, 77.0, 66.0, 89.0, 102.0, 77.0, 220.0, 397.0, 390.0, 393.0, 210.0, 275.0, 122.0, 148.0, 120.0, 102.0, 48.0, 98.0, 108.0, 58.0, 46.0, 46.0, 84.0, 52.0, 27.0, 18.0, 46.0]",0.4732491374015808,0.0,0.10760306566953659,0.11264417320489883,1.1896462440490723,0.3556201457977295,"[287.0, 1745.0, 3565.0, 111.0, 71.0, 74.0, 80.0, 57.0, 64.0, 71.0, 100.0, 211.0, 359.0, 476.0, 355.0, 250.0, 226.0, 152.0, 151.0, 104.0, 95.0, 36.0, 81.0, 126.0, 44.0, 49.0, 45.0, 90.0, 46.0, 43.0, 13.0, 39.0]",0.47526389360427856,0.0
366,/features/features.17/conv/conv.2/Conv,Conv,False,True,False,/features/features.17/conv/conv.1/conv.1.2/Clip_output_0,0.015711817890405655,0.0005926605663262308,0.019517920911312103,9.89185905456543,155.53411865234375,"[1.0, 3.0, 4.0, 14.0, 34.0, 120.0, 327.0, 4607.0, 3678.0, 243.0, 85.0, 30.0, 18.0, 5.0, 3.0, 5.0, 4.0, 4.0, 2.0, 6.0, 5.0, 1.0, 1.0, 1.0, 0.0, 0.0, 1.0, 1.0, 3.0, 3.0, 1.0, 6.0]",0.36309632658958435,-0.12087754160165787,0.1081957295536995,0.11254801601171494,1.1761667728424072,0.3271017074584961,"[295.0, 2068.0, 3144.0, 137.0, 93.0, 60.0, 77.0, 66.0, 89.0, 102.0, 77.0, 220.0, 397.0, 390.0, 393.0, 210.0, 275.0, 122.0, 148.0, 120.0, 102.0, 48.0, 98.0, 108.0, 58.0, 46.0, 46.0, 84.0, 52.0, 27.0, 18.0, 46.0]",0.4732491374015808,0.0,0.10760306566953659,0.11264417320489883,1.1896462440490723,0.3556201457977295,"[287.0, 1745.0, 3565.0, 111.0, 71.0, 74.0, 80.0, 57.0, 64.0, 71.0, 100.0, 211.0, 359.0, 476.0, 355.0, 250.0, 226.0, 152.0, 151.0, 104.0, 95.0, 36.0, 81.0, 126.0, 44.0, 49.0, 45.0, 90.0, 46.0, 43.0, 13.0, 39.0]",0.47526389360427856,0.0
367,/features/features.17/conv/conv.2/Conv,Conv,True,True,False,onnx::Conv_688,6.387125176843256e-05,9.84629696176853e-06,0.0009978797752410173,-0.03778693452477455,-1.1487963199615479,"[9.0, 18.0, 45.0, 99.0, 252.0, 324.0, 423.0, 423.0, 378.0, 261.0, 369.0, 315.0, 369.0, 369.0, 360.0, 405.0, 315.0, 387.0, 432.0, 324.0, 342.0, 297.0, 477.0, 396.0, 378.0, 405.0, 423.0, 270.0, 180.0, 126.0, 36.0, 9.0]",0.0021265000104904175,-0.0022333860397338867,0.0008147371117956936,0.12489653378725052,0.04830755665898323,-0.06351184844970703,"[9.0, 9.0, 0.0, 18.0, 36.0, 18.0, 18.0, 99.0, 153.0, 279.0, 216.0, 459.0, 612.0, 630.0, 603.0, 711.0, 675.0, 774.0, 693.0, 648.0, 549.0, 567.0, 351.0, 333.0, 243.0, 153.0, 144.0, 117.0, 27.0, 45.0, 9.0, 18.0]",0.3837779462337494,-0.43993958830833435,0.0008048899471759796,0.12486410140991211,0.048741526901721954,-0.06343674659729004,"[9.0, 9.0, 0.0, 18.0, 36.0, 18.0, 36.0, 90.0, 144.0, 279.0, 261.0, 450.0, 630.0, 603.0, 603.0, 702.0, 675.0, 882.0, 648.0, 603.0, 576.0, 531.0, 342.0, 324.0, 234.0, 153.0, 153.0, 108.0, 36.0, 36.0, 9.0, 18.0]",0.38505545258522034,-0.4382210671901703
368,/features/features.17/conv/conv.2/Conv,Conv,True,True,False,onnx::Conv_689,0.0,0.0,0.0,,,"[0.0, 0.0, 0.0, 0.0, 0.0, 0.0, 0.0, 0.0, 0.0, 0.0, 0.0, 0.0, 0.0, 0.0, 0.0, 0.0, 9216.0, 0.0, 0.0, 0.0, 0.0, 0.0, 0.0, 0.0, 0.0, 0.0, 0.0, 0.0, 0.0, 0.0, 0.0, 0.0]",0.0,0.0,0.027477959170937538,0.3373500108718872,0.2203902155160904,0.20310115814208984,"[27.0, 0.0, 0.0, 0.0, 0.0, 0.0, 36.0, 180.0, 261.0, 225.0, 432.0, 531.0, 513.0, 702.0, 531.0, 729.0, 558.0, 720.0, 666.0, 603.0, 684.0, 603.0, 387.0, 261.0, 225.0, 27.0, 45.0, 81.0, 63.0, 0.0, 27.0, 99.0]",1.057925820350647,-1.108826994895935,0.027477959170937538,0.3373500108718872,0.2203902155160904,0.20310115814208984,"[27.0, 0.0, 0.0, 0.0, 0.0, 0.0, 36.0, 180.0, 261.0, 225.0, 432.0, 531.0, 513.0, 702.0, 531.0, 729.0, 558.0, 720.0, 666.0, 603.0, 684.0, 603.0, 387.0, 261.0, 225.0, 27.0, 45.0, 81.0, 63.0, 0.0, 27.0, 99.0]",1.057925820350647,-1.108826994895935
369,/features/features.17/conv/conv.2/Conv,Conv,False,False,True,/features/features.17/conv/conv.2/Conv_output_0,0.12073653936386108,-0.002571395831182599,0.045541469007730484,-0.06647544354200363,0.6427061557769775,"[3.0, 1.0, 2.0, 5.0, 14.0, 20.0, 44.0, 61.0, 110.0, 168.0, 260.0, 359.0, 531.0, 754.0, 980.0, 1108.0, 1120.0, 1047.0, 864.0, 622.0, 432.0, 249.0, 179.0, 119.0, 87.0, 32.0, 26.0, 10.0, 4.0, 4.0, 0.0, 1.0]",0.20040924847126007,-0.20873279869556427,-0.01870843954384327,0.13624489307403564,-0.2115883231163025,0.8981246948242188,"[8.0, 9.0, 16.0, 24.0, 45.0, 47.0, 80.0, 96.0, 199.0, 267.0, 338.0, 528.0, 781.0, 989.0, 978.0, 1167.0, 1033.0, 781.0, 629.0, 455.0, 335.0, 158.0, 122.0, 45.0, 31.0, 26.0, 15.0, 3.0, 6.0, 3.0, 1.0, 1.0]",0.602740466594696,-0.569518506526947,-0.01613704301416874,0.1302783489227295,-0.1780373603105545,0.6757922172546387,"[3.0, 3.0, 9.0, 20.0, 32.0, 32.0, 42.0, 73.0, 118.0, 196.0, 293.0, 376.0, 383.0, 601.0, 850.0, 994.0, 1005.0, 1012.0, 897.0, 746.0, 514.0, 348.0, 247.0, 158.0, 108.0, 64.0, 34.0, 26.0, 17.0, 8.0, 5.0, 2.0]",0.49227362871170044,-0.5542634725570679
370,/features/features.18/features.18.0/Conv,Conv,False,True,False,/features/features.17/conv/conv.2/Conv_output_0,0.12073653936386108,-0.002571395831182599,0.045541469007730484,-0.06647544354200363,0.6427061557769775,"[3.0, 1.0, 2.0, 5.0, 14.0, 20.0, 44.0, 61.0, 110.0, 168.0, 260.0, 359.0, 531.0, 754.0, 980.0, 1108.0, 1120.0, 1047.0, 864.0, 622.0, 432.0, 249.0, 179.0, 119.0, 87.0, 32.0, 26.0, 10.0, 4.0, 4.0, 0.0, 1.0]",0.20040924847126007,-0.20873279869556427,-0.01870843954384327,0.13624489307403564,-0.2115883231163025,0.8981246948242188,"[8.0, 9.0, 16.0, 24.0, 45.0, 47.0, 80.0, 96.0, 199.0, 267.0, 338.0, 528.0, 781.0, 989.0, 978.0, 1167.0, 1033.0, 781.0, 629.0, 455.0, 335.0, 158.0, 122.0, 45.0, 31.0, 26.0, 15.0, 3.0, 6.0, 3.0, 1.0, 1.0]",0.602740466594696,-0.569518506526947,-0.01613704301416874,0.1302783489227295,-0.1780373603105545,0.6757922172546387,"[3.0, 3.0, 9.0, 20.0, 32.0, 32.0, 42.0, 73.0, 118.0, 196.0, 293.0, 376.0, 383.0, 601.0, 850.0, 994.0, 1005.0, 1012.0, 897.0, 746.0, 514.0, 348.0, 247.0, 158.0, 108.0, 64.0, 34.0, 26.0, 17.0, 8.0, 5.0, 2.0]",0.49227362871170044,-0.5542634725570679
371,/features/features.18/features.18.0/Conv,Conv,True,True,False,onnx::Conv_691,5.0618396926438436e-05,-0.00011370840365998447,0.0023806835524737835,0.09241703152656555,-1.0518866777420044,"[45.0, 27.0, 72.0, 162.0, 288.0, 342.0, 504.0, 405.0, 369.0, 333.0, 342.0, 396.0, 468.0, 369.0, 486.0, 405.0, 459.0, 351.0, 270.0, 279.0, 369.0, 369.0, 315.0, 306.0, 360.0, 387.0, 297.0, 234.0, 126.0, 36.0, 27.0, 18.0]",0.005362305790185928,-0.005189836025238037,-0.013782495632767677,0.33463555574417114,0.029110871255397797,-0.12662243843078613,"[9.0, 0.0, 0.0, 0.0, 9.0, 18.0, 36.0, 54.0, 99.0, 153.0, 333.0, 351.0, 441.0, 558.0, 594.0, 594.0, 756.0, 927.0, 576.0, 648.0, 810.0, 639.0, 468.0, 243.0, 369.0, 189.0, 135.0, 72.0, 45.0, 45.0, 27.0, 18.0]",1.0050426721572876,-1.2812795639038086,-0.013668788596987724,0.33471909165382385,0.03029029816389084,-0.12389755249023438,"[9.0, 0.0, 0.0, 0.0, 9.0, 18.0, 36.0, 54.0, 99.0, 153.0, 306.0, 360.0, 468.0, 549.0, 603.0, 612.0, 711.0, 945.0, 558.0, 639.0, 828.0, 639.0, 468.0, 261.0, 369.0, 189.0, 126.0, 81.0, 36.0, 45.0, 27.0, 18.0]",1.0089994668960571,-1.28632390499115
372,/features/features.18/features.18.0/Conv,Conv,True,True,False,onnx::Conv_692,0.0,0.0,0.0,,,"[0.0, 0.0, 0.0, 0.0, 0.0, 0.0, 0.0, 0.0, 0.0, 0.0, 0.0, 0.0, 0.0, 0.0, 0.0, 0.0, 9216.0, 0.0, 0.0, 0.0, 0.0, 0.0, 0.0, 0.0, 0.0, 0.0, 0.0, 0.0, 0.0, 0.0, 0.0, 0.0]",0.0,0.0,-0.1459469050168991,0.05513841286301613,1.011763572692871,3.1965885162353516,"[18.0, 45.0, 99.0, 207.0, 387.0, 315.0, 648.0, 837.0, 1476.0, 1035.0, 1080.0, 882.0, 549.0, 567.0, 297.0, 144.0, 216.0, 99.0, 90.0, 99.0, 18.0, 27.0, 18.0, 9.0, 0.0, 9.0, 18.0, 9.0, 0.0, 0.0, 0.0, 18.0]",0.17204123735427856,-0.2900390625,-0.1459469050168991,0.05513841286301613,1.011763572692871,3.1965885162353516,"[18.0, 45.0, 99.0, 207.0, 387.0, 315.0, 648.0, 837.0, 1476.0, 1035.0, 1080.0, 882.0, 549.0, 567.0, 297.0, 144.0, 216.0, 99.0, 90.0, 99.0, 18.0, 27.0, 18.0, 9.0, 0.0, 9.0, 18.0, 9.0, 0.0, 0.0, 0.0, 18.0]",0.17204123735427856,-0.2900390625
373,/features/features.18/features.18.0/Conv,Conv,False,False,True,/features/features.18/features.18.0/Conv_output_0,0.11318986862897873,-0.03750970587134361,0.28738757967948914,-0.07045704871416092,0.6575534343719482,"[5.0, 6.0, 8.0, 16.0, 28.0, 39.0, 79.0, 130.0, 180.0, 238.0, 370.0, 512.0, 691.0, 903.0, 1065.0, 1061.0, 986.0, 865.0, 663.0, 486.0, 331.0, 217.0, 152.0, 64.0, 54.0, 21.0, 21.0, 14.0, 5.0, 1.0, 3.0, 2.0]",1.2353960275650024,-1.201186180114746,-0.3055955469608307,0.8519222140312195,1.095202088356018,4.460755348205566,"[6.0, 9.0, 42.0, 62.0, 126.0, 279.0, 569.0, 1130.0, 1615.0, 1619.0, 1299.0, 839.0, 546.0, 357.0, 252.0, 196.0, 125.0, 56.0, 18.0, 22.0, 10.0, 11.0, 7.0, 2.0, 4.0, 4.0, 1.0, 2.0, 1.0, 1.0, 2.0, 4.0]",6.305174827575684,-3.223907470703125,-0.26808586716651917,0.8186739087104797,1.098549485206604,4.870023727416992,"[2.0, 4.0, 20.0, 43.0, 68.0, 140.0, 280.0, 618.0, 1248.0, 1717.0, 1747.0, 1167.0, 768.0, 505.0, 325.0, 194.0, 158.0, 90.0, 40.0, 24.0, 20.0, 10.0, 4.0, 3.0, 4.0, 6.0, 1.0, 1.0, 0.0, 2.0, 1.0, 6.0]",6.099094390869141,-3.404158115386963
374,/features/features.18/features.18.2/Clip,Clip,False,True,False,/features/features.18/features.18.0/Conv_output_0,0.11318986862897873,-0.03750970587134361,0.28738757967948914,-0.07045704871416092,0.6575534343719482,"[5.0, 6.0, 8.0, 16.0, 28.0, 39.0, 79.0, 130.0, 180.0, 238.0, 370.0, 512.0, 691.0, 903.0, 1065.0, 1061.0, 986.0, 865.0, 663.0, 486.0, 331.0, 217.0, 152.0, 64.0, 54.0, 21.0, 21.0, 14.0, 5.0, 1.0, 3.0, 2.0]",1.2353960275650024,-1.201186180114746,-0.3055955469608307,0.8519222140312195,1.095202088356018,4.460755348205566,"[6.0, 9.0, 42.0, 62.0, 126.0, 279.0, 569.0, 1130.0, 1615.0, 1619.0, 1299.0, 839.0, 546.0, 357.0, 252.0, 196.0, 125.0, 56.0, 18.0, 22.0, 10.0, 11.0, 7.0, 2.0, 4.0, 4.0, 1.0, 2.0, 1.0, 1.0, 2.0, 4.0]",6.305174827575684,-3.223907470703125,-0.26808586716651917,0.8186739087104797,1.098549485206604,4.870023727416992,"[2.0, 4.0, 20.0, 43.0, 68.0, 140.0, 280.0, 618.0, 1248.0, 1717.0, 1747.0, 1167.0, 768.0, 505.0, 325.0, 194.0, 158.0, 90.0, 40.0, 24.0, 20.0, 10.0, 4.0, 3.0, 4.0, 6.0, 1.0, 1.0, 0.0, 2.0, 1.0, 6.0]",6.099094390869141,-3.404158115386963
375,/features/features.18/features.18.2/Clip,Clip,True,True,False,/features/features.18/features.18.2/Constant_output_0,0.0,0.0,0.0,,,"[0.0, 0.0, 0.0, 0.0, 0.0, 0.0, 0.0, 0.0, 0.0, 0.0, 0.0, 0.0, 0.0, 0.0, 0.0, 0.0, 9216.0, 0.0, 0.0, 0.0, 0.0, 0.0, 0.0, 0.0, 0.0, 0.0, 0.0, 0.0, 0.0, 0.0, 0.0, 0.0]",0.0,0.0,0.0,0.0,,,"[0.0, 0.0, 0.0, 0.0, 0.0, 0.0, 0.0, 0.0, 0.0, 0.0, 0.0, 0.0, 0.0, 0.0, 0.0, 0.0, 9216.0, 0.0, 0.0, 0.0, 0.0, 0.0, 0.0, 0.0, 0.0, 0.0, 0.0, 0.0, 0.0, 0.0, 0.0, 0.0]",0.0,0.0,0.0,0.0,,,"[0.0, 0.0, 0.0, 0.0, 0.0, 0.0, 0.0, 0.0, 0.0, 0.0, 0.0, 0.0, 0.0, 0.0, 0.0, 0.0, 9216.0, 0.0, 0.0, 0.0, 0.0, 0.0, 0.0, 0.0, 0.0, 0.0, 0.0, 0.0, 0.0, 0.0, 0.0, 0.0]",0.0,0.0
376,/features/features.18/features.18.2/Clip,Clip,True,True,False,/features/features.18/features.18.2/Constant_1_output_0,0.0015538712032139301,-0.23651504516601562,0.0,,,"[0.0, 0.0, 0.0, 0.0, 0.0, 0.0, 0.0, 0.0, 0.0, 0.0, 0.0, 0.0, 0.0, 0.0, 0.0, 0.0, 9216.0, 0.0, 0.0, 0.0, 0.0, 0.0, 0.0, 0.0, 0.0, 0.0, 0.0, 0.0, 0.0, 0.0, 0.0, 0.0]",-0.23651504516601562,-0.23651504516601562,5.763485908508301,9.537260439174133e-07,-0.9998371601104736,-2.0002174377441406,"[0.0, 0.0, 0.0, 0.0, 0.0, 0.0, 0.0, 0.0, 0.0, 0.0, 0.0, 0.0, 0.0, 0.0, 0.0, 0.0, 9216.0, 0.0, 0.0, 0.0, 0.0, 0.0, 0.0, 0.0, 0.0, 0.0, 0.0, 0.0, 0.0, 0.0, 0.0, 0.0]",5.763484954833984,5.763484954833984,6.0,0.0,,,"[0.0, 0.0, 0.0, 0.0, 0.0, 0.0, 0.0, 0.0, 0.0, 0.0, 0.0, 0.0, 0.0, 0.0, 0.0, 0.0, 9216.0, 0.0, 0.0, 0.0, 0.0, 0.0, 0.0, 0.0, 0.0, 0.0, 0.0, 0.0, 0.0, 0.0, 0.0, 0.0]",6.0,6.0
377,/features/features.18/features.18.2/Clip,Clip,False,False,True,/features/features.18/features.18.2/Clip_output_0,0.0817783921957016,0.001851534005254507,0.15055933594703674,0.2168615460395813,8.331912994384766,"[3.0, 5.0, 9.0, 18.0, 24.0, 26.0, 54.0, 65.0, 117.0, 142.0, 195.0, 265.0, 338.0, 6497.0, 300.0, 313.0, 222.0, 212.0, 128.0, 96.0, 76.0, 36.0, 24.0, 12.0, 20.0, 9.0, 1.0, 3.0, 3.0, 1.0, 0.0, 2.0]",1.1872467994689941,-0.8974350094795227,0.20173123478889465,0.4964841902256012,4.133385181427002,25.696083068847656,"[7078.0, 495.0, 358.0, 299.0, 227.0, 155.0, 140.0, 129.0, 98.0, 79.0, 40.0, 32.0, 6.0, 17.0, 13.0, 8.0, 5.0, 7.0, 4.0, 5.0, 2.0, 0.0, 3.0, 3.0, 2.0, 1.0, 1.0, 0.0, 1.0, 1.0, 0.0, 7.0]",5.763484954833984,0.0,0.1998796910047531,0.4871090352535248,4.264804363250732,28.150312423706055,"[7129.0, 502.0, 395.0, 299.0, 227.0, 150.0, 123.0, 116.0, 77.0, 65.0, 31.0, 20.0, 17.0, 12.0, 14.0, 5.0, 7.0, 3.0, 2.0, 3.0, 1.0, 2.0, 5.0, 0.0, 2.0, 0.0, 0.0, 0.0, 1.0, 1.0, 2.0, 5.0]",6.0,0.0
378,/GlobalAveragePool,GlobalAveragePool,False,True,False,/features/features.18/features.18.2/Clip_output_0,0.0817783921957016,0.001851534005254507,0.15055933594703674,0.2168615460395813,8.331912994384766,"[3.0, 5.0, 9.0, 18.0, 24.0, 26.0, 54.0, 65.0, 117.0, 142.0, 195.0, 265.0, 338.0, 6497.0, 300.0, 313.0, 222.0, 212.0, 128.0, 96.0, 76.0, 36.0, 24.0, 12.0, 20.0, 9.0, 1.0, 3.0, 3.0, 1.0, 0.0, 2.0]",1.1872467994689941,-0.8974350094795227,0.20173123478889465,0.4964841902256012,4.133385181427002,25.696083068847656,"[7078.0, 495.0, 358.0, 299.0, 227.0, 155.0, 140.0, 129.0, 98.0, 79.0, 40.0, 32.0, 6.0, 17.0, 13.0, 8.0, 5.0, 7.0, 4.0, 5.0, 2.0, 0.0, 3.0, 3.0, 2.0, 1.0, 1.0, 0.0, 1.0, 1.0, 0.0, 7.0]",5.763484954833984,0.0,0.1998796910047531,0.4871090352535248,4.264804363250732,28.150312423706055,"[7129.0, 502.0, 395.0, 299.0, 227.0, 150.0, 123.0, 116.0, 77.0, 65.0, 31.0, 20.0, 17.0, 12.0, 14.0, 5.0, 7.0, 3.0, 2.0, 3.0, 1.0, 2.0, 5.0, 0.0, 2.0, 0.0, 0.0, 0.0, 1.0, 1.0, 2.0, 5.0]",6.0,0.0
379,/GlobalAveragePool,GlobalAveragePool,False,False,True,/GlobalAveragePool_output_0,0.03912009298801422,0.008086428046226501,0.0872223824262619,0.3734593391418457,4.887849807739258,"[2.0, 4.0, 2.0, 8.0, 13.0, 17.0, 35.0, 56.0, 55.0, 87.0, 138.0, 214.0, 323.0, 479.0, 1118.0, 4220.0, 888.0, 474.0, 325.0, 198.0, 172.0, 134.0, 81.0, 56.0, 45.0, 27.0, 21.0, 9.0, 6.0, 6.0, 2.0, 1.0]",0.5332740545272827,-0.48460662364959717,0.21871143579483032,0.4018063247203827,3.023472785949707,11.888721466064453,"[5731.0, 940.0, 558.0, 429.0, 317.0, 243.0, 203.0, 153.0, 134.0, 98.0, 78.0, 52.0, 56.0, 41.0, 40.0, 32.0, 28.0, 7.0, 6.0, 11.0, 17.0, 18.0, 10.0, 4.0, 1.0, 0.0, 0.0, 0.0, 0.0, 0.0, 1.0, 8.0]",3.576284646987915,0.0,0.21062500774860382,0.3895837962627411,3.0567615032196045,12.15943717956543,"[5944.0, 908.0, 533.0, 425.0, 284.0, 197.0, 161.0, 148.0, 145.0, 100.0, 72.0, 69.0, 42.0, 34.0, 27.0, 27.0, 17.0, 13.0, 13.0, 15.0, 22.0, 6.0, 3.0, 1.0, 1.0, 0.0, 0.0, 0.0, 0.0, 2.0, 3.0, 4.0]",3.6239969730377197,0.0
380,/classifier/classifier.1/Gemm,Gemm,False,True,False,/Flatten_output_0,0.03912009298801422,0.008086428046226501,0.0872223824262619,0.3734593391418457,4.887849807739258,"[2.0, 4.0, 2.0, 8.0, 13.0, 17.0, 35.0, 56.0, 55.0, 87.0, 138.0, 214.0, 323.0, 479.0, 1118.0, 4220.0, 888.0, 474.0, 325.0, 198.0, 172.0, 134.0, 81.0, 56.0, 45.0, 27.0, 21.0, 9.0, 6.0, 6.0, 2.0, 1.0]",0.5332740545272827,-0.48460662364959717,0.21871143579483032,0.4018063247203827,3.023472785949707,11.888721466064453,"[5731.0, 940.0, 558.0, 429.0, 317.0, 243.0, 203.0, 153.0, 134.0, 98.0, 78.0, 52.0, 56.0, 41.0, 40.0, 32.0, 28.0, 7.0, 6.0, 11.0, 17.0, 18.0, 10.0, 4.0, 1.0, 0.0, 0.0, 0.0, 0.0, 0.0, 1.0, 8.0]",3.576284646987915,0.0,0.21062500774860382,0.3895837962627411,3.0567615032196045,12.15943717956543,"[5944.0, 908.0, 533.0, 425.0, 284.0, 197.0, 161.0, 148.0, 145.0, 100.0, 72.0, 69.0, 42.0, 34.0, 27.0, 27.0, 17.0, 13.0, 13.0, 15.0, 22.0, 6.0, 3.0, 1.0, 1.0, 0.0, 0.0, 0.0, 0.0, 2.0, 3.0, 4.0]",3.6239969730377197,0.0
381,/classifier/classifier.1/Gemm,Gemm,True,True,False,classifier.1.weight,5.0915787142002955e-05,-5.503902116288373e-07,0.00041049864375963807,-0.06603828817605972,-0.9564731121063232,"[27.0, 9.0, 27.0, 54.0, 198.0, 171.0, 351.0, 405.0, 405.0, 441.0, 387.0, 342.0, 396.0, 531.0, 450.0, 378.0, 423.0, 495.0, 486.0, 441.0, 423.0, 468.0, 414.0, 432.0, 459.0, 270.0, 198.0, 63.0, 27.0, 18.0, 9.0, 18.0]",0.0010416097939014435,-0.0010244287550449371,0.002556013176217675,0.057477917522192,0.21862906217575073,-0.2592003345489502,"[9.0, 0.0, 9.0, 36.0, 54.0, 72.0, 108.0, 180.0, 324.0, 423.0, 585.0, 747.0, 675.0, 729.0, 720.0, 729.0, 612.0, 558.0, 567.0, 369.0, 459.0, 378.0, 225.0, 234.0, 153.0, 135.0, 63.0, 36.0, 18.0, 0.0, 0.0, 9.0]",0.20033223927021027,-0.17775869369506836,0.002556563587859273,0.05747203156352043,0.2204110324382782,-0.2572658061981201,"[9.0, 0.0, 9.0, 36.0, 63.0, 63.0, 117.0, 198.0, 333.0, 405.0, 612.0, 738.0, 684.0, 702.0, 729.0, 729.0, 639.0, 567.0, 540.0, 351.0, 504.0, 315.0, 243.0, 225.0, 153.0, 126.0, 63.0, 36.0, 18.0, 0.0, 0.0, 9.0]",0.20112095773220062,-0.17718704044818878
382,/classifier/classifier.1/Gemm,Gemm,True,True,False,classifier.1.bias,0.0,0.0,0.0,,,"[0.0, 0.0, 0.0, 0.0, 0.0, 0.0, 0.0, 0.0, 0.0, 0.0, 0.0, 0.0, 0.0, 0.0, 0.0, 0.0, 9216.0, 0.0, 0.0, 0.0, 0.0, 0.0, 0.0, 0.0, 0.0, 0.0, 0.0, 0.0, 0.0, 0.0, 0.0, 0.0]",0.0,0.0,0.0006975959404371679,0.03603013604879379,0.25681453943252563,0.37587451934814453,"[27.0, 54.0, 9.0, 54.0, 81.0, 153.0, 297.0, 423.0, 450.0, 954.0, 630.0, 747.0, 936.0, 657.0, 810.0, 774.0, 549.0, 405.0, 333.0, 252.0, 171.0, 234.0, 90.0, 54.0, 18.0, 36.0, 0.0, 0.0, 0.0, 0.0, 0.0, 18.0]",0.15510308742523193,-0.105044886469841,0.0006975959404371679,0.03603013604879379,0.25681453943252563,0.37587451934814453,"[27.0, 54.0, 9.0, 54.0, 81.0, 153.0, 297.0, 423.0, 450.0, 954.0, 630.0, 747.0, 936.0, 657.0, 810.0, 774.0, 549.0, 405.0, 333.0, 252.0, 171.0, 234.0, 90.0, 54.0, 18.0, 36.0, 0.0, 0.0, 0.0, 0.0, 0.0, 18.0]",0.15510308742523193,-0.105044886469841
383,/classifier/classifier.1/Gemm,Gemm,False,False,True,536,0.028555145487189293,0.003679225454106927,0.3149411380290985,0.2568291127681732,0.7668771743774414,"[1.0, 0.0, 1.0, 1.0, 4.0, 20.0, 49.0, 107.0, 169.0, 330.0, 515.0, 733.0, 945.0, 1069.0, 1189.0, 1137.0, 961.0, 734.0, 510.0, 306.0, 170.0, 107.0, 52.0, 39.0, 24.0, 25.0, 3.0, 5.0, 4.0, 2.0, 2.0, 2.0]",1.6832252740859985,-1.4046854972839355,0.07091013342142105,1.9066013097763062,-0.0008437533979304135,-0.30426645278930664,"[3.0, 10.0, 37.0, 84.0, 67.0, 95.0, 126.0, 162.0, 307.0, 407.0, 358.0, 571.0, 627.0, 615.0, 561.0, 519.0, 637.0, 651.0, 635.0, 672.0, 491.0, 334.0, 341.0, 285.0, 230.0, 166.0, 71.0, 49.0, 44.0, 26.0, 27.0, 8.0]",5.795773983001709,-5.613230228424072,0.06723090261220932,1.8626620769500732,-0.04181702807545662,-0.3496682643890381,"[5.0, 17.0, 38.0, 55.0, 77.0, 148.0, 106.0, 162.0, 310.0, 395.0, 412.0, 630.0, 535.0, 583.0, 563.0, 609.0, 567.0, 591.0, 686.0, 624.0, 551.0, 331.0, 350.0, 285.0, 252.0, 131.0, 66.0, 48.0, 37.0, 31.0, 14.0, 7.0]",5.688157558441162,-5.464470863342285
